INFO     | 2026-06-29 15:25:33,753 | Orchestrator | === [FASE 1] CARICAMENTO DATI LOCALI ===
INFO     | 2026-06-29 15:25:33,990 | Orchestrator | Righe valide: 446 | Job unici da elaborare: 167
INFO     | 2026-06-29 15:25:33,991 | Orchestrator | === [FASE 2] AVVIO AUTOMAZIONE SISTER ===
INFO     | 2026-06-29 15:26:36,650 | Orchestrator |  Finestra corretta agganciata: https://sister3.agenziaentrate.gov.it/Visure/SceltaLink.do?lista=IMM&codUfficio=LI
INFO     | 2026-06-29 15:26:36,665 | Orchestrator | [1/167] Elaborazione chiave: ROSIGNANO MARITTIMO_81_1145_NCT
INFO     | 2026-06-29 15:26:36,748 | SisterClient |    🎯 Form individuato nel Frame [0] (Tentativo radar 1/5). Verifica e iniezione dati...
INFO     | 2026-06-29 15:26:36,814 | SisterClient |    -> Cambio comune rilevato. Imposto: ROSIGNANO MARITTIMO...
ERROR    | 2026-06-29 15:27:30,946 | Orchestrator | Anomalia riscontrata sul record: La pagina di riepilogo con il codice di sicurezza non è comparsa (Timeout server).
INFO     | 2026-06-29 15:27:30,958 | SisterClient | 🔄 Avvio della procedura di ritorno alla maschera principale...
INFO     | 2026-06-29 15:27:31,055 | SisterClient |    -> [Passo 1] Clic su bottone 'Indietro' strutturale.
INFO     | 2026-06-29 15:27:33,744 | SisterClient | ✅ Maschera principale agganciata con successo. Pronto per il prossimo job.
INFO     | 2026-06-29 15:27:33,750 | Orchestrator |    ⏳ Pausa mimetica: attendo 4.06 secondi prima del prossimo record...
INFO     | 2026-06-29 15:27:37,841 | Orchestrator | [2/167] Elaborazione chiave: ROSIGNANO MARITTIMO_81_1148_NCT
INFO     | 2026-06-29 15:27:37,848 | SisterClient |    🎯 Form individuato nel Frame [0] (Tentativo radar 1/5). Verifica e iniezione dati...
INFO     | 2026-06-29 15:27:37,902 | SisterClient |    -> Comune 'ROSIGNANO MARITTIMO' già agganciato. Salto la selezione del dropdown.
ERROR    | 2026-06-29 15:28:29,276 | Orchestrator | Anomalia riscontrata sul record: La pagina di riepilogo con il codice di sicurezza non è comparsa (Timeout server).
INFO     | 2026-06-29 15:28:29,281 | SisterClient | 🔄 Avvio della procedura di ritorno alla maschera principale...
INFO     | 2026-06-29 15:28:29,303 | SisterClient |    -> [Passo 1] Clic su bottone 'Indietro' strutturale.
INFO     | 2026-06-29 15:28:31,750 | SisterClient | ✅ Maschera principale agganciata con successo. Pronto per il prossimo job.
INFO     | 2026-06-29 15:28:31,751 | Orchestrator |    ⏳ Pausa mimetica: attendo 4.61 secondi prima del prossimo record...
INFO     | 2026-06-29 15:28:36,375 | Orchestrator | [3/167] Elaborazione chiave: ROSIGNANO MARITTIMO_81_259_AA_NCT
INFO     | 2026-06-29 15:28:36,382 | SisterClient |    🎯 Form individuato nel Frame [0] (Tentativo radar 1/5). Verifica e iniezione dati...
INFO     | 2026-06-29 15:28:36,419 | SisterClient |    -> Comune 'ROSIGNANO MARITTIMO' già agganciato. Salto la selezione del dropdown.
INFO     | 2026-06-29 15:28:43,929 | SisterClient | 🤖 [GPT VISION] Codice analizzato per ROSIGNANO MARITTIMO FG 81 PART 259 -> Tentativo: 'mofinuto'
INFO     | 2026-06-29 15:28:45,131 | SisterClient |    ✅ Codice accettato al tentativo [1/2]!
INFO     | 2026-06-29 15:28:45,132 | CacheManager | Intercettazione del download per la visura: ROSIGNANO MARITTIMO_81_259_AA_NCT
INFO     | 2026-06-29 15:28:49,228 | Orchestrator | Visura scaricata ed inserita in cache.
INFO     | 2026-06-29 15:28:49,229 | SisterClient | 🔄 Avvio della procedura di ritorno alla maschera principale...
INFO     | 2026-06-29 15:28:49,267 | SisterClient |    -> [Passo 1] Clic su bottone 'Indietro' strutturale.
INFO     | 2026-06-29 15:28:51,577 | SisterClient |    -> [Passo 2] Clic su bottone 'Indietro' strutturale.
INFO     | 2026-06-29 15:28:53,900 | SisterClient | ✅ Maschera principale agganciata con successo. Pronto per il prossimo job.
INFO     | 2026-06-29 15:28:53,901 | Orchestrator |    ⏳ Pausa mimetica: attendo 3.48 secondi prima del prossimo record...
INFO     | 2026-06-29 15:28:57,394 | Orchestrator | [4/167] Elaborazione chiave: ROSIGNANO MARITTIMO_81_259_AB_NCT
INFO     | 2026-06-29 15:28:57,401 | SisterClient |    🎯 Form individuato nel Frame [0] (Tentativo radar 1/5). Verifica e iniezione dati...
INFO     | 2026-06-29 15:28:57,435 | SisterClient |    -> Comune 'ROSIGNANO MARITTIMO' già agganciato. Salto la selezione del dropdown.
INFO     | 2026-06-29 15:29:00,213 | SisterClient | 🤖 [GPT VISION] Codice analizzato per ROSIGNANO MARITTIMO FG 81 PART 259 -> Tentativo: 'lugibba'
INFO     | 2026-06-29 15:29:01,510 | SisterClient |    ✅ Codice accettato al tentativo [1/2]!
INFO     | 2026-06-29 15:29:01,512 | CacheManager | Intercettazione del download per la visura: ROSIGNANO MARITTIMO_81_259_AB_NCT
INFO     | 2026-06-29 15:29:05,385 | Orchestrator | Visura scaricata ed inserita in cache.
INFO     | 2026-06-29 15:29:05,386 | SisterClient | 🔄 Avvio della procedura di ritorno alla maschera principale...
INFO     | 2026-06-29 15:29:05,460 | SisterClient |    -> [Passo 1] Clic su bottone 'Indietro' strutturale.
INFO     | 2026-06-29 15:29:07,710 | SisterClient |    -> [Passo 2] Clic su bottone 'Indietro' strutturale.
INFO     | 2026-06-29 15:29:09,993 | SisterClient | ✅ Maschera principale agganciata con successo. Pronto per il prossimo job.
INFO     | 2026-06-29 15:29:09,994 | Orchestrator |    ⏳ Pausa mimetica: attendo 7.99 secondi prima del prossimo record...
INFO     | 2026-06-29 15:29:17,999 | Orchestrator | [5/167] Elaborazione chiave: ROSIGNANO MARITTIMO_81_262_NCT
INFO     | 2026-06-29 15:29:18,008 | SisterClient |    🎯 Form individuato nel Frame [0] (Tentativo radar 1/5). Verifica e iniezione dati...
INFO     | 2026-06-29 15:29:18,039 | SisterClient |    -> Comune 'ROSIGNANO MARITTIMO' già agganciato. Salto la selezione del dropdown.
INFO     | 2026-06-29 15:29:21,215 | SisterClient | 🤖 [GPT VISION] Codice analizzato per ROSIGNANO MARITTIMO FG 81 PART 262 -> Tentativo: 'billionauti'
WARNING  | 2026-06-29 15:29:22,270 | SisterClient |    ⚠️ Tentativo [1/2] fallito (Codice errato). Sister ha rigenerato l'immagine.
INFO     | 2026-06-29 15:29:24,197 | SisterClient | 🤖 [GPT VISION] Codice analizzato per ROSIGNANO MARITTIMO FG 81 PART 262 -> Tentativo: 'nogireva'
INFO     | 2026-06-29 15:29:25,297 | SisterClient |    ✅ Codice accettato al tentativo [2/2]!
INFO     | 2026-06-29 15:29:25,297 | CacheManager | Intercettazione del download per la visura: ROSIGNANO MARITTIMO_81_262_NCT
INFO     | 2026-06-29 15:29:29,558 | Orchestrator | Visura scaricata ed inserita in cache.
INFO     | 2026-06-29 15:29:29,559 | SisterClient | 🔄 Avvio della procedura di ritorno alla maschera principale...
INFO     | 2026-06-29 15:29:29,614 | SisterClient |    -> [Passo 1] Clic su bottone 'Indietro' strutturale.
INFO     | 2026-06-29 15:29:31,896 | SisterClient |    -> [Passo 2] Clic su bottone 'Indietro' strutturale.
INFO     | 2026-06-29 15:29:34,159 | SisterClient | ✅ Maschera principale agganciata con successo. Pronto per il prossimo job.
INFO     | 2026-06-29 15:29:34,160 | Orchestrator |    ⏳ Pausa mimetica: attendo 5.80 secondi prima del prossimo record...
INFO     | 2026-06-29 15:29:39,973 | Orchestrator | [6/167] Elaborazione chiave: ROSIGNANO MARITTIMO_81_1151_NCT
INFO     | 2026-06-29 15:29:39,981 | SisterClient |    🎯 Form individuato nel Frame [0] (Tentativo radar 1/5). Verifica e iniezione dati...
INFO     | 2026-06-29 15:29:40,012 | SisterClient |    -> Comune 'ROSIGNANO MARITTIMO' già agganciato. Salto la selezione del dropdown.
INFO     | 2026-06-29 15:29:42,066 | SisterClient | 🤖 [GPT VISION] Codice analizzato per ROSIGNANO MARITTIMO FG 81 PART 1151 -> Tentativo: 'zevolitre'
WARNING  | 2026-06-29 15:29:43,189 | SisterClient |    ⚠️ Tentativo [1/2] fallito (Codice errato). Sister ha rigenerato l'immagine.
INFO     | 2026-06-29 15:29:45,260 | SisterClient | 🤖 [GPT VISION] Codice analizzato per ROSIGNANO MARITTIMO FG 81 PART 1151 -> Tentativo: 'cocodibe'
WARNING  | 2026-06-29 15:29:46,253 | SisterClient |    ⚠️ Tentativo [2/2] fallito (Codice errato). Sister ha rigenerato l'immagine.
ERROR    | 2026-06-29 15:29:46,254 | SisterClient |    ❌ Falliti 2 tentativi di codice consecutivi per la particella 1151.
ERROR    | 2026-06-29 15:29:47,145 | Orchestrator | Anomalia riscontrata sul record: Codice di sicurezza errato per 2 volte consecutive. Record saltato.
INFO     | 2026-06-29 15:29:47,155 | SisterClient | 🔄 Avvio della procedura di ritorno alla maschera principale...
INFO     | 2026-06-29 15:29:47,176 | SisterClient | ✅ Maschera principale agganciata con successo. Pronto per il prossimo job.
INFO     | 2026-06-29 15:29:47,179 | Orchestrator |    ⏳ Pausa mimetica: attendo 7.54 secondi prima del prossimo record...
INFO     | 2026-06-29 15:29:54,737 | Orchestrator | [7/167] Elaborazione chiave: ROSIGNANO MARITTIMO_81_1154_NCT
INFO     | 2026-06-29 15:29:54,742 | SisterClient |    🎯 Form individuato nel Frame [0] (Tentativo radar 1/5). Verifica e iniezione dati...
INFO     | 2026-06-29 15:29:54,772 | SisterClient |    -> Comune 'ROSIGNANO MARITTIMO' già agganciato. Salto la selezione del dropdown.
INFO     | 2026-06-29 15:29:56,950 | SisterClient | 🤖 [GPT VISION] Codice analizzato per ROSIGNANO MARITTIMO FG 81 PART 1154 -> Tentativo: 'jotri'
WARNING  | 2026-06-29 15:29:58,134 | SisterClient |    ⚠️ Tentativo [1/2] fallito (Codice errato). Sister ha rigenerato l'immagine.
INFO     | 2026-06-29 15:30:00,242 | SisterClient | 🤖 [GPT VISION] Codice analizzato per ROSIGNANO MARITTIMO FG 81 PART 1154 -> Tentativo: 'bicrospi'
INFO     | 2026-06-29 15:30:02,106 | SisterClient |    ✅ Codice accettato al tentativo [2/2]!
INFO     | 2026-06-29 15:30:02,107 | CacheManager | Intercettazione del download per la visura: ROSIGNANO MARITTIMO_81_1154_NCT
INFO     | 2026-06-29 15:30:06,302 | Orchestrator | Visura scaricata ed inserita in cache.
INFO     | 2026-06-29 15:30:06,303 | SisterClient | 🔄 Avvio della procedura di ritorno alla maschera principale...
INFO     | 2026-06-29 15:30:06,359 | SisterClient |    -> [Passo 1] Clic su bottone 'Indietro' strutturale.
INFO     | 2026-06-29 15:30:08,848 | SisterClient |    -> [Passo 2] Clic su bottone 'Indietro' strutturale.
INFO     | 2026-06-29 15:30:11,225 | SisterClient | ✅ Maschera principale agganciata con successo. Pronto per il prossimo job.
INFO     | 2026-06-29 15:30:11,226 | Orchestrator |    ⏳ Pausa mimetica: attendo 7.67 secondi prima del prossimo record...
INFO     | 2026-06-29 15:30:18,906 | Orchestrator | [8/167] Elaborazione chiave: ROSIGNANO MARITTIMO_81_1157_NCT
INFO     | 2026-06-29 15:30:18,912 | SisterClient |    🎯 Form individuato nel Frame [0] (Tentativo radar 1/5). Verifica e iniezione dati...
INFO     | 2026-06-29 15:30:18,942 | SisterClient |    -> Comune 'ROSIGNANO MARITTIMO' già agganciato. Salto la selezione del dropdown.
INFO     | 2026-06-29 15:30:21,125 | SisterClient | 🤖 [GPT VISION] Codice analizzato per ROSIGNANO MARITTIMO FG 81 PART 1157 -> Tentativo: 'zumelmu'
INFO     | 2026-06-29 15:30:22,359 | SisterClient |    ✅ Codice accettato al tentativo [1/2]!
INFO     | 2026-06-29 15:30:22,360 | CacheManager | Intercettazione del download per la visura: ROSIGNANO MARITTIMO_81_1157_NCT
INFO     | 2026-06-29 15:30:26,143 | Orchestrator | Visura scaricata ed inserita in cache.
INFO     | 2026-06-29 15:30:26,144 | SisterClient | 🔄 Avvio della procedura di ritorno alla maschera principale...
INFO     | 2026-06-29 15:30:26,205 | SisterClient |    -> [Passo 1] Clic su bottone 'Indietro' strutturale.
INFO     | 2026-06-29 15:30:28,523 | SisterClient |    -> [Passo 2] Clic su bottone 'Indietro' strutturale.
INFO     | 2026-06-29 15:30:30,875 | SisterClient | ✅ Maschera principale agganciata con successo. Pronto per il prossimo job.
INFO     | 2026-06-29 15:30:30,876 | Orchestrator |    ⏳ Pausa mimetica: attendo 6.79 secondi prima del prossimo record...
INFO     | 2026-06-29 15:30:37,671 | Orchestrator | [9/167] Elaborazione chiave: ROSIGNANO MARITTIMO_81_1160_NCT
INFO     | 2026-06-29 15:30:37,678 | SisterClient |    🎯 Form individuato nel Frame [0] (Tentativo radar 1/5). Verifica e iniezione dati...
INFO     | 2026-06-29 15:30:37,715 | SisterClient |    -> Comune 'ROSIGNANO MARITTIMO' già agganciato. Salto la selezione del dropdown.
INFO     | 2026-06-29 15:30:40,067 | SisterClient | 🤖 [GPT VISION] Codice analizzato per ROSIGNANO MARITTIMO FG 81 PART 1160 -> Tentativo: 'blantri'
WARNING  | 2026-06-29 15:30:41,020 | SisterClient |    ⚠️ Tentativo [1/2] fallito (Codice errato). Sister ha rigenerato l'immagine.
INFO     | 2026-06-29 15:30:42,558 | SisterClient | 🤖 [GPT VISION] Codice analizzato per ROSIGNANO MARITTIMO FG 81 PART 1160 -> Tentativo: 'purte'
INFO     | 2026-06-29 15:30:44,311 | SisterClient |    ✅ Codice accettato al tentativo [2/2]!
INFO     | 2026-06-29 15:30:44,311 | CacheManager | Intercettazione del download per la visura: ROSIGNANO MARITTIMO_81_1160_NCT
INFO     | 2026-06-29 15:30:48,196 | Orchestrator | Visura scaricata ed inserita in cache.
INFO     | 2026-06-29 15:30:48,197 | SisterClient | 🔄 Avvio della procedura di ritorno alla maschera principale...
INFO     | 2026-06-29 15:30:48,271 | SisterClient |    -> [Passo 1] Clic su bottone 'Indietro' strutturale.
INFO     | 2026-06-29 15:30:50,505 | SisterClient |    -> [Passo 2] Clic su bottone 'Indietro' strutturale.
INFO     | 2026-06-29 15:30:52,757 | SisterClient | ✅ Maschera principale agganciata con successo. Pronto per il prossimo job.
INFO     | 2026-06-29 15:30:52,758 | Orchestrator |    ⏳ Pausa mimetica: attendo 3.78 secondi prima del prossimo record...
INFO     | 2026-06-29 15:30:56,559 | Orchestrator | [10/167] Elaborazione chiave: ROSIGNANO MARITTIMO_81_1165_NCT
INFO     | 2026-06-29 15:30:56,564 | SisterClient |    🎯 Form individuato nel Frame [0] (Tentativo radar 1/5). Verifica e iniezione dati...
INFO     | 2026-06-29 15:30:56,590 | SisterClient |    -> Comune 'ROSIGNANO MARITTIMO' già agganciato. Salto la selezione del dropdown.
INFO     | 2026-06-29 15:30:59,062 | SisterClient | 🤖 [GPT VISION] Codice analizzato per ROSIGNANO MARITTIMO FG 81 PART 1165 -> Tentativo: 'metracciu'
WARNING  | 2026-06-29 15:31:00,061 | SisterClient |    ⚠️ Tentativo [1/2] fallito (Codice errato). Sister ha rigenerato l'immagine.
INFO     | 2026-06-29 15:31:01,469 | SisterClient | 🤖 [GPT VISION] Codice analizzato per ROSIGNANO MARITTIMO FG 81 PART 1165 -> Tentativo: 'valodura'
INFO     | 2026-06-29 15:31:02,624 | SisterClient |    ✅ Codice accettato al tentativo [2/2]!
INFO     | 2026-06-29 15:31:02,625 | CacheManager | Intercettazione del download per la visura: ROSIGNANO MARITTIMO_81_1165_NCT
INFO     | 2026-06-29 15:31:06,488 | Orchestrator | Visura scaricata ed inserita in cache.
INFO     | 2026-06-29 15:31:06,490 | SisterClient | 🔄 Avvio della procedura di ritorno alla maschera principale...
INFO     | 2026-06-29 15:31:06,580 | SisterClient |    -> [Passo 1] Clic su bottone 'Indietro' strutturale.
INFO     | 2026-06-29 15:31:08,884 | SisterClient |    -> [Passo 2] Clic su bottone 'Indietro' strutturale.
INFO     | 2026-06-29 15:31:11,268 | SisterClient | ✅ Maschera principale agganciata con successo. Pronto per il prossimo job.
INFO     | 2026-06-29 15:31:11,269 | Orchestrator |    ⏳ Pausa mimetica: attendo 5.61 secondi prima del prossimo record...
INFO     | 2026-06-29 15:31:16,886 | Orchestrator | [11/167] Elaborazione chiave: ROSIGNANO MARITTIMO_86_717_NCT
INFO     | 2026-06-29 15:31:16,892 | SisterClient |    🎯 Form individuato nel Frame [0] (Tentativo radar 1/5). Verifica e iniezione dati...
INFO     | 2026-06-29 15:31:16,923 | SisterClient |    -> Comune 'ROSIGNANO MARITTIMO' già agganciato. Salto la selezione del dropdown.
INFO     | 2026-06-29 15:31:18,953 | SisterClient | 🤖 [GPT VISION] Codice analizzato per ROSIGNANO MARITTIMO FG 86 PART 717 -> Tentativo: 'non posso aiutarti con questo.'
WARNING  | 2026-06-29 15:31:19,999 | SisterClient |    ⚠️ Tentativo [1/2] fallito (Codice errato). Sister ha rigenerato l'immagine.
INFO     | 2026-06-29 15:31:21,437 | SisterClient | 🤖 [GPT VISION] Codice analizzato per ROSIGNANO MARITTIMO FG 86 PART 717 -> Tentativo: 'umante'
INFO     | 2026-06-29 15:31:22,507 | SisterClient |    ✅ Codice accettato al tentativo [2/2]!
INFO     | 2026-06-29 15:31:22,508 | CacheManager | Intercettazione del download per la visura: ROSIGNANO MARITTIMO_86_717_NCT
INFO     | 2026-06-29 15:31:26,291 | Orchestrator | Visura scaricata ed inserita in cache.
INFO     | 2026-06-29 15:31:26,292 | SisterClient | 🔄 Avvio della procedura di ritorno alla maschera principale...
INFO     | 2026-06-29 15:31:26,373 | SisterClient |    -> [Passo 1] Clic su bottone 'Indietro' strutturale.
INFO     | 2026-06-29 15:31:28,623 | SisterClient |    -> [Passo 2] Clic su bottone 'Indietro' strutturale.
INFO     | 2026-06-29 15:31:31,076 | SisterClient | ✅ Maschera principale agganciata con successo. Pronto per il prossimo job.
INFO     | 2026-06-29 15:31:31,077 | Orchestrator |    ⏳ Pausa mimetica: attendo 4.03 secondi prima del prossimo record...
INFO     | 2026-06-29 15:31:35,123 | Orchestrator | [12/167] Elaborazione chiave: ROSIGNANO MARITTIMO_86_709_NCT
INFO     | 2026-06-29 15:31:35,130 | SisterClient |    🎯 Form individuato nel Frame [0] (Tentativo radar 1/5). Verifica e iniezione dati...
INFO     | 2026-06-29 15:31:35,158 | SisterClient |    -> Comune 'ROSIGNANO MARITTIMO' già agganciato. Salto la selezione del dropdown.
INFO     | 2026-06-29 15:31:37,635 | SisterClient | 🤖 [GPT VISION] Codice analizzato per ROSIGNANO MARITTIMO FG 86 PART 709 -> Tentativo: 'vunustre'
INFO     | 2026-06-29 15:31:38,726 | SisterClient |    ✅ Codice accettato al tentativo [1/2]!
INFO     | 2026-06-29 15:31:38,727 | CacheManager | Intercettazione del download per la visura: ROSIGNANO MARITTIMO_86_709_NCT
INFO     | 2026-06-29 15:31:42,521 | Orchestrator | Visura scaricata ed inserita in cache.
INFO     | 2026-06-29 15:31:42,523 | SisterClient | 🔄 Avvio della procedura di ritorno alla maschera principale...
INFO     | 2026-06-29 15:31:42,618 | SisterClient |    -> [Passo 1] Clic su bottone 'Indietro' strutturale.
INFO     | 2026-06-29 15:31:44,849 | SisterClient |    -> [Passo 2] Clic su bottone 'Indietro' strutturale.
INFO     | 2026-06-29 15:31:47,139 | SisterClient | ✅ Maschera principale agganciata con successo. Pronto per il prossimo job.
INFO     | 2026-06-29 15:31:47,140 | Orchestrator |    ⏳ Pausa mimetica: attendo 4.26 secondi prima del prossimo record...
INFO     | 2026-06-29 15:31:51,416 | Orchestrator | [13/167] Elaborazione chiave: ROSIGNANO MARITTIMO_86_706_NCT
INFO     | 2026-06-29 15:31:51,422 | SisterClient |    🎯 Form individuato nel Frame [0] (Tentativo radar 1/5). Verifica e iniezione dati...
INFO     | 2026-06-29 15:31:51,452 | SisterClient |    -> Comune 'ROSIGNANO MARITTIMO' già agganciato. Salto la selezione del dropdown.
INFO     | 2026-06-29 15:31:53,715 | SisterClient | 🤖 [GPT VISION] Codice analizzato per ROSIGNANO MARITTIMO FG 86 PART 706 -> Tentativo: 'garvilo'
WARNING  | 2026-06-29 15:31:54,686 | SisterClient |    ⚠️ Tentativo [1/2] fallito (Codice errato). Sister ha rigenerato l'immagine.
INFO     | 2026-06-29 15:31:56,007 | SisterClient | 🤖 [GPT VISION] Codice analizzato per ROSIGNANO MARITTIMO FG 86 PART 706 -> Tentativo: 'sceenery'
WARNING  | 2026-06-29 15:31:57,119 | SisterClient |    ⚠️ Tentativo [2/2] fallito (Codice errato). Sister ha rigenerato l'immagine.
ERROR    | 2026-06-29 15:31:57,120 | SisterClient |    ❌ Falliti 2 tentativi di codice consecutivi per la particella 706.
ERROR    | 2026-06-29 15:31:58,088 | Orchestrator | Anomalia riscontrata sul record: Codice di sicurezza errato per 2 volte consecutive. Record saltato.
INFO     | 2026-06-29 15:31:58,101 | SisterClient | 🔄 Avvio della procedura di ritorno alla maschera principale...
INFO     | 2026-06-29 15:31:58,122 | SisterClient | ✅ Maschera principale agganciata con successo. Pronto per il prossimo job.
INFO     | 2026-06-29 15:31:58,123 | Orchestrator |    ⏳ Pausa mimetica: attendo 2.40 secondi prima del prossimo record...
INFO     | 2026-06-29 15:32:00,539 | Orchestrator | [14/167] Elaborazione chiave: ROSIGNANO MARITTIMO_86_799_NCT
INFO     | 2026-06-29 15:32:00,545 | SisterClient |    🎯 Form individuato nel Frame [0] (Tentativo radar 1/5). Verifica e iniezione dati...
INFO     | 2026-06-29 15:32:00,574 | SisterClient |    -> Comune 'ROSIGNANO MARITTIMO' già agganciato. Salto la selezione del dropdown.
INFO     | 2026-06-29 15:32:03,030 | SisterClient | 🤖 [GPT VISION] Codice analizzato per ROSIGNANO MARITTIMO FG 86 PART 799 -> Tentativo: 'darve'
INFO     | 2026-06-29 15:32:04,173 | SisterClient |    ✅ Codice accettato al tentativo [1/2]!
INFO     | 2026-06-29 15:32:04,174 | CacheManager | Intercettazione del download per la visura: ROSIGNANO MARITTIMO_86_799_NCT
INFO     | 2026-06-29 15:32:07,984 | Orchestrator | Visura scaricata ed inserita in cache.
INFO     | 2026-06-29 15:32:07,985 | SisterClient | 🔄 Avvio della procedura di ritorno alla maschera principale...
INFO     | 2026-06-29 15:32:08,078 | SisterClient |    -> [Passo 1] Clic su bottone 'Indietro' strutturale.
INFO     | 2026-06-29 15:32:10,297 | SisterClient |    -> [Passo 2] Clic su bottone 'Indietro' strutturale.
INFO     | 2026-06-29 15:32:12,618 | SisterClient | ✅ Maschera principale agganciata con successo. Pronto per il prossimo job.
INFO     | 2026-06-29 15:32:12,619 | Orchestrator |    ⏳ Pausa mimetica: attendo 5.42 secondi prima del prossimo record...
INFO     | 2026-06-29 15:32:18,039 | Orchestrator | [15/167] Elaborazione chiave: ROSIGNANO MARITTIMO_86_714_NCT
INFO     | 2026-06-29 15:32:18,048 | SisterClient |    🎯 Form individuato nel Frame [0] (Tentativo radar 1/5). Verifica e iniezione dati...
INFO     | 2026-06-29 15:32:18,078 | SisterClient |    -> Comune 'ROSIGNANO MARITTIMO' già agganciato. Salto la selezione del dropdown.
INFO     | 2026-06-29 15:32:19,911 | SisterClient | 🤖 [GPT VISION] Codice analizzato per ROSIGNANO MARITTIMO FG 86 PART 714 -> Tentativo: 'fabiffo'
INFO     | 2026-06-29 15:32:21,126 | SisterClient |    ✅ Codice accettato al tentativo [1/2]!
INFO     | 2026-06-29 15:32:21,127 | CacheManager | Intercettazione del download per la visura: ROSIGNANO MARITTIMO_86_714_NCT
INFO     | 2026-06-29 15:32:25,459 | Orchestrator | Visura scaricata ed inserita in cache.
INFO     | 2026-06-29 15:32:25,459 | SisterClient | 🔄 Avvio della procedura di ritorno alla maschera principale...
INFO     | 2026-06-29 15:32:25,558 | SisterClient |    -> [Passo 1] Clic su bottone 'Indietro' strutturale.
INFO     | 2026-06-29 15:32:27,884 | SisterClient |    -> [Passo 2] Clic su bottone 'Indietro' strutturale.
INFO     | 2026-06-29 15:32:30,295 | SisterClient | ✅ Maschera principale agganciata con successo. Pronto per il prossimo job.
INFO     | 2026-06-29 15:32:30,296 | Orchestrator |    ⏳ Pausa mimetica: attendo 4.10 secondi prima del prossimo record...
INFO     | 2026-06-29 15:32:34,408 | Orchestrator | [16/167] Elaborazione chiave: ROSIGNANO MARITTIMO_86_712_NCT
INFO     | 2026-06-29 15:32:34,414 | SisterClient |    🎯 Form individuato nel Frame [0] (Tentativo radar 1/5). Verifica e iniezione dati...
INFO     | 2026-06-29 15:32:34,453 | SisterClient |    -> Comune 'ROSIGNANO MARITTIMO' già agganciato. Salto la selezione del dropdown.
INFO     | 2026-06-29 15:32:37,258 | SisterClient | 🤖 [GPT VISION] Codice analizzato per ROSIGNANO MARITTIMO FG 86 PART 712 -> Tentativo: 'iziffene'
INFO     | 2026-06-29 15:32:38,462 | SisterClient |    ✅ Codice accettato al tentativo [1/2]!
INFO     | 2026-06-29 15:32:38,462 | CacheManager | Intercettazione del download per la visura: ROSIGNANO MARITTIMO_86_712_NCT
INFO     | 2026-06-29 15:32:42,211 | Orchestrator | Visura scaricata ed inserita in cache.
INFO     | 2026-06-29 15:32:42,212 | SisterClient | 🔄 Avvio della procedura di ritorno alla maschera principale...
INFO     | 2026-06-29 15:32:42,323 | SisterClient |    -> [Passo 1] Clic su bottone 'Indietro' strutturale.
INFO     | 2026-06-29 15:32:44,575 | SisterClient |    -> [Passo 2] Clic su bottone 'Indietro' strutturale.
INFO     | 2026-06-29 15:32:46,825 | SisterClient | ✅ Maschera principale agganciata con successo. Pronto per il prossimo job.
INFO     | 2026-06-29 15:32:46,826 | Orchestrator |    ⏳ Pausa mimetica: attendo 8.24 secondi prima del prossimo record...
INFO     | 2026-06-29 15:32:55,087 | Orchestrator | [17/167] Elaborazione chiave: ROSIGNANO MARITTIMO_86_713_NCT
INFO     | 2026-06-29 15:32:55,091 | SisterClient |    🎯 Form individuato nel Frame [0] (Tentativo radar 1/5). Verifica e iniezione dati...
INFO     | 2026-06-29 15:32:55,121 | SisterClient |    -> Comune 'ROSIGNANO MARITTIMO' già agganciato. Salto la selezione del dropdown.
ERROR    | 2026-06-29 15:33:46,367 | Orchestrator | Anomalia riscontrata sul record: La pagina di riepilogo con il codice di sicurezza non è comparsa (Timeout server).
INFO     | 2026-06-29 15:33:46,384 | SisterClient | 🔄 Avvio della procedura di ritorno alla maschera principale...
INFO     | 2026-06-29 15:33:46,396 | SisterClient |    -> [Passo 1] Clic su bottone 'Indietro' strutturale.
INFO     | 2026-06-29 15:33:48,766 | SisterClient | ✅ Maschera principale agganciata con successo. Pronto per il prossimo job.
INFO     | 2026-06-29 15:33:48,767 | Orchestrator |    ⏳ Pausa mimetica: attendo 5.30 secondi prima del prossimo record...
INFO     | 2026-06-29 15:33:54,078 | Orchestrator | [18/167] Elaborazione chiave: ROSIGNANO MARITTIMO_86_707_NCT
INFO     | 2026-06-29 15:33:54,082 | SisterClient |    🎯 Form individuato nel Frame [0] (Tentativo radar 1/5). Verifica e iniezione dati...
INFO     | 2026-06-29 15:33:54,112 | SisterClient |    -> Comune 'ROSIGNANO MARITTIMO' già agganciato. Salto la selezione del dropdown.
ERROR    | 2026-06-29 15:33:54,456 | Orchestrator | Anomalia riscontrata sul record: Il server di Sister ha risposto con Errore 500 (NullPointerException).
INFO     | 2026-06-29 15:33:54,457 | SisterClient | 🔄 Avvio della procedura di ritorno alla maschera principale...
WARNING  | 2026-06-29 15:33:54,478 | SisterClient |    -> [Passo 1] Nessun bottone rilevato (schermata di errore). Eseguo go_back() nativo...
INFO     | 2026-06-29 15:33:56,743 | SisterClient | ✅ Maschera principale agganciata con successo. Pronto per il prossimo job.
INFO     | 2026-06-29 15:33:56,744 | Orchestrator |    ⏳ Pausa mimetica: attendo 7.73 secondi prima del prossimo record...
INFO     | 2026-06-29 15:34:04,491 | Orchestrator | [19/167] Elaborazione chiave: ROSIGNANO MARITTIMO_86_710_AA_NCT
INFO     | 2026-06-29 15:34:04,500 | SisterClient |    🎯 Form individuato nel Frame [0] (Tentativo radar 1/5). Verifica e iniezione dati...
INFO     | 2026-06-29 15:34:04,527 | SisterClient |    -> Comune 'ROSIGNANO MARITTIMO' già agganciato. Salto la selezione del dropdown.
ERROR    | 2026-06-29 15:34:04,795 | Orchestrator | Anomalia riscontrata sul record: Il server di Sister ha risposto con Errore 500 (NullPointerException).
INFO     | 2026-06-29 15:34:04,797 | SisterClient | 🔄 Avvio della procedura di ritorno alla maschera principale...
WARNING  | 2026-06-29 15:34:04,824 | SisterClient |    -> [Passo 1] Nessun bottone rilevato (schermata di errore). Eseguo go_back() nativo...
INFO     | 2026-06-29 15:34:07,093 | SisterClient | ✅ Maschera principale agganciata con successo. Pronto per il prossimo job.
INFO     | 2026-06-29 15:34:07,094 | Orchestrator |    ⏳ Pausa mimetica: attendo 4.74 secondi prima del prossimo record...
INFO     | 2026-06-29 15:34:11,842 | Orchestrator | [20/167] Elaborazione chiave: ROSIGNANO MARITTIMO_86_710_AB_NCT
INFO     | 2026-06-29 15:34:11,848 | SisterClient |    🎯 Form individuato nel Frame [0] (Tentativo radar 1/5). Verifica e iniezione dati...
INFO     | 2026-06-29 15:34:11,878 | SisterClient |    -> Comune 'ROSIGNANO MARITTIMO' già agganciato. Salto la selezione del dropdown.
ERROR    | 2026-06-29 15:34:12,133 | Orchestrator | Anomalia riscontrata sul record: Il server di Sister ha risposto con Errore 500 (NullPointerException).
INFO     | 2026-06-29 15:34:12,136 | SisterClient | 🔄 Avvio della procedura di ritorno alla maschera principale...
WARNING  | 2026-06-29 15:34:12,157 | SisterClient |    -> [Passo 1] Nessun bottone rilevato (schermata di errore). Eseguo go_back() nativo...
INFO     | 2026-06-29 15:34:14,324 | SisterClient | ✅ Maschera principale agganciata con successo. Pronto per il prossimo job.
INFO     | 2026-06-29 15:34:14,325 | Orchestrator |    ⏳ Pausa mimetica: attendo 6.74 secondi prima del prossimo record...
INFO     | 2026-06-29 15:34:21,091 | Orchestrator | [21/167] Elaborazione chiave: ROSIGNANO MARITTIMO_86_796_NCT
INFO     | 2026-06-29 15:34:21,098 | SisterClient |    🎯 Form individuato nel Frame [0] (Tentativo radar 1/5). Verifica e iniezione dati...
INFO     | 2026-06-29 15:34:21,129 | SisterClient |    -> Comune 'ROSIGNANO MARITTIMO' già agganciato. Salto la selezione del dropdown.
ERROR    | 2026-06-29 15:34:21,388 | Orchestrator | Anomalia riscontrata sul record: Il server di Sister ha risposto con Errore 500 (NullPointerException).
INFO     | 2026-06-29 15:34:21,389 | SisterClient | 🔄 Avvio della procedura di ritorno alla maschera principale...
WARNING  | 2026-06-29 15:34:21,415 | SisterClient |    -> [Passo 1] Nessun bottone rilevato (schermata di errore). Eseguo go_back() nativo...
INFO     | 2026-06-29 15:34:23,623 | SisterClient | ✅ Maschera principale agganciata con successo. Pronto per il prossimo job.
INFO     | 2026-06-29 15:34:23,623 | Orchestrator |    ⏳ Pausa mimetica: attendo 7.18 secondi prima del prossimo record...
INFO     | 2026-06-29 15:34:30,809 | Orchestrator | [22/167] Elaborazione chiave: ROSIGNANO MARITTIMO_86_782_NCT
INFO     | 2026-06-29 15:34:30,813 | SisterClient |    🎯 Form individuato nel Frame [0] (Tentativo radar 1/5). Verifica e iniezione dati...
INFO     | 2026-06-29 15:34:30,845 | SisterClient |    -> Comune 'ROSIGNANO MARITTIMO' già agganciato. Salto la selezione del dropdown.
ERROR    | 2026-06-29 15:34:31,163 | Orchestrator | Anomalia riscontrata sul record: Il server di Sister ha risposto con Errore 500 (NullPointerException).
INFO     | 2026-06-29 15:34:31,165 | SisterClient | 🔄 Avvio della procedura di ritorno alla maschera principale...
WARNING  | 2026-06-29 15:34:31,200 | SisterClient |    -> [Passo 1] Nessun bottone rilevato (schermata di errore). Eseguo go_back() nativo...
INFO     | 2026-06-29 15:34:33,342 | SisterClient | ✅ Maschera principale agganciata con successo. Pronto per il prossimo job.
INFO     | 2026-06-29 15:34:33,343 | Orchestrator |    ⏳ Pausa mimetica: attendo 6.89 secondi prima del prossimo record...
INFO     | 2026-06-29 15:34:40,252 | Orchestrator | [23/167] Elaborazione chiave: ROSIGNANO MARITTIMO_86_59_NCT
INFO     | 2026-06-29 15:34:40,256 | SisterClient |    🎯 Form individuato nel Frame [0] (Tentativo radar 1/5). Verifica e iniezione dati...
INFO     | 2026-06-29 15:34:40,288 | SisterClient |    -> Comune 'ROSIGNANO MARITTIMO' già agganciato. Salto la selezione del dropdown.
ERROR    | 2026-06-29 15:34:40,540 | Orchestrator | Anomalia riscontrata sul record: Il server di Sister ha risposto con Errore 500 (NullPointerException).
INFO     | 2026-06-29 15:34:40,542 | SisterClient | 🔄 Avvio della procedura di ritorno alla maschera principale...
WARNING  | 2026-06-29 15:34:40,576 | SisterClient |    -> [Passo 1] Nessun bottone rilevato (schermata di errore). Eseguo go_back() nativo...
INFO     | 2026-06-29 15:34:42,724 | SisterClient | ✅ Maschera principale agganciata con successo. Pronto per il prossimo job.
INFO     | 2026-06-29 15:34:42,725 | Orchestrator |    ⏳ Pausa mimetica: attendo 8.29 secondi prima del prossimo record...
INFO     | 2026-06-29 15:34:51,020 | Orchestrator | [24/167] Elaborazione chiave: ROSIGNANO MARITTIMO_86_720_NCT
INFO     | 2026-06-29 15:34:51,025 | SisterClient |    🎯 Form individuato nel Frame [0] (Tentativo radar 1/5). Verifica e iniezione dati...
INFO     | 2026-06-29 15:34:51,053 | SisterClient |    -> Comune 'ROSIGNANO MARITTIMO' già agganciato. Salto la selezione del dropdown.
ERROR    | 2026-06-29 15:34:51,287 | Orchestrator | Anomalia riscontrata sul record: Il server di Sister ha risposto con Errore 500 (NullPointerException).
INFO     | 2026-06-29 15:34:51,288 | SisterClient | 🔄 Avvio della procedura di ritorno alla maschera principale...
WARNING  | 2026-06-29 15:34:51,326 | SisterClient |    -> [Passo 1] Nessun bottone rilevato (schermata di errore). Eseguo go_back() nativo...
INFO     | 2026-06-29 15:34:53,560 | SisterClient | ✅ Maschera principale agganciata con successo. Pronto per il prossimo job.
INFO     | 2026-06-29 15:34:53,561 | Orchestrator |    ⏳ Pausa mimetica: attendo 2.82 secondi prima del prossimo record...
INFO     | 2026-06-29 15:34:56,391 | Orchestrator | [25/167] Elaborazione chiave: ROSIGNANO MARITTIMO_86_722_NCT
INFO     | 2026-06-29 15:34:56,396 | SisterClient |    🎯 Form individuato nel Frame [0] (Tentativo radar 1/5). Verifica e iniezione dati...
INFO     | 2026-06-29 15:34:56,424 | SisterClient |    -> Comune 'ROSIGNANO MARITTIMO' già agganciato. Salto la selezione del dropdown.
ERROR    | 2026-06-29 15:34:56,697 | Orchestrator | Anomalia riscontrata sul record: Il server di Sister ha risposto con Errore 500 (NullPointerException).
INFO     | 2026-06-29 15:34:56,703 | SisterClient | 🔄 Avvio della procedura di ritorno alla maschera principale...
WARNING  | 2026-06-29 15:34:56,724 | SisterClient |    -> [Passo 1] Nessun bottone rilevato (schermata di errore). Eseguo go_back() nativo...
INFO     | 2026-06-29 15:34:58,874 | SisterClient | ✅ Maschera principale agganciata con successo. Pronto per il prossimo job.
INFO     | 2026-06-29 15:34:58,877 | Orchestrator |    ⏳ Pausa mimetica: attendo 7.62 secondi prima del prossimo record...
INFO     | 2026-06-29 15:35:06,517 | Orchestrator | [26/167] Elaborazione chiave: ROSIGNANO MARITTIMO_86_723_NCT
INFO     | 2026-06-29 15:35:06,522 | SisterClient |    🎯 Form individuato nel Frame [0] (Tentativo radar 1/5). Verifica e iniezione dati...
INFO     | 2026-06-29 15:35:06,553 | SisterClient |    -> Comune 'ROSIGNANO MARITTIMO' già agganciato. Salto la selezione del dropdown.
ERROR    | 2026-06-29 15:35:06,802 | Orchestrator | Anomalia riscontrata sul record: Il server di Sister ha risposto con Errore 500 (NullPointerException).
INFO     | 2026-06-29 15:35:06,803 | SisterClient | 🔄 Avvio della procedura di ritorno alla maschera principale...
WARNING  | 2026-06-29 15:35:06,846 | SisterClient |    -> [Passo 1] Nessun bottone rilevato (schermata di errore). Eseguo go_back() nativo...
INFO     | 2026-06-29 15:35:09,076 | SisterClient | ✅ Maschera principale agganciata con successo. Pronto per il prossimo job.
INFO     | 2026-06-29 15:35:09,077 | Orchestrator |    ⏳ Pausa mimetica: attendo 5.39 secondi prima del prossimo record...
INFO     | 2026-06-29 15:35:14,477 | Orchestrator | [27/167] Elaborazione chiave: ROSIGNANO MARITTIMO_86_719_NCT
INFO     | 2026-06-29 15:35:14,481 | SisterClient |    🎯 Form individuato nel Frame [0] (Tentativo radar 1/5). Verifica e iniezione dati...
INFO     | 2026-06-29 15:35:14,521 | SisterClient |    -> Comune 'ROSIGNANO MARITTIMO' già agganciato. Salto la selezione del dropdown.
ERROR    | 2026-06-29 15:35:14,789 | Orchestrator | Anomalia riscontrata sul record: Il server di Sister ha risposto con Errore 500 (NullPointerException).
INFO     | 2026-06-29 15:35:14,790 | SisterClient | 🔄 Avvio della procedura di ritorno alla maschera principale...
WARNING  | 2026-06-29 15:35:14,828 | SisterClient |    -> [Passo 1] Nessun bottone rilevato (schermata di errore). Eseguo go_back() nativo...
INFO     | 2026-06-29 15:35:17,012 | SisterClient | ✅ Maschera principale agganciata con successo. Pronto per il prossimo job.
INFO     | 2026-06-29 15:35:17,013 | Orchestrator |    ⏳ Pausa mimetica: attendo 3.86 secondi prima del prossimo record...
INFO     | 2026-06-29 15:35:20,888 | Orchestrator | [28/167] Elaborazione chiave: ROSIGNANO MARITTIMO_86_124_NCT
INFO     | 2026-06-29 15:35:20,893 | SisterClient |    🎯 Form individuato nel Frame [0] (Tentativo radar 1/5). Verifica e iniezione dati...
INFO     | 2026-06-29 15:35:20,927 | SisterClient |    -> Comune 'ROSIGNANO MARITTIMO' già agganciato. Salto la selezione del dropdown.
ERROR    | 2026-06-29 15:35:22,348 | Orchestrator | Anomalia riscontrata sul record: Il server di Sister ha risposto con Errore 500 (NullPointerException).
INFO     | 2026-06-29 15:35:22,349 | SisterClient | 🔄 Avvio della procedura di ritorno alla maschera principale...
WARNING  | 2026-06-29 15:35:22,374 | SisterClient |    -> [Passo 1] Nessun bottone rilevato (schermata di errore). Eseguo go_back() nativo...
INFO     | 2026-06-29 15:35:24,662 | SisterClient | ✅ Maschera principale agganciata con successo. Pronto per il prossimo job.
INFO     | 2026-06-29 15:35:24,662 | Orchestrator |    ⏳ Pausa mimetica: attendo 7.42 secondi prima del prossimo record...
INFO     | 2026-06-29 15:35:32,092 | Orchestrator | [29/167] Elaborazione chiave: ROSIGNANO MARITTIMO_86_68_NCT
INFO     | 2026-06-29 15:35:32,103 | SisterClient |    🎯 Form individuato nel Frame [0] (Tentativo radar 1/5). Verifica e iniezione dati...
INFO     | 2026-06-29 15:35:32,138 | SisterClient |    -> Comune 'ROSIGNANO MARITTIMO' già agganciato. Salto la selezione del dropdown.
ERROR    | 2026-06-29 15:35:32,421 | Orchestrator | Anomalia riscontrata sul record: Il server di Sister ha risposto con Errore 500 (NullPointerException).
INFO     | 2026-06-29 15:35:32,423 | SisterClient | 🔄 Avvio della procedura di ritorno alla maschera principale...
WARNING  | 2026-06-29 15:35:32,467 | SisterClient |    -> [Passo 1] Nessun bottone rilevato (schermata di errore). Eseguo go_back() nativo...
INFO     | 2026-06-29 15:35:34,755 | SisterClient | ✅ Maschera principale agganciata con successo. Pronto per il prossimo job.
INFO     | 2026-06-29 15:35:34,756 | Orchestrator |    ⏳ Pausa mimetica: attendo 6.50 secondi prima del prossimo record...
INFO     | 2026-06-29 15:35:41,277 | Orchestrator | [30/167] Elaborazione chiave: ROSIGNANO MARITTIMO_86_87_NCT
INFO     | 2026-06-29 15:35:41,284 | SisterClient |    🎯 Form individuato nel Frame [0] (Tentativo radar 1/5). Verifica e iniezione dati...
INFO     | 2026-06-29 15:35:41,321 | SisterClient |    -> Comune 'ROSIGNANO MARITTIMO' già agganciato. Salto la selezione del dropdown.
ERROR    | 2026-06-29 15:35:41,602 | Orchestrator | Anomalia riscontrata sul record: Il server di Sister ha risposto con Errore 500 (NullPointerException).
INFO     | 2026-06-29 15:35:41,604 | SisterClient | 🔄 Avvio della procedura di ritorno alla maschera principale...
WARNING  | 2026-06-29 15:35:41,629 | SisterClient |    -> [Passo 1] Nessun bottone rilevato (schermata di errore). Eseguo go_back() nativo...
INFO     | 2026-06-29 15:35:43,907 | SisterClient | ✅ Maschera principale agganciata con successo. Pronto per il prossimo job.
INFO     | 2026-06-29 15:35:43,907 | Orchestrator |    ⏳ Pausa mimetica: attendo 5.11 secondi prima del prossimo record...
INFO     | 2026-06-29 15:35:49,027 | Orchestrator | [31/167] Elaborazione chiave: ROSIGNANO MARITTIMO_86_86_AA_NCT
INFO     | 2026-06-29 15:35:49,035 | SisterClient |    🎯 Form individuato nel Frame [0] (Tentativo radar 1/5). Verifica e iniezione dati...
INFO     | 2026-06-29 15:35:49,067 | SisterClient |    -> Comune 'ROSIGNANO MARITTIMO' già agganciato. Salto la selezione del dropdown.
ERROR    | 2026-06-29 15:35:49,331 | Orchestrator | Anomalia riscontrata sul record: Il server di Sister ha risposto con Errore 500 (NullPointerException).
INFO     | 2026-06-29 15:35:49,332 | SisterClient | 🔄 Avvio della procedura di ritorno alla maschera principale...
WARNING  | 2026-06-29 15:35:49,354 | SisterClient |    -> [Passo 1] Nessun bottone rilevato (schermata di errore). Eseguo go_back() nativo...
INFO     | 2026-06-29 15:35:51,527 | SisterClient | ✅ Maschera principale agganciata con successo. Pronto per il prossimo job.
INFO     | 2026-06-29 15:35:51,528 | Orchestrator |    ⏳ Pausa mimetica: attendo 7.28 secondi prima del prossimo record...
INFO     | 2026-06-29 15:35:58,827 | Orchestrator | [32/167] Elaborazione chiave: ROSIGNANO MARITTIMO_86_86_AB_NCT
INFO     | 2026-06-29 15:35:58,833 | SisterClient |    🎯 Form individuato nel Frame [0] (Tentativo radar 1/5). Verifica e iniezione dati...
INFO     | 2026-06-29 15:35:58,874 | SisterClient |    -> Comune 'ROSIGNANO MARITTIMO' già agganciato. Salto la selezione del dropdown.
ERROR    | 2026-06-29 15:35:59,185 | Orchestrator | Anomalia riscontrata sul record: Il server di Sister ha risposto con Errore 500 (NullPointerException).
INFO     | 2026-06-29 15:35:59,186 | SisterClient | 🔄 Avvio della procedura di ritorno alla maschera principale...
WARNING  | 2026-06-29 15:35:59,208 | SisterClient |    -> [Passo 1] Nessun bottone rilevato (schermata di errore). Eseguo go_back() nativo...
INFO     | 2026-06-29 15:36:01,345 | SisterClient | ✅ Maschera principale agganciata con successo. Pronto per il prossimo job.
INFO     | 2026-06-29 15:36:01,346 | Orchestrator |    ⏳ Pausa mimetica: attendo 2.67 secondi prima del prossimo record...
INFO     | 2026-06-29 15:36:04,026 | Orchestrator | [33/167] Elaborazione chiave: ROSIGNANO MARITTIMO_86_765_601_NCF
INFO     | 2026-06-29 15:36:04,036 | SisterClient |    🎯 Form individuato nel Frame [0] (Tentativo radar 1/5). Verifica e iniezione dati...
INFO     | 2026-06-29 15:36:05,308 | SisterClient |    -> Comune 'ROSIGNANO MARITTIMO' già agganciato. Salto la selezione del dropdown.
ERROR    | 2026-06-29 15:36:05,556 | Orchestrator | Anomalia riscontrata sul record: Il server di Sister ha risposto con Errore 500 (NullPointerException).
INFO     | 2026-06-29 15:36:05,558 | SisterClient | 🔄 Avvio della procedura di ritorno alla maschera principale...
WARNING  | 2026-06-29 15:36:05,599 | SisterClient |    -> [Passo 1] Nessun bottone rilevato (schermata di errore). Eseguo go_back() nativo...
INFO     | 2026-06-29 15:36:07,761 | SisterClient | ✅ Maschera principale agganciata con successo. Pronto per il prossimo job.
INFO     | 2026-06-29 15:36:07,762 | Orchestrator |    ⏳ Pausa mimetica: attendo 5.75 secondi prima del prossimo record...
INFO     | 2026-06-29 15:36:13,527 | Orchestrator | [34/167] Elaborazione chiave: ROSIGNANO MARITTIMO_86_606_AA_NCT
INFO     | 2026-06-29 15:36:13,533 | SisterClient |    🎯 Form individuato nel Frame [0] (Tentativo radar 1/5). Verifica e iniezione dati...
INFO     | 2026-06-29 15:36:14,584 | SisterClient |    -> Comune 'ROSIGNANO MARITTIMO' già agganciato. Salto la selezione del dropdown.
ERROR    | 2026-06-29 15:36:14,820 | Orchestrator | Anomalia riscontrata sul record: Il server di Sister ha risposto con Errore 500 (NullPointerException).
INFO     | 2026-06-29 15:36:14,822 | SisterClient | 🔄 Avvio della procedura di ritorno alla maschera principale...
WARNING  | 2026-06-29 15:36:14,862 | SisterClient |    -> [Passo 1] Nessun bottone rilevato (schermata di errore). Eseguo go_back() nativo...
INFO     | 2026-06-29 15:36:17,092 | SisterClient | ✅ Maschera principale agganciata con successo. Pronto per il prossimo job.
INFO     | 2026-06-29 15:36:17,093 | Orchestrator |    ⏳ Pausa mimetica: attendo 5.67 secondi prima del prossimo record...
INFO     | 2026-06-29 15:36:22,779 | Orchestrator | [35/167] Elaborazione chiave: ROSIGNANO MARITTIMO_86_606_AB_NCT
INFO     | 2026-06-29 15:36:22,785 | SisterClient |    🎯 Form individuato nel Frame [0] (Tentativo radar 1/5). Verifica e iniezione dati...
INFO     | 2026-06-29 15:36:22,817 | SisterClient |    -> Comune 'ROSIGNANO MARITTIMO' già agganciato. Salto la selezione del dropdown.
ERROR    | 2026-06-29 15:36:23,071 | Orchestrator | Anomalia riscontrata sul record: Il server di Sister ha risposto con Errore 500 (NullPointerException).
INFO     | 2026-06-29 15:36:23,072 | SisterClient | 🔄 Avvio della procedura di ritorno alla maschera principale...
WARNING  | 2026-06-29 15:36:23,112 | SisterClient |    -> [Passo 1] Nessun bottone rilevato (schermata di errore). Eseguo go_back() nativo...
INFO     | 2026-06-29 15:36:25,293 | SisterClient | ✅ Maschera principale agganciata con successo. Pronto per il prossimo job.
INFO     | 2026-06-29 15:36:25,294 | Orchestrator |    ⏳ Pausa mimetica: attendo 7.02 secondi prima del prossimo record...
INFO     | 2026-06-29 15:36:32,326 | Orchestrator | [36/167] Elaborazione chiave: ROSIGNANO MARITTIMO_90_62_NCT
INFO     | 2026-06-29 15:36:32,332 | SisterClient |    🎯 Form individuato nel Frame [0] (Tentativo radar 1/5). Verifica e iniezione dati...
INFO     | 2026-06-29 15:36:32,372 | SisterClient |    -> Comune 'ROSIGNANO MARITTIMO' già agganciato. Salto la selezione del dropdown.
ERROR    | 2026-06-29 15:36:32,640 | Orchestrator | Anomalia riscontrata sul record: Il server di Sister ha risposto con Errore 500 (NullPointerException).
INFO     | 2026-06-29 15:36:32,642 | SisterClient | 🔄 Avvio della procedura di ritorno alla maschera principale...
WARNING  | 2026-06-29 15:36:32,664 | SisterClient |    -> [Passo 1] Nessun bottone rilevato (schermata di errore). Eseguo go_back() nativo...
INFO     | 2026-06-29 15:36:34,810 | SisterClient | ✅ Maschera principale agganciata con successo. Pronto per il prossimo job.
INFO     | 2026-06-29 15:36:34,811 | Orchestrator |    ⏳ Pausa mimetica: attendo 8.79 secondi prima del prossimo record...
INFO     | 2026-06-29 15:36:43,611 | Orchestrator | [37/167] Elaborazione chiave: ROSIGNANO MARITTIMO_90_4_605_NCF
INFO     | 2026-06-29 15:36:43,616 | SisterClient |    🎯 Form individuato nel Frame [0] (Tentativo radar 1/5). Verifica e iniezione dati...
INFO     | 2026-06-29 15:36:44,691 | SisterClient |    -> Comune 'ROSIGNANO MARITTIMO' già agganciato. Salto la selezione del dropdown.
ERROR    | 2026-06-29 15:36:44,943 | Orchestrator | Anomalia riscontrata sul record: Il server di Sister ha risposto con Errore 500 (NullPointerException).
INFO     | 2026-06-29 15:36:44,945 | SisterClient | 🔄 Avvio della procedura di ritorno alla maschera principale...
WARNING  | 2026-06-29 15:36:44,980 | SisterClient |    -> [Passo 1] Nessun bottone rilevato (schermata di errore). Eseguo go_back() nativo...
INFO     | 2026-06-29 15:36:47,225 | SisterClient | ✅ Maschera principale agganciata con successo. Pronto per il prossimo job.
INFO     | 2026-06-29 15:36:47,226 | Orchestrator |    ⏳ Pausa mimetica: attendo 5.26 secondi prima del prossimo record...
INFO     | 2026-06-29 15:36:52,510 | Orchestrator | [38/167] Elaborazione chiave: ROSIGNANO MARITTIMO_90_5_NCF
INFO     | 2026-06-29 15:36:52,516 | SisterClient |    🎯 Form individuato nel Frame [0] (Tentativo radar 1/5). Verifica e iniezione dati...
INFO     | 2026-06-29 15:36:52,548 | SisterClient |    -> Comune 'ROSIGNANO MARITTIMO' già agganciato. Salto la selezione del dropdown.
ERROR    | 2026-06-29 15:36:52,802 | Orchestrator | Anomalia riscontrata sul record: Il server di Sister ha risposto con Errore 500 (NullPointerException).
INFO     | 2026-06-29 15:36:52,804 | SisterClient | 🔄 Avvio della procedura di ritorno alla maschera principale...
WARNING  | 2026-06-29 15:36:52,846 | SisterClient |    -> [Passo 1] Nessun bottone rilevato (schermata di errore). Eseguo go_back() nativo...
INFO     | 2026-06-29 15:36:55,012 | SisterClient | ✅ Maschera principale agganciata con successo. Pronto per il prossimo job.
INFO     | 2026-06-29 15:36:55,013 | Orchestrator |    ⏳ Pausa mimetica: attendo 5.93 secondi prima del prossimo record...
INFO     | 2026-06-29 15:37:00,961 | Orchestrator | [39/167] Elaborazione chiave: ROSIGNANO MARITTIMO_90_42_NCT
INFO     | 2026-06-29 15:37:00,966 | SisterClient |    🎯 Form individuato nel Frame [0] (Tentativo radar 1/5). Verifica e iniezione dati...
INFO     | 2026-06-29 15:37:02,023 | SisterClient |    -> Comune 'ROSIGNANO MARITTIMO' già agganciato. Salto la selezione del dropdown.
ERROR    | 2026-06-29 15:37:02,303 | Orchestrator | Anomalia riscontrata sul record: Il server di Sister ha risposto con Errore 500 (NullPointerException).
INFO     | 2026-06-29 15:37:02,304 | SisterClient | 🔄 Avvio della procedura di ritorno alla maschera principale...
WARNING  | 2026-06-29 15:37:02,332 | SisterClient |    -> [Passo 1] Nessun bottone rilevato (schermata di errore). Eseguo go_back() nativo...
INFO     | 2026-06-29 15:37:04,714 | SisterClient | ✅ Maschera principale agganciata con successo. Pronto per il prossimo job.
INFO     | 2026-06-29 15:37:04,715 | Orchestrator |    ⏳ Pausa mimetica: attendo 7.80 secondi prima del prossimo record...
INFO     | 2026-06-29 15:37:12,527 | Orchestrator | [40/167] Elaborazione chiave: ROSIGNANO MARITTIMO_90_63_610_NCF
INFO     | 2026-06-29 15:37:12,533 | SisterClient |    🎯 Form individuato nel Frame [0] (Tentativo radar 1/5). Verifica e iniezione dati...
INFO     | 2026-06-29 15:37:13,596 | SisterClient |    -> Comune 'ROSIGNANO MARITTIMO' già agganciato. Salto la selezione del dropdown.
ERROR    | 2026-06-29 15:37:13,840 | Orchestrator | Anomalia riscontrata sul record: Il server di Sister ha risposto con Errore 500 (NullPointerException).
INFO     | 2026-06-29 15:37:13,841 | SisterClient | 🔄 Avvio della procedura di ritorno alla maschera principale...
WARNING  | 2026-06-29 15:37:13,881 | SisterClient |    -> [Passo 1] Nessun bottone rilevato (schermata di errore). Eseguo go_back() nativo...
INFO     | 2026-06-29 15:37:16,124 | SisterClient | ✅ Maschera principale agganciata con successo. Pronto per il prossimo job.
INFO     | 2026-06-29 15:37:16,125 | Orchestrator |    ⏳ Pausa mimetica: attendo 3.62 secondi prima del prossimo record...
INFO     | 2026-06-29 15:37:19,760 | Orchestrator | [41/167] Elaborazione chiave: ROSIGNANO MARITTIMO_90_60_NCT
INFO     | 2026-06-29 15:37:19,765 | SisterClient |    🎯 Form individuato nel Frame [0] (Tentativo radar 1/5). Verifica e iniezione dati...
INFO     | 2026-06-29 15:37:20,830 | SisterClient |    -> Comune 'ROSIGNANO MARITTIMO' già agganciato. Salto la selezione del dropdown.
ERROR    | 2026-06-29 15:37:26,111 | Orchestrator | Anomalia riscontrata sul record: Il server di Sister ha risposto con Errore 500 (NullPointerException).
INFO     | 2026-06-29 15:37:26,112 | SisterClient | 🔄 Avvio della procedura di ritorno alla maschera principale...
WARNING  | 2026-06-29 15:37:26,135 | SisterClient |    -> [Passo 1] Nessun bottone rilevato (schermata di errore). Eseguo go_back() nativo...
INFO     | 2026-06-29 15:37:28,294 | SisterClient | ✅ Maschera principale agganciata con successo. Pronto per il prossimo job.
INFO     | 2026-06-29 15:37:28,294 | Orchestrator |    ⏳ Pausa mimetica: attendo 8.88 secondi prima del prossimo record...
INFO     | 2026-06-29 15:37:37,178 | Orchestrator | [42/167] Elaborazione chiave: ROSIGNANO MARITTIMO_90_9_NCT
INFO     | 2026-06-29 15:37:37,183 | SisterClient |    🎯 Form individuato nel Frame [0] (Tentativo radar 1/5). Verifica e iniezione dati...
INFO     | 2026-06-29 15:37:37,221 | SisterClient |    -> Comune 'ROSIGNANO MARITTIMO' già agganciato. Salto la selezione del dropdown.
ERROR    | 2026-06-29 15:37:37,520 | Orchestrator | Anomalia riscontrata sul record: Il server di Sister ha risposto con Errore 500 (NullPointerException).
INFO     | 2026-06-29 15:37:37,520 | SisterClient | 🔄 Avvio della procedura di ritorno alla maschera principale...
WARNING  | 2026-06-29 15:37:37,541 | SisterClient |    -> [Passo 1] Nessun bottone rilevato (schermata di errore). Eseguo go_back() nativo...
WARNING  | 2026-06-29 15:37:40,041 | SisterClient |    -> [Passo 2] Nessun bottone rilevato (schermata di errore). Eseguo go_back() nativo...
INFO     | 2026-06-29 15:37:42,212 | SisterClient | ✅ Maschera principale agganciata con successo. Pronto per il prossimo job.
INFO     | 2026-06-29 15:37:42,213 | Orchestrator |    ⏳ Pausa mimetica: attendo 8.41 secondi prima del prossimo record...
INFO     | 2026-06-29 15:37:50,645 | Orchestrator | Stop richiesto: terminazione anticipata della fase di scraping.
INFO     | 2026-06-29 15:37:50,648 | Orchestrator | === [FASE 2.4] INIZIO ATTESA ELABORAZIONE ATTI DIFFERITI (20 MINUTI) === 
 ALTRIMENTI FAI IL LOGOUT E CHIUDI LA FINESTRA DEL BROWSER
INFO     | 2026-06-29 15:37:50,654 | Orchestrator | ⏱️ Sister sta elaborando i KO asincroni sullo sfondo... Mancano 20 minuti al recupero.
CRITICAL | 2026-06-29 15:37:51,928 | Orchestrator | Automazione interrotta o completata prematuramente: Page.wait_for_timeout: Target page, context or browser has been closed
INFO     | 2026-06-29 15:37:51,931 | Orchestrator | === [FASE 3] FINALIZZAZIONE OUTPUT E REPORTING ===
INFO     | 2026-06-29 15:37:51,939 | FolderBuilder | Avvio smistamento strutturato delle visure secondo il layout dinamico del cliente...
WARNING  | 2026-06-29 15:37:51,947 | FolderBuilder | File PDF non trovato in cache per la chiave: ROSIGNANO MARITTIMO_81_1145_NCT (Impossibile smistare)
WARNING  | 2026-06-29 15:37:51,950 | FolderBuilder | File PDF non trovato in cache per la chiave: ROSIGNANO MARITTIMO_81_1148_NCT (Impossibile smistare)
DEBUG    | 2026-06-29 15:37:51,973 | FolderBuilder | Smistato strutturato: LI-ROSIGNANO MARITTIMO-81-259-AA.pdf -> Campo FV 13
DEBUG    | 2026-06-29 15:37:51,980 | FolderBuilder | Smistato strutturato: LI-ROSIGNANO MARITTIMO-81-259-AB.pdf -> Campo FV 13
DEBUG    | 2026-06-29 15:37:51,987 | FolderBuilder | Smistato strutturato: LI-ROSIGNANO MARITTIMO-81-262.pdf -> Campo FV 13
DEBUG    | 2026-06-29 15:37:51,990 | FolderBuilder | Smistato strutturato: LI-ROSIGNANO MARITTIMO-81-262.pdf -> Campo FV 13\opere di invarianza idraulica
WARNING  | 2026-06-29 15:37:51,990 | FolderBuilder | File PDF non trovato in cache per la chiave: ROSIGNANO MARITTIMO_81_1151_NCT (Impossibile smistare)
DEBUG    | 2026-06-29 15:37:51,996 | FolderBuilder | Smistato strutturato: LI-ROSIGNANO MARITTIMO-81-1154.pdf -> Campo FV 13
DEBUG    | 2026-06-29 15:37:52,000 | FolderBuilder | Smistato strutturato: LI-ROSIGNANO MARITTIMO-81-1157.pdf -> Campo FV 13
DEBUG    | 2026-06-29 15:37:52,004 | FolderBuilder | Smistato strutturato: LI-ROSIGNANO MARITTIMO-81-1157.pdf -> Campo FV 13\opere di invarianza idraulica
DEBUG    | 2026-06-29 15:37:52,007 | FolderBuilder | Smistato strutturato: LI-ROSIGNANO MARITTIMO-81-1157.pdf -> Campo FV 13\opere accessorie di invarianza idraulica
DEBUG    | 2026-06-29 15:37:52,011 | FolderBuilder | Smistato strutturato: LI-ROSIGNANO MARITTIMO-81-1157.pdf -> Campo FV 13\strade accesso esistenti
DEBUG    | 2026-06-29 15:37:52,015 | FolderBuilder | Smistato strutturato: LI-ROSIGNANO MARITTIMO-81-1157.pdf -> Campo FV 13\cancelli ingresso
DEBUG    | 2026-06-29 15:37:52,018 | FolderBuilder | Smistato strutturato: LI-ROSIGNANO MARITTIMO-81-1157.pdf -> Campo FV 13\cabine
DEBUG    | 2026-06-29 15:37:52,022 | FolderBuilder | Smistato strutturato: LI-ROSIGNANO MARITTIMO-81-1160.pdf -> Campo FV 13
DEBUG    | 2026-06-29 15:37:52,024 | FolderBuilder | Smistato strutturato: LI-ROSIGNANO MARITTIMO-81-1160.pdf -> Campo FV 13\opere di invarianza idraulica
DEBUG    | 2026-06-29 15:37:52,029 | FolderBuilder | Smistato strutturato: LI-ROSIGNANO MARITTIMO-81-1160.pdf -> Campo FV 13\opere accessorie di invarianza idraulica
DEBUG    | 2026-06-29 15:37:52,033 | FolderBuilder | Smistato strutturato: LI-ROSIGNANO MARITTIMO-81-1160.pdf -> Campo FV 13\strade accesso esistenti
DEBUG    | 2026-06-29 15:37:52,037 | FolderBuilder | Smistato strutturato: LI-ROSIGNANO MARITTIMO-81-1160.pdf -> Campo FV 13\cancelli ingresso
DEBUG    | 2026-06-29 15:37:52,040 | FolderBuilder | Smistato strutturato: LI-ROSIGNANO MARITTIMO-81-1160.pdf -> Campo FV 13\stradelle in progetto esterne impianto
DEBUG    | 2026-06-29 15:37:52,045 | FolderBuilder | Smistato strutturato: LI-ROSIGNANO MARITTIMO-81-1165.pdf -> Campo FV 13
DEBUG    | 2026-06-29 15:37:52,048 | FolderBuilder | Smistato strutturato: LI-ROSIGNANO MARITTIMO-81-1165.pdf -> Campo FV 13\opere accessorie di invarianza idraulica
DEBUG    | 2026-06-29 15:37:52,051 | FolderBuilder | Smistato strutturato: LI-ROSIGNANO MARITTIMO-81-1165.pdf -> Campo FV 13\opere di invarianza idraulica
DEBUG    | 2026-06-29 15:37:52,054 | FolderBuilder | Smistato strutturato: LI-ROSIGNANO MARITTIMO-81-1165.pdf -> Campo FV 13\strade accesso esistenti
DEBUG    | 2026-06-29 15:37:52,058 | FolderBuilder | Smistato strutturato: LI-ROSIGNANO MARITTIMO-86-717.pdf -> Campo FV 14
DEBUG    | 2026-06-29 15:37:52,063 | FolderBuilder | Smistato strutturato: LI-ROSIGNANO MARITTIMO-86-709.pdf -> Campo FV 14
WARNING  | 2026-06-29 15:37:52,063 | FolderBuilder | File PDF non trovato in cache per la chiave: ROSIGNANO MARITTIMO_86_706_NCT (Impossibile smistare)
DEBUG    | 2026-06-29 15:37:52,068 | FolderBuilder | Smistato strutturato: LI-ROSIGNANO MARITTIMO-86-799.pdf -> Campo FV 14
DEBUG    | 2026-06-29 15:37:52,072 | FolderBuilder | Smistato strutturato: LI-ROSIGNANO MARITTIMO-86-799.pdf -> Campo FV 14\strade accesso esistenti
DEBUG    | 2026-06-29 15:37:52,077 | FolderBuilder | Smistato strutturato: LI-ROSIGNANO MARITTIMO-86-714.pdf -> Campo FV 14
DEBUG    | 2026-06-29 15:37:52,082 | FolderBuilder | Smistato strutturato: LI-ROSIGNANO MARITTIMO-86-712.pdf -> Campo FV 14
DEBUG    | 2026-06-29 15:37:52,085 | FolderBuilder | Smistato strutturato: LI-ROSIGNANO MARITTIMO-86-712.pdf -> Campo FV 14\opere accessorie di invarianza idraulica
DEBUG    | 2026-06-29 15:37:52,089 | FolderBuilder | Smistato strutturato: LI-ROSIGNANO MARITTIMO-86-712.pdf -> Campo FV 14\opere di invarianza idraulica
DEBUG    | 2026-06-29 15:37:52,092 | FolderBuilder | Smistato strutturato: LI-ROSIGNANO MARITTIMO-86-712.pdf -> Campo FV 14\strade accesso esistenti
WARNING  | 2026-06-29 15:37:52,093 | FolderBuilder | File PDF non trovato in cache per la chiave: ROSIGNANO MARITTIMO_86_713_NCT (Impossibile smistare)
WARNING  | 2026-06-29 15:37:52,094 | FolderBuilder | File PDF non trovato in cache per la chiave: ROSIGNANO MARITTIMO_86_707_NCT (Impossibile smistare)
WARNING  | 2026-06-29 15:37:52,096 | FolderBuilder | File PDF non trovato in cache per la chiave: ROSIGNANO MARITTIMO_86_710_AA_NCT (Impossibile smistare)
WARNING  | 2026-06-29 15:37:52,097 | FolderBuilder | File PDF non trovato in cache per la chiave: ROSIGNANO MARITTIMO_86_710_AB_NCT (Impossibile smistare)
WARNING  | 2026-06-29 15:37:52,098 | FolderBuilder | File PDF non trovato in cache per la chiave: ROSIGNANO MARITTIMO_86_796_NCT (Impossibile smistare)
WARNING  | 2026-06-29 15:37:52,099 | FolderBuilder | File PDF non trovato in cache per la chiave: ROSIGNANO MARITTIMO_86_782_NCT (Impossibile smistare)
WARNING  | 2026-06-29 15:37:52,100 | FolderBuilder | File PDF non trovato in cache per la chiave: ROSIGNANO MARITTIMO_86_59_NCT (Impossibile smistare)
WARNING  | 2026-06-29 15:37:52,102 | FolderBuilder | File PDF non trovato in cache per la chiave: ROSIGNANO MARITTIMO_86_720_NCT (Impossibile smistare)
WARNING  | 2026-06-29 15:37:52,106 | FolderBuilder | File PDF non trovato in cache per la chiave: ROSIGNANO MARITTIMO_86_722_NCT (Impossibile smistare)
WARNING  | 2026-06-29 15:37:52,113 | FolderBuilder | File PDF non trovato in cache per la chiave: ROSIGNANO MARITTIMO_86_723_NCT (Impossibile smistare)
WARNING  | 2026-06-29 15:37:52,114 | FolderBuilder | File PDF non trovato in cache per la chiave: ROSIGNANO MARITTIMO_86_719_NCT (Impossibile smistare)
WARNING  | 2026-06-29 15:37:52,119 | FolderBuilder | File PDF non trovato in cache per la chiave: ROSIGNANO MARITTIMO_86_124_NCT (Impossibile smistare)
WARNING  | 2026-06-29 15:37:52,121 | FolderBuilder | File PDF non trovato in cache per la chiave: ROSIGNANO MARITTIMO_86_68_NCT (Impossibile smistare)
WARNING  | 2026-06-29 15:37:52,122 | FolderBuilder | File PDF non trovato in cache per la chiave: ROSIGNANO MARITTIMO_86_87_NCT (Impossibile smistare)
WARNING  | 2026-06-29 15:37:52,128 | FolderBuilder | File PDF non trovato in cache per la chiave: ROSIGNANO MARITTIMO_86_86_AA_NCT (Impossibile smistare)
WARNING  | 2026-06-29 15:37:52,130 | FolderBuilder | File PDF non trovato in cache per la chiave: ROSIGNANO MARITTIMO_86_86_AB_NCT (Impossibile smistare)
WARNING  | 2026-06-29 15:37:52,131 | FolderBuilder | File PDF non trovato in cache per la chiave: ROSIGNANO MARITTIMO_86_765_601_NCF (Impossibile smistare)
WARNING  | 2026-06-29 15:37:52,132 | FolderBuilder | File PDF non trovato in cache per la chiave: ROSIGNANO MARITTIMO_86_606_AA_NCT (Impossibile smistare)
WARNING  | 2026-06-29 15:37:52,133 | FolderBuilder | File PDF non trovato in cache per la chiave: ROSIGNANO MARITTIMO_86_606_AB_NCT (Impossibile smistare)
WARNING  | 2026-06-29 15:37:52,138 | FolderBuilder | File PDF non trovato in cache per la chiave: ROSIGNANO MARITTIMO_90_62_NCT (Impossibile smistare)
WARNING  | 2026-06-29 15:37:52,139 | FolderBuilder | File PDF non trovato in cache per la chiave: ROSIGNANO MARITTIMO_90_4_605_NCF (Impossibile smistare)
WARNING  | 2026-06-29 15:37:52,140 | FolderBuilder | File PDF non trovato in cache per la chiave: ROSIGNANO MARITTIMO_90_5_NCF (Impossibile smistare)
WARNING  | 2026-06-29 15:37:52,146 | FolderBuilder | File PDF non trovato in cache per la chiave: ROSIGNANO MARITTIMO_90_42_NCT (Impossibile smistare)
WARNING  | 2026-06-29 15:37:52,150 | FolderBuilder | File PDF non trovato in cache per la chiave: ROSIGNANO MARITTIMO_90_63_610_NCF (Impossibile smistare)
WARNING  | 2026-06-29 15:37:52,153 | FolderBuilder | File PDF non trovato in cache per la chiave: ROSIGNANO MARITTIMO_90_60_NCT (Impossibile smistare)
WARNING  | 2026-06-29 15:37:52,154 | FolderBuilder | File PDF non trovato in cache per la chiave: ROSIGNANO MARITTIMO_90_9_NCT (Impossibile smistare)
WARNING  | 2026-06-29 15:37:52,154 | FolderBuilder | File PDF non trovato in cache per la chiave: ROSIGNANO MARITTIMO_90_17_NCT (Impossibile smistare)
WARNING  | 2026-06-29 15:37:52,160 | FolderBuilder | File PDF non trovato in cache per la chiave: ROSIGNANO MARITTIMO_90_7_NCT (Impossibile smistare)
WARNING  | 2026-06-29 15:37:52,161 | FolderBuilder | File PDF non trovato in cache per la chiave: ROSIGNANO MARITTIMO_90_59_NCT (Impossibile smistare)
WARNING  | 2026-06-29 15:37:52,162 | FolderBuilder | File PDF non trovato in cache per la chiave: ROSIGNANO MARITTIMO_90_47_602_NCF (Impossibile smistare)
WARNING  | 2026-06-29 15:37:52,163 | FolderBuilder | File PDF non trovato in cache per la chiave: ROSIGNANO MARITTIMO_90_21_NCT (Impossibile smistare)
WARNING  | 2026-06-29 15:37:52,168 | FolderBuilder | File PDF non trovato in cache per la chiave: ROSIGNANO MARITTIMO_90_22_NCT (Impossibile smistare)
WARNING  | 2026-06-29 15:37:52,169 | FolderBuilder | File PDF non trovato in cache per la chiave: ROSIGNANO MARITTIMO_90_11_NCT (Impossibile smistare)
WARNING  | 2026-06-29 15:37:52,170 | FolderBuilder | File PDF non trovato in cache per la chiave: ROSIGNANO MARITTIMO_90_46_602_NCF (Impossibile smistare)
WARNING  | 2026-06-29 15:37:52,172 | FolderBuilder | File PDF non trovato in cache per la chiave: ROSIGNANO MARITTIMO_90_23_NCT (Impossibile smistare)
WARNING  | 2026-06-29 15:37:52,173 | FolderBuilder | File PDF non trovato in cache per la chiave: ROSIGNANO MARITTIMO_90_51_NCT (Impossibile smistare)
WARNING  | 2026-06-29 15:37:52,173 | FolderBuilder | File PDF non trovato in cache per la chiave: ROSIGNANO MARITTIMO_90_13_AA_NCT (Impossibile smistare)
WARNING  | 2026-06-29 15:37:52,179 | FolderBuilder | File PDF non trovato in cache per la chiave: ROSIGNANO MARITTIMO_90_13_AB_NCT (Impossibile smistare)
WARNING  | 2026-06-29 15:37:52,180 | FolderBuilder | File PDF non trovato in cache per la chiave: ROSIGNANO MARITTIMO_92_5_AA_NCT (Impossibile smistare)
WARNING  | 2026-06-29 15:37:52,182 | FolderBuilder | File PDF non trovato in cache per la chiave: ROSIGNANO MARITTIMO_92_5_AB_NCT (Impossibile smistare)
WARNING  | 2026-06-29 15:37:52,183 | FolderBuilder | File PDF non trovato in cache per la chiave: ROSIGNANO MARITTIMO_92_6_NCT (Impossibile smistare)
WARNING  | 2026-06-29 15:37:52,184 | FolderBuilder | File PDF non trovato in cache per la chiave: ROSIGNANO MARITTIMO_92_10_AA_NCT (Impossibile smistare)
WARNING  | 2026-06-29 15:37:52,185 | FolderBuilder | File PDF non trovato in cache per la chiave: ROSIGNANO MARITTIMO_92_10_AB_NCT (Impossibile smistare)
WARNING  | 2026-06-29 15:37:52,186 | FolderBuilder | File PDF non trovato in cache per la chiave: ROSIGNANO MARITTIMO_92_9_NCT (Impossibile smistare)
WARNING  | 2026-06-29 15:37:52,188 | FolderBuilder | File PDF non trovato in cache per la chiave: ROSIGNANO MARITTIMO_92_44_NCT (Impossibile smistare)
WARNING  | 2026-06-29 15:37:52,192 | FolderBuilder | File PDF non trovato in cache per la chiave: ROSIGNANO MARITTIMO_92_11_AA_NCT (Impossibile smistare)
WARNING  | 2026-06-29 15:37:52,194 | FolderBuilder | File PDF non trovato in cache per la chiave: ROSIGNANO MARITTIMO_92_11_AB_NCT (Impossibile smistare)
WARNING  | 2026-06-29 15:37:52,195 | FolderBuilder | File PDF non trovato in cache per la chiave: ROSIGNANO MARITTIMO_92_11_AC_NCT (Impossibile smistare)
WARNING  | 2026-06-29 15:37:52,199 | FolderBuilder | File PDF non trovato in cache per la chiave: ROSIGNANO MARITTIMO_92_39_NCT (Impossibile smistare)
WARNING  | 2026-06-29 15:37:52,200 | FolderBuilder | File PDF non trovato in cache per la chiave: ROSIGNANO MARITTIMO_98_138_NCT (Impossibile smistare)
WARNING  | 2026-06-29 15:37:52,201 | FolderBuilder | File PDF non trovato in cache per la chiave: ROSIGNANO MARITTIMO_98_139_NCT (Impossibile smistare)
WARNING  | 2026-06-29 15:37:52,202 | FolderBuilder | File PDF non trovato in cache per la chiave: ROSIGNANO MARITTIMO_98_154_NCT (Impossibile smistare)
WARNING  | 2026-06-29 15:37:52,206 | FolderBuilder | File PDF non trovato in cache per la chiave: ROSIGNANO MARITTIMO_98_155_NCT (Impossibile smistare)
WARNING  | 2026-06-29 15:37:52,212 | FolderBuilder | File PDF non trovato in cache per la chiave: ROSIGNANO MARITTIMO_98_44_NCF (Impossibile smistare)
WARNING  | 2026-06-29 15:37:52,213 | FolderBuilder | File PDF non trovato in cache per la chiave: ROSIGNANO MARITTIMO_98_153_NCT (Impossibile smistare)
WARNING  | 2026-06-29 15:37:52,214 | FolderBuilder | File PDF non trovato in cache per la chiave: ROSIGNANO MARITTIMO_98_8_AA_NCT (Impossibile smistare)
WARNING  | 2026-06-29 15:37:52,215 | FolderBuilder | File PDF non trovato in cache per la chiave: ROSIGNANO MARITTIMO_98_8_AB_NCT (Impossibile smistare)
WARNING  | 2026-06-29 15:37:52,216 | FolderBuilder | File PDF non trovato in cache per la chiave: ROSIGNANO MARITTIMO_98_40_NCT (Impossibile smistare)
WARNING  | 2026-06-29 15:37:52,221 | FolderBuilder | File PDF non trovato in cache per la chiave: ROSIGNANO MARITTIMO_98_161_NCT (Impossibile smistare)
WARNING  | 2026-06-29 15:37:52,225 | FolderBuilder | File PDF non trovato in cache per la chiave: ROSIGNANO MARITTIMO_98_162_NCT (Impossibile smistare)
WARNING  | 2026-06-29 15:37:52,226 | FolderBuilder | File PDF non trovato in cache per la chiave: ROSIGNANO MARITTIMO_98_163_NCT (Impossibile smistare)
WARNING  | 2026-06-29 15:37:52,227 | FolderBuilder | File PDF non trovato in cache per la chiave: ROSIGNANO MARITTIMO_98_46_NCF (Impossibile smistare)
WARNING  | 2026-06-29 15:37:52,232 | FolderBuilder | File PDF non trovato in cache per la chiave: ROSIGNANO MARITTIMO_98_45_NCT (Impossibile smistare)
WARNING  | 2026-06-29 15:37:52,234 | FolderBuilder | File PDF non trovato in cache per la chiave: ROSIGNANO MARITTIMO_98_85_NCT (Impossibile smistare)
WARNING  | 2026-06-29 15:37:52,235 | FolderBuilder | File PDF non trovato in cache per la chiave: ROSIGNANO MARITTIMO_98_86_NCT (Impossibile smistare)
WARNING  | 2026-06-29 15:37:52,240 | FolderBuilder | File PDF non trovato in cache per la chiave: ROSIGNANO MARITTIMO_98_87_NCT (Impossibile smistare)
WARNING  | 2026-06-29 15:37:52,241 | FolderBuilder | File PDF non trovato in cache per la chiave: ROSIGNANO MARITTIMO_102_302_NCT (Impossibile smistare)
WARNING  | 2026-06-29 15:37:52,242 | FolderBuilder | File PDF non trovato in cache per la chiave: ROSIGNANO MARITTIMO_102_303_NCT (Impossibile smistare)
WARNING  | 2026-06-29 15:37:52,243 | FolderBuilder | File PDF non trovato in cache per la chiave: ROSIGNANO MARITTIMO_102_300_NCT (Impossibile smistare)
WARNING  | 2026-06-29 15:37:52,244 | FolderBuilder | File PDF non trovato in cache per la chiave: ROSIGNANO MARITTIMO_102_301_NCT (Impossibile smistare)
WARNING  | 2026-06-29 15:37:52,245 | FolderBuilder | File PDF non trovato in cache per la chiave: ROSIGNANO MARITTIMO_102_350_NCF (Impossibile smistare)
WARNING  | 2026-06-29 15:37:52,246 | FolderBuilder | File PDF non trovato in cache per la chiave: ROSIGNANO MARITTIMO_98_79_NCF (Impossibile smistare)
WARNING  | 2026-06-29 15:37:52,247 | FolderBuilder | File PDF non trovato in cache per la chiave: ROSIGNANO MARITTIMO_98_81_NCT (Impossibile smistare)
WARNING  | 2026-06-29 15:37:52,248 | FolderBuilder | File PDF non trovato in cache per la chiave: ROSIGNANO MARITTIMO_98_101_NCF (Impossibile smistare)
WARNING  | 2026-06-29 15:37:52,249 | FolderBuilder | File PDF non trovato in cache per la chiave: ROSIGNANO MARITTIMO_98_13_AA_NCT (Impossibile smistare)
WARNING  | 2026-06-29 15:37:52,254 | FolderBuilder | File PDF non trovato in cache per la chiave: ROSIGNANO MARITTIMO_98_13_AB_NCT (Impossibile smistare)
WARNING  | 2026-06-29 15:37:52,255 | FolderBuilder | File PDF non trovato in cache per la chiave: ROSIGNANO MARITTIMO_98_16_NCT (Impossibile smistare)
WARNING  | 2026-06-29 15:37:52,260 | FolderBuilder | File PDF non trovato in cache per la chiave: ROSIGNANO MARITTIMO_98_4_AA_NCT (Impossibile smistare)
WARNING  | 2026-06-29 15:37:52,262 | FolderBuilder | File PDF non trovato in cache per la chiave: ROSIGNANO MARITTIMO_98_4_AB_NCT (Impossibile smistare)
WARNING  | 2026-06-29 15:37:52,267 | FolderBuilder | File PDF non trovato in cache per la chiave: ROSIGNANO MARITTIMO_98_17_AA_NCT (Impossibile smistare)
WARNING  | 2026-06-29 15:37:52,268 | FolderBuilder | File PDF non trovato in cache per la chiave: ROSIGNANO MARITTIMO_98_17_AB_NCT (Impossibile smistare)
WARNING  | 2026-06-29 15:37:52,270 | FolderBuilder | File PDF non trovato in cache per la chiave: ROSIGNANO MARITTIMO_98_171_NCT (Impossibile smistare)
WARNING  | 2026-06-29 15:37:52,270 | FolderBuilder | File PDF non trovato in cache per la chiave: ROSIGNANO MARITTIMO_98_29_AA_NCT (Impossibile smistare)
WARNING  | 2026-06-29 15:37:52,271 | FolderBuilder | File PDF non trovato in cache per la chiave: ROSIGNANO MARITTIMO_98_29_AB_NCT (Impossibile smistare)
WARNING  | 2026-06-29 15:37:52,272 | FolderBuilder | File PDF non trovato in cache per la chiave: ROSIGNANO MARITTIMO_98_142_AA_NCT (Impossibile smistare)
WARNING  | 2026-06-29 15:37:52,277 | FolderBuilder | File PDF non trovato in cache per la chiave: ROSIGNANO MARITTIMO_98_142_AB_NCT (Impossibile smistare)
WARNING  | 2026-06-29 15:37:52,278 | FolderBuilder | File PDF non trovato in cache per la chiave: ROSIGNANO MARITTIMO_98_31_AA_NCT (Impossibile smistare)
WARNING  | 2026-06-29 15:37:52,279 | FolderBuilder | File PDF non trovato in cache per la chiave: ROSIGNANO MARITTIMO_98_31_AB_NCT (Impossibile smistare)
WARNING  | 2026-06-29 15:37:52,280 | FolderBuilder | File PDF non trovato in cache per la chiave: ROSIGNANO MARITTIMO_98_144_NCT (Impossibile smistare)
WARNING  | 2026-06-29 15:37:52,286 | FolderBuilder | File PDF non trovato in cache per la chiave: ROSIGNANO MARITTIMO_98_32_NCT (Impossibile smistare)
WARNING  | 2026-06-29 15:37:52,287 | FolderBuilder | File PDF non trovato in cache per la chiave: ROSIGNANO MARITTIMO_98_114_NCT (Impossibile smistare)
WARNING  | 2026-06-29 15:37:52,288 | FolderBuilder | File PDF non trovato in cache per la chiave: ROSIGNANO MARITTIMO_98_146_NCT (Impossibile smistare)
WARNING  | 2026-06-29 15:37:52,292 | FolderBuilder | File PDF non trovato in cache per la chiave: ROSIGNANO MARITTIMO_98_168_NCT (Impossibile smistare)
WARNING  | 2026-06-29 15:37:52,293 | FolderBuilder | File PDF non trovato in cache per la chiave: ROSIGNANO MARITTIMO_98_118_NCT (Impossibile smistare)
WARNING  | 2026-06-29 15:37:52,294 | FolderBuilder | File PDF non trovato in cache per la chiave: ROSIGNANO MARITTIMO_81_1138_NCT (Impossibile smistare)
WARNING  | 2026-06-29 15:37:52,295 | FolderBuilder | File PDF non trovato in cache per la chiave: ROSIGNANO MARITTIMO_81_1143_NCF (Impossibile smistare)
WARNING  | 2026-06-29 15:37:52,296 | FolderBuilder | File PDF non trovato in cache per la chiave: ROSIGNANO MARITTIMO_86_673_NCF (Impossibile smistare)
WARNING  | 2026-06-29 15:37:52,301 | FolderBuilder | File PDF non trovato in cache per la chiave: ROSIGNANO MARITTIMO_86_50_NCT (Impossibile smistare)
WARNING  | 2026-06-29 15:37:52,302 | FolderBuilder | File PDF non trovato in cache per la chiave: ROSIGNANO MARITTIMO_86_49_NCT (Impossibile smistare)
WARNING  | 2026-06-29 15:37:52,306 | FolderBuilder | File PDF non trovato in cache per la chiave: ROSIGNANO MARITTIMO_86_35_NCT (Impossibile smistare)
WARNING  | 2026-06-29 15:37:52,312 | FolderBuilder | File PDF non trovato in cache per la chiave: ROSIGNANO MARITTIMO_86_543_NCT (Impossibile smistare)
WARNING  | 2026-06-29 15:37:52,313 | FolderBuilder | File PDF non trovato in cache per la chiave: ROSIGNANO MARITTIMO_86_581_NCT (Impossibile smistare)
WARNING  | 2026-06-29 15:37:52,318 | FolderBuilder | File PDF non trovato in cache per la chiave: ROSIGNANO MARITTIMO_86_584_610_NCT (Impossibile smistare)
WARNING  | 2026-06-29 15:37:52,322 | FolderBuilder | File PDF non trovato in cache per la chiave: ROSIGNANO MARITTIMO_86_589_AA_NCT (Impossibile smistare)
WARNING  | 2026-06-29 15:37:52,323 | FolderBuilder | File PDF non trovato in cache per la chiave: ROSIGNANO MARITTIMO_86_589_AB_NCT (Impossibile smistare)
WARNING  | 2026-06-29 15:37:52,324 | FolderBuilder | File PDF non trovato in cache per la chiave: ROSIGNANO MARITTIMO_86_44_NCF (Impossibile smistare)
WARNING  | 2026-06-29 15:37:52,328 | FolderBuilder | File PDF non trovato in cache per la chiave: ROSIGNANO MARITTIMO_86_583_NCT (Impossibile smistare)
WARNING  | 2026-06-29 15:37:52,329 | FolderBuilder | File PDF non trovato in cache per la chiave: ROSIGNANO MARITTIMO_86_907_NCT (Impossibile smistare)
WARNING  | 2026-06-29 15:37:52,331 | FolderBuilder | File PDF non trovato in cache per la chiave: ROSIGNANO MARITTIMO_86_908_NCT (Impossibile smistare)
WARNING  | 2026-06-29 15:37:52,332 | FolderBuilder | File PDF non trovato in cache per la chiave: ROSIGNANO MARITTIMO_86_797_NCT (Impossibile smistare)
WARNING  | 2026-06-29 15:37:52,333 | FolderBuilder | File PDF non trovato in cache per la chiave: ROSIGNANO MARITTIMO_86_120_NCT (Impossibile smistare)
WARNING  | 2026-06-29 15:37:52,334 | FolderBuilder | File PDF non trovato in cache per la chiave: ROSIGNANO MARITTIMO_86_798_NCT (Impossibile smistare)
WARNING  | 2026-06-29 15:37:52,335 | FolderBuilder | File PDF non trovato in cache per la chiave: ROSIGNANO MARITTIMO_86_111_NCT (Impossibile smistare)
WARNING  | 2026-06-29 15:37:52,336 | FolderBuilder | File PDF non trovato in cache per la chiave: ROSIGNANO MARITTIMO_86_107_NCT (Impossibile smistare)
WARNING  | 2026-06-29 15:37:52,340 | FolderBuilder | File PDF non trovato in cache per la chiave: ROSIGNANO MARITTIMO_86_63_617_NCF (Impossibile smistare)
WARNING  | 2026-06-29 15:37:52,342 | FolderBuilder | File PDF non trovato in cache per la chiave: ROSIGNANO MARITTIMO_86_913_601_NCF (Impossibile smistare)
WARNING  | 2026-06-29 15:37:52,343 | FolderBuilder | File PDF non trovato in cache per la chiave: ROSIGNANO MARITTIMO_91_337_601_NCF (Impossibile smistare)
WARNING  | 2026-06-29 15:37:52,344 | FolderBuilder | File PDF non trovato in cache per la chiave: ROSIGNANO MARITTIMO_91_179_612_NCF (Impossibile smistare)
WARNING  | 2026-06-29 15:37:52,348 | FolderBuilder | File PDF non trovato in cache per la chiave: ROSIGNANO MARITTIMO_91_179_613_NCF (Impossibile smistare)
WARNING  | 2026-06-29 15:37:52,354 | FolderBuilder | File PDF non trovato in cache per la chiave: ROSIGNANO MARITTIMO_91_179_614_NCF (Impossibile smistare)
WARNING  | 2026-06-29 15:37:52,355 | FolderBuilder | File PDF non trovato in cache per la chiave: ROSIGNANO MARITTIMO_91_179_608_NCF (Impossibile smistare)
WARNING  | 2026-06-29 15:37:52,355 | FolderBuilder | File PDF non trovato in cache per la chiave: ROSIGNANO MARITTIMO_91_81_605_NCF (Impossibile smistare)
WARNING  | 2026-06-29 15:37:52,360 | FolderBuilder | File PDF non trovato in cache per la chiave: ROSIGNANO MARITTIMO_91_81_625_NCF (Impossibile smistare)
WARNING  | 2026-06-29 15:37:52,361 | FolderBuilder | File PDF non trovato in cache per la chiave: ROSIGNANO MARITTIMO_91_314_NCT (Impossibile smistare)
WARNING  | 2026-06-29 15:37:52,367 | FolderBuilder | File PDF non trovato in cache per la chiave: ROSIGNANO MARITTIMO_91_291_610_NCT (Impossibile smistare)
WARNING  | 2026-06-29 15:37:52,368 | FolderBuilder | File PDF non trovato in cache per la chiave: ROSIGNANO MARITTIMO_85_3_NCF (Impossibile smistare)
WARNING  | 2026-06-29 15:37:52,369 | FolderBuilder | File PDF non trovato in cache per la chiave: ROSIGNANO MARITTIMO_90_69_NCT (Impossibile smistare)
WARNING  | 2026-06-29 15:37:52,370 | FolderBuilder | File PDF non trovato in cache per la chiave: ROSIGNANO MARITTIMO_92_46_NCT (Impossibile smistare)
WARNING  | 2026-06-29 15:37:52,374 | FolderBuilder | File PDF non trovato in cache per la chiave: ROSIGNANO MARITTIMO_92_45_NCT (Impossibile smistare)
WARNING  | 2026-06-29 15:37:52,375 | FolderBuilder | File PDF non trovato in cache per la chiave: ROSIGNANO MARITTIMO_92_26_NCT (Impossibile smistare)
WARNING  | 2026-06-29 15:37:52,376 | FolderBuilder | File PDF non trovato in cache per la chiave: ROSIGNANO MARITTIMO_92_22_NCT (Impossibile smistare)
WARNING  | 2026-06-29 15:37:52,381 | FolderBuilder | File PDF non trovato in cache per la chiave: ROSIGNANO MARITTIMO_98_56_NCF (Impossibile smistare)
WARNING  | 2026-06-29 15:37:52,382 | FolderBuilder | File PDF non trovato in cache per la chiave: ROSIGNANO MARITTIMO_98_19_NCT (Impossibile smistare)
WARNING  | 2026-06-29 15:37:52,387 | FolderBuilder | File PDF non trovato in cache per la chiave: ROSIGNANO MARITTIMO_98_102_NCF (Impossibile smistare)
WARNING  | 2026-06-29 15:37:52,388 | FolderBuilder | File PDF non trovato in cache per la chiave: ROSIGNANO MARITTIMO_98_80_601_NCF (Impossibile smistare)
WARNING  | 2026-06-29 15:37:52,389 | FolderBuilder | File PDF non trovato in cache per la chiave: ROSIGNANO MARITTIMO_98_95_NCT (Impossibile smistare)
WARNING  | 2026-06-29 15:37:52,395 | FolderBuilder | File PDF non trovato in cache per la chiave: ROSIGNANO MARITTIMO_90_25_602_NCF (Impossibile smistare)
WARNING  | 2026-06-29 15:37:52,396 | FolderBuilder | File PDF non trovato in cache per la chiave: ROSIGNANO MARITTIMO_86_540_NCF (Impossibile smistare)
WARNING  | 2026-06-29 15:37:52,401 | FolderBuilder | File PDF non trovato in cache per la chiave: ROSIGNANO MARITTIMO_86_591_NCF (Impossibile smistare)
WARNING  | 2026-06-29 15:37:52,402 | FolderBuilder | File PDF non trovato in cache per la chiave: ROSIGNANO MARITTIMO_86_594_NCF (Impossibile smistare)
WARNING  | 2026-06-29 15:37:52,403 | FolderBuilder | File PDF non trovato in cache per la chiave: ROSIGNANO MARITTIMO_86_597_NCT (Impossibile smistare)
WARNING  | 2026-06-29 15:37:52,404 | FolderBuilder | File PDF non trovato in cache per la chiave: ROSIGNANO MARITTIMO_86_599_NCT (Impossibile smistare)
WARNING  | 2026-06-29 15:37:52,409 | FolderBuilder | File PDF non trovato in cache per la chiave: ROSIGNANO MARITTIMO_86_794_NCT (Impossibile smistare)
WARNING  | 2026-06-29 15:37:52,410 | FolderBuilder | File PDF non trovato in cache per la chiave: ROSIGNANO MARITTIMO_86_544_NCT (Impossibile smistare)
WARNING  | 2026-06-29 15:37:52,411 | FolderBuilder | File PDF non trovato in cache per la chiave: ROSIGNANO MARITTIMO_86_545_NCT (Impossibile smistare)
WARNING  | 2026-06-29 15:37:52,415 | FolderBuilder | File PDF non trovato in cache per la chiave: ROSIGNANO MARITTIMO_86_550_NCT (Impossibile smistare)
WARNING  | 2026-06-29 15:37:52,417 | FolderBuilder | File PDF non trovato in cache per la chiave: ROSIGNANO MARITTIMO_86_520_NCF (Impossibile smistare)
WARNING  | 2026-06-29 15:37:52,418 | FolderBuilder | File PDF non trovato in cache per la chiave: ROSIGNANO MARITTIMO_86_521_NCF (Impossibile smistare)
WARNING  | 2026-06-29 15:37:52,419 | FolderBuilder | File PDF non trovato in cache per la chiave: ROSIGNANO MARITTIMO_86_604_NCF (Impossibile smistare)
WARNING  | 2026-06-29 15:37:52,420 | FolderBuilder | File PDF non trovato in cache per la chiave: ROSIGNANO MARITTIMO_98_117_AA_NCT (Impossibile smistare)
WARNING  | 2026-06-29 15:37:52,421 | FolderBuilder | File PDF non trovato in cache per la chiave: ROSIGNANO MARITTIMO_98_117_AB_NCT (Impossibile smistare)
INFO     | 2026-06-29 15:37:52,421 | FolderBuilder | Smistamento completato. Effettuate 30 copie conformi nel nuovo layout d'impianto.
INFO     | 2026-06-29 15:37:52,429 | Reporters    | Avvio generazione del report unificato delle eccezioni...
INFO     | 2026-06-29 15:37:54,021 | Reporters    | ✅ Report delle eccezioni salvato con successo in: report_eccezioni_20260629_153752.xlsx
INFO     | 2026-06-29 15:37:54,021 | Reporters    |    📊 Riepilogo anomalie -> Totale: 101
INFO     | 2026-06-29 15:37:54,029 | Orchestrator | ============================================================
INFO     | 2026-06-29 15:37:54,083 | Orchestrator |          Workflow terminato. Risorse salvate e consolidate!
INFO     | 2026-06-29 15:37:54,084 | Orchestrator | ============================================================
INFO     | 2026-06-29 15:39:40,124 | Orchestrator | === [FASE 1] CARICAMENTO DATI LOCALI ===
INFO     | 2026-06-29 15:39:40,360 | Orchestrator | Righe valide: 446 | Job unici da elaborare: 167
INFO     | 2026-06-29 15:39:40,361 | Orchestrator | === [FASE 2] AVVIO AUTOMAZIONE SISTER ===
INFO     | 2026-06-29 15:40:27,191 | Orchestrator |  Finestra corretta agganciata: https://sister3.agenziaentrate.gov.it/Visure/SceltaLink.do?lista=IMM&codUfficio=LI
INFO     | 2026-06-29 15:40:27,204 | Orchestrator | [1/167] Elaborazione chiave: ROSIGNANO MARITTIMO_81_1145_NCT
INFO     | 2026-06-29 15:40:27,276 | SisterClient |    🎯 Form individuato nel Frame [0] (Tentativo radar 1/5). Verifica e iniezione dati...
INFO     | 2026-06-29 15:40:27,340 | SisterClient |    -> Cambio comune rilevato. Imposto: ROSIGNANO MARITTIMO...
INFO     | 2026-06-29 15:40:35,805 | SisterClient | 🤖 [GPT VISION] Codice analizzato per ROSIGNANO MARITTIMO FG 81 PART 1145 -> Tentativo: 'vacambeo'
INFO     | 2026-06-29 15:40:37,053 | SisterClient |    ✅ Codice accettato al tentativo [1/2]!
INFO     | 2026-06-29 15:40:37,054 | CacheManager | Intercettazione del download per la visura: ROSIGNANO MARITTIMO_81_1145_NCT
INFO     | 2026-06-29 15:40:41,544 | Orchestrator | Visura scaricata ed inserita in cache.
INFO     | 2026-06-29 15:40:41,545 | SisterClient | 🔄 Avvio della procedura di ritorno alla maschera principale...
INFO     | 2026-06-29 15:40:41,631 | SisterClient |    -> [Passo 1] Clic su bottone 'Indietro' strutturale.
INFO     | 2026-06-29 15:40:44,048 | SisterClient |    -> [Passo 2] Clic su bottone 'Indietro' strutturale.
INFO     | 2026-06-29 15:40:46,352 | SisterClient | ✅ Maschera principale agganciata con successo. Pronto per il prossimo job.
INFO     | 2026-06-29 15:40:46,355 | Orchestrator |    ⏳ Pausa mimetica: attendo 5.45 secondi prima del prossimo record...
INFO     | 2026-06-29 15:40:51,818 | Orchestrator | [2/167] Elaborazione chiave: ROSIGNANO MARITTIMO_81_1148_NCT
INFO     | 2026-06-29 15:40:51,824 | SisterClient |    🎯 Form individuato nel Frame [0] (Tentativo radar 1/5). Verifica e iniezione dati...
INFO     | 2026-06-29 15:40:51,859 | SisterClient |    -> Comune 'ROSIGNANO MARITTIMO' già agganciato. Salto la selezione del dropdown.
INFO     | 2026-06-29 15:40:55,495 | SisterClient | 🤖 [GPT VISION] Codice analizzato per ROSIGNANO MARITTIMO FG 81 PART 1148 -> Tentativo: 'qisedoti'
INFO     | 2026-06-29 15:40:56,644 | SisterClient |    ✅ Codice accettato al tentativo [1/2]!
INFO     | 2026-06-29 15:40:56,644 | CacheManager | Intercettazione del download per la visura: ROSIGNANO MARITTIMO_81_1148_NCT
INFO     | 2026-06-29 15:41:00,505 | Orchestrator | Visura scaricata ed inserita in cache.
INFO     | 2026-06-29 15:41:00,506 | SisterClient | 🔄 Avvio della procedura di ritorno alla maschera principale...
INFO     | 2026-06-29 15:41:00,556 | SisterClient |    -> [Passo 1] Clic su bottone 'Indietro' strutturale.
INFO     | 2026-06-29 15:41:02,855 | SisterClient |    -> [Passo 2] Clic su bottone 'Indietro' strutturale.
INFO     | 2026-06-29 15:41:05,203 | SisterClient | ✅ Maschera principale agganciata con successo. Pronto per il prossimo job.
INFO     | 2026-06-29 15:41:05,204 | Orchestrator |    ⏳ Pausa mimetica: attendo 8.67 secondi prima del prossimo record...
INFO     | 2026-06-29 15:41:13,890 | Orchestrator | [3/167] Elaborazione chiave: ROSIGNANO MARITTIMO_81_259_AA_NCT
INFO     | 2026-06-29 15:41:13,892 | Orchestrator |    -> Job già  presente in cache (Skip).
INFO     | 2026-06-29 15:41:13,901 | Orchestrator | [4/167] Elaborazione chiave: ROSIGNANO MARITTIMO_81_259_AB_NCT
INFO     | 2026-06-29 15:41:13,913 | Orchestrator |    -> Job già  presente in cache (Skip).
INFO     | 2026-06-29 15:41:13,920 | Orchestrator | [5/167] Elaborazione chiave: ROSIGNANO MARITTIMO_81_262_NCT
INFO     | 2026-06-29 15:41:13,931 | Orchestrator |    -> Job già  presente in cache (Skip).
INFO     | 2026-06-29 15:41:13,938 | Orchestrator | [6/167] Elaborazione chiave: ROSIGNANO MARITTIMO_81_1151_NCT
INFO     | 2026-06-29 15:41:13,946 | SisterClient |    🎯 Form individuato nel Frame [0] (Tentativo radar 1/5). Verifica e iniezione dati...
INFO     | 2026-06-29 15:41:13,979 | SisterClient |    -> Comune 'ROSIGNANO MARITTIMO' già agganciato. Salto la selezione del dropdown.
INFO     | 2026-06-29 15:41:17,258 | SisterClient | 🤖 [GPT VISION] Codice analizzato per ROSIGNANO MARITTIMO FG 81 PART 1151 -> Tentativo: 'scrrazi'
WARNING  | 2026-06-29 15:41:18,271 | SisterClient |    ⚠️ Tentativo [1/2] fallito (Codice errato). Sister ha rigenerato l'immagine.
INFO     | 2026-06-29 15:41:20,089 | SisterClient | 🤖 [GPT VISION] Codice analizzato per ROSIGNANO MARITTIMO FG 81 PART 1151 -> Tentativo: 'bagrona'
WARNING  | 2026-06-29 15:41:21,091 | SisterClient |    ⚠️ Tentativo [2/2] fallito (Codice errato). Sister ha rigenerato l'immagine.
ERROR    | 2026-06-29 15:41:21,091 | SisterClient |    ❌ Falliti 2 tentativi di codice consecutivi per la particella 1151.
ERROR    | 2026-06-29 15:41:21,996 | Orchestrator | Anomalia riscontrata sul record: Codice di sicurezza errato per 2 volte consecutive. Record saltato.
INFO     | 2026-06-29 15:41:21,997 | SisterClient | 🔄 Avvio della procedura di ritorno alla maschera principale...
INFO     | 2026-06-29 15:41:22,020 | SisterClient | ✅ Maschera principale agganciata con successo. Pronto per il prossimo job.
INFO     | 2026-06-29 15:41:22,021 | Orchestrator |    ⏳ Pausa mimetica: attendo 6.05 secondi prima del prossimo record...
INFO     | 2026-06-29 15:41:28,093 | Orchestrator | [7/167] Elaborazione chiave: ROSIGNANO MARITTIMO_81_1154_NCT
INFO     | 2026-06-29 15:41:28,094 | Orchestrator |    -> Job già  presente in cache (Skip).
INFO     | 2026-06-29 15:41:28,103 | Orchestrator | [8/167] Elaborazione chiave: ROSIGNANO MARITTIMO_81_1157_NCT
INFO     | 2026-06-29 15:41:28,106 | Orchestrator |    -> Job già  presente in cache (Skip).
INFO     | 2026-06-29 15:41:28,116 | Orchestrator | [9/167] Elaborazione chiave: ROSIGNANO MARITTIMO_81_1160_NCT
INFO     | 2026-06-29 15:41:28,126 | Orchestrator |    -> Job già  presente in cache (Skip).
INFO     | 2026-06-29 15:41:28,130 | Orchestrator | [10/167] Elaborazione chiave: ROSIGNANO MARITTIMO_81_1165_NCT
INFO     | 2026-06-29 15:41:28,134 | Orchestrator |    -> Job già  presente in cache (Skip).
INFO     | 2026-06-29 15:41:28,135 | Orchestrator | [11/167] Elaborazione chiave: ROSIGNANO MARITTIMO_86_717_NCT
INFO     | 2026-06-29 15:41:28,145 | Orchestrator |    -> Job già  presente in cache (Skip).
INFO     | 2026-06-29 15:41:28,149 | Orchestrator | [12/167] Elaborazione chiave: ROSIGNANO MARITTIMO_86_709_NCT
INFO     | 2026-06-29 15:41:28,157 | Orchestrator |    -> Job già  presente in cache (Skip).
INFO     | 2026-06-29 15:41:28,178 | Orchestrator | [13/167] Elaborazione chiave: ROSIGNANO MARITTIMO_86_706_NCT
INFO     | 2026-06-29 15:41:28,186 | SisterClient |    🎯 Form individuato nel Frame [0] (Tentativo radar 1/5). Verifica e iniezione dati...
INFO     | 2026-06-29 15:41:28,224 | SisterClient |    -> Comune 'ROSIGNANO MARITTIMO' già agganciato. Salto la selezione del dropdown.
INFO     | 2026-06-29 15:41:39,576 | SisterClient | 🤖 [GPT VISION] Codice analizzato per ROSIGNANO MARITTIMO FG 86 PART 706 -> Tentativo: 'miforiva'
WARNING  | 2026-06-29 15:41:40,612 | SisterClient |    ⚠️ Tentativo [1/2] fallito (Codice errato). Sister ha rigenerato l'immagine.
INFO     | 2026-06-29 15:41:42,865 | SisterClient | 🤖 [GPT VISION] Codice analizzato per ROSIGNANO MARITTIMO FG 86 PART 706 -> Tentativo: 'cutrine'
WARNING  | 2026-06-29 15:41:43,807 | SisterClient |    ⚠️ Tentativo [2/2] fallito (Codice errato). Sister ha rigenerato l'immagine.
ERROR    | 2026-06-29 15:41:43,807 | SisterClient |    ❌ Falliti 2 tentativi di codice consecutivi per la particella 706.
ERROR    | 2026-06-29 15:41:44,711 | Orchestrator | Anomalia riscontrata sul record: Codice di sicurezza errato per 2 volte consecutive. Record saltato.
INFO     | 2026-06-29 15:41:44,712 | SisterClient | 🔄 Avvio della procedura di ritorno alla maschera principale...
INFO     | 2026-06-29 15:41:44,736 | SisterClient | ✅ Maschera principale agganciata con successo. Pronto per il prossimo job.
INFO     | 2026-06-29 15:41:44,736 | Orchestrator |    ⏳ Pausa mimetica: attendo 7.77 secondi prima del prossimo record...
INFO     | 2026-06-29 15:41:52,522 | Orchestrator | [14/167] Elaborazione chiave: ROSIGNANO MARITTIMO_86_799_NCT
INFO     | 2026-06-29 15:41:52,523 | Orchestrator |    -> Job già  presente in cache (Skip).
INFO     | 2026-06-29 15:41:52,526 | Orchestrator | [15/167] Elaborazione chiave: ROSIGNANO MARITTIMO_86_714_NCT
INFO     | 2026-06-29 15:41:52,534 | Orchestrator |    -> Job già  presente in cache (Skip).
INFO     | 2026-06-29 15:41:52,537 | Orchestrator | [16/167] Elaborazione chiave: ROSIGNANO MARITTIMO_86_712_NCT
INFO     | 2026-06-29 15:41:52,540 | Orchestrator |    -> Job già  presente in cache (Skip).
INFO     | 2026-06-29 15:41:52,542 | Orchestrator | [17/167] Elaborazione chiave: ROSIGNANO MARITTIMO_86_713_NCT
INFO     | 2026-06-29 15:41:52,555 | SisterClient |    🎯 Form individuato nel Frame [0] (Tentativo radar 1/5). Verifica e iniezione dati...
INFO     | 2026-06-29 15:41:52,589 | SisterClient |    -> Comune 'ROSIGNANO MARITTIMO' già agganciato. Salto la selezione del dropdown.
INFO     | 2026-06-29 15:41:56,430 | SisterClient | 🤖 [GPT VISION] Codice analizzato per ROSIGNANO MARITTIMO FG 86 PART 713 -> Tentativo: 'sonattivu'
WARNING  | 2026-06-29 15:41:57,460 | SisterClient |    ⚠️ Tentativo [1/2] fallito (Codice errato). Sister ha rigenerato l'immagine.
INFO     | 2026-06-29 15:41:59,433 | SisterClient | 🤖 [GPT VISION] Codice analizzato per ROSIGNANO MARITTIMO FG 86 PART 713 -> Tentativo: 'buneciva'
INFO     | 2026-06-29 15:42:00,544 | SisterClient |    ✅ Codice accettato al tentativo [2/2]!
INFO     | 2026-06-29 15:42:00,545 | CacheManager | Intercettazione del download per la visura: ROSIGNANO MARITTIMO_86_713_NCT
INFO     | 2026-06-29 15:42:04,394 | Orchestrator | Visura scaricata ed inserita in cache.
INFO     | 2026-06-29 15:42:04,395 | SisterClient | 🔄 Avvio della procedura di ritorno alla maschera principale...
INFO     | 2026-06-29 15:42:04,447 | SisterClient |    -> [Passo 1] Clic su bottone 'Indietro' strutturale.
INFO     | 2026-06-29 15:42:07,647 | SisterClient |    -> [Passo 2] Clic su bottone 'Indietro' strutturale.
INFO     | 2026-06-29 15:42:10,439 | SisterClient | ✅ Maschera principale agganciata con successo. Pronto per il prossimo job.
INFO     | 2026-06-29 15:42:10,440 | Orchestrator |    ⏳ Pausa mimetica: attendo 7.72 secondi prima del prossimo record...
INFO     | 2026-06-29 15:42:18,175 | Orchestrator | [18/167] Elaborazione chiave: ROSIGNANO MARITTIMO_86_707_NCT
INFO     | 2026-06-29 15:42:18,181 | SisterClient |    🎯 Form individuato nel Frame [0] (Tentativo radar 1/5). Verifica e iniezione dati...
INFO     | 2026-06-29 15:42:18,217 | SisterClient |    -> Comune 'ROSIGNANO MARITTIMO' già agganciato. Salto la selezione del dropdown.
INFO     | 2026-06-29 15:42:21,698 | SisterClient | 🤖 [GPT VISION] Codice analizzato per ROSIGNANO MARITTIMO FG 86 PART 707 -> Tentativo: 'vocoppia'
WARNING  | 2026-06-29 15:42:22,647 | SisterClient |    ⚠️ Tentativo [1/2] fallito (Codice errato). Sister ha rigenerato l'immagine.
INFO     | 2026-06-29 15:42:24,546 | SisterClient | 🤖 [GPT VISION] Codice analizzato per ROSIGNANO MARITTIMO FG 86 PART 707 -> Tentativo: 'saresino'
INFO     | 2026-06-29 15:42:25,758 | SisterClient |    ✅ Codice accettato al tentativo [2/2]!
INFO     | 2026-06-29 15:42:25,758 | CacheManager | Intercettazione del download per la visura: ROSIGNANO MARITTIMO_86_707_NCT
INFO     | 2026-06-29 15:42:29,545 | Orchestrator | Visura scaricata ed inserita in cache.
INFO     | 2026-06-29 15:42:29,546 | SisterClient | 🔄 Avvio della procedura di ritorno alla maschera principale...
INFO     | 2026-06-29 15:42:29,605 | SisterClient |    -> [Passo 1] Clic su bottone 'Indietro' strutturale.
INFO     | 2026-06-29 15:42:31,869 | SisterClient |    -> [Passo 2] Clic su bottone 'Indietro' strutturale.
INFO     | 2026-06-29 15:42:34,317 | SisterClient | ✅ Maschera principale agganciata con successo. Pronto per il prossimo job.
INFO     | 2026-06-29 15:42:34,318 | Orchestrator |    ⏳ Pausa mimetica: attendo 8.90 secondi prima del prossimo record...
INFO     | 2026-06-29 15:42:43,228 | Orchestrator | [19/167] Elaborazione chiave: ROSIGNANO MARITTIMO_86_710_AA_NCT
INFO     | 2026-06-29 15:42:43,233 | SisterClient |    🎯 Form individuato nel Frame [0] (Tentativo radar 1/5). Verifica e iniezione dati...
INFO     | 2026-06-29 15:42:43,266 | SisterClient |    -> Comune 'ROSIGNANO MARITTIMO' già agganciato. Salto la selezione del dropdown.
INFO     | 2026-06-29 15:42:46,564 | SisterClient | 🤖 [GPT VISION] Codice analizzato per ROSIGNANO MARITTIMO FG 86 PART 710 -> Tentativo: 'zommnito'
WARNING  | 2026-06-29 15:42:47,560 | SisterClient |    ⚠️ Tentativo [1/2] fallito (Codice errato). Sister ha rigenerato l'immagine.
INFO     | 2026-06-29 15:42:49,529 | SisterClient | 🤖 [GPT VISION] Codice analizzato per ROSIGNANO MARITTIMO FG 86 PART 710 -> Tentativo: 'nimera'
INFO     | 2026-06-29 15:42:50,656 | SisterClient |    ✅ Codice accettato al tentativo [2/2]!
INFO     | 2026-06-29 15:42:50,657 | CacheManager | Intercettazione del download per la visura: ROSIGNANO MARITTIMO_86_710_AA_NCT
INFO     | 2026-06-29 15:42:54,484 | Orchestrator | Visura scaricata ed inserita in cache.
INFO     | 2026-06-29 15:42:54,486 | SisterClient | 🔄 Avvio della procedura di ritorno alla maschera principale...
INFO     | 2026-06-29 15:42:54,548 | SisterClient |    -> [Passo 1] Clic su bottone 'Indietro' strutturale.
INFO     | 2026-06-29 15:42:56,755 | SisterClient |    -> [Passo 2] Clic su bottone 'Indietro' strutturale.
INFO     | 2026-06-29 15:42:58,999 | SisterClient | ✅ Maschera principale agganciata con successo. Pronto per il prossimo job.
INFO     | 2026-06-29 15:42:59,000 | Orchestrator |    ⏳ Pausa mimetica: attendo 7.75 secondi prima del prossimo record...
INFO     | 2026-06-29 15:43:06,771 | Orchestrator | [20/167] Elaborazione chiave: ROSIGNANO MARITTIMO_86_710_AB_NCT
INFO     | 2026-06-29 15:43:06,777 | SisterClient |    🎯 Form individuato nel Frame [0] (Tentativo radar 1/5). Verifica e iniezione dati...
INFO     | 2026-06-29 15:43:06,810 | SisterClient |    -> Comune 'ROSIGNANO MARITTIMO' già agganciato. Salto la selezione del dropdown.
INFO     | 2026-06-29 15:43:09,718 | SisterClient | 🤖 [GPT VISION] Codice analizzato per ROSIGNANO MARITTIMO FG 86 PART 710 -> Tentativo: 'amfobira'
WARNING  | 2026-06-29 15:43:10,859 | SisterClient |    ⚠️ Tentativo [1/2] fallito (Codice errato). Sister ha rigenerato l'immagine.
INFO     | 2026-06-29 15:43:12,389 | SisterClient | 🤖 [GPT VISION] Codice analizzato per ROSIGNANO MARITTIMO FG 86 PART 710 -> Tentativo: 'davasoni'
INFO     | 2026-06-29 15:43:13,542 | SisterClient |    ✅ Codice accettato al tentativo [2/2]!
INFO     | 2026-06-29 15:43:13,543 | CacheManager | Intercettazione del download per la visura: ROSIGNANO MARITTIMO_86_710_AB_NCT
INFO     | 2026-06-29 15:43:17,742 | Orchestrator | Visura scaricata ed inserita in cache.
INFO     | 2026-06-29 15:43:17,743 | SisterClient | 🔄 Avvio della procedura di ritorno alla maschera principale...
INFO     | 2026-06-29 15:43:17,811 | SisterClient |    -> [Passo 1] Clic su bottone 'Indietro' strutturale.
INFO     | 2026-06-29 15:43:20,594 | SisterClient |    -> [Passo 2] Clic su bottone 'Indietro' strutturale.
INFO     | 2026-06-29 15:43:22,851 | SisterClient | ✅ Maschera principale agganciata con successo. Pronto per il prossimo job.
INFO     | 2026-06-29 15:43:22,851 | Orchestrator |    ⏳ Pausa mimetica: attendo 1.88 secondi prima del prossimo record...
INFO     | 2026-06-29 15:43:24,755 | Orchestrator | [21/167] Elaborazione chiave: ROSIGNANO MARITTIMO_86_796_NCT
INFO     | 2026-06-29 15:43:24,761 | SisterClient |    🎯 Form individuato nel Frame [0] (Tentativo radar 1/5). Verifica e iniezione dati...
INFO     | 2026-06-29 15:43:24,791 | SisterClient |    -> Comune 'ROSIGNANO MARITTIMO' già agganciato. Salto la selezione del dropdown.
INFO     | 2026-06-29 15:43:27,947 | SisterClient | 🤖 [GPT VISION] Codice analizzato per ROSIGNANO MARITTIMO FG 86 PART 796 -> Tentativo: 'fregante'
WARNING  | 2026-06-29 15:43:28,986 | SisterClient |    ⚠️ Tentativo [1/2] fallito (Codice errato). Sister ha rigenerato l'immagine.
INFO     | 2026-06-29 15:43:30,394 | SisterClient | 🤖 [GPT VISION] Codice analizzato per ROSIGNANO MARITTIMO FG 86 PART 796 -> Tentativo: 'avvissose'
WARNING  | 2026-06-29 15:43:31,349 | SisterClient |    ⚠️ Tentativo [2/2] fallito (Codice errato). Sister ha rigenerato l'immagine.
ERROR    | 2026-06-29 15:43:31,350 | SisterClient |    ❌ Falliti 2 tentativi di codice consecutivi per la particella 796.
ERROR    | 2026-06-29 15:43:32,264 | Orchestrator | Anomalia riscontrata sul record: Codice di sicurezza errato per 2 volte consecutive. Record saltato.
INFO     | 2026-06-29 15:43:32,265 | SisterClient | 🔄 Avvio della procedura di ritorno alla maschera principale...
INFO     | 2026-06-29 15:43:32,290 | SisterClient | ✅ Maschera principale agganciata con successo. Pronto per il prossimo job.
INFO     | 2026-06-29 15:43:32,291 | Orchestrator |    ⏳ Pausa mimetica: attendo 7.94 secondi prima del prossimo record...
INFO     | 2026-06-29 15:43:40,239 | Orchestrator | [22/167] Elaborazione chiave: ROSIGNANO MARITTIMO_86_782_NCT
INFO     | 2026-06-29 15:43:40,244 | SisterClient |    🎯 Form individuato nel Frame [0] (Tentativo radar 1/5). Verifica e iniezione dati...
INFO     | 2026-06-29 15:43:40,277 | SisterClient |    -> Comune 'ROSIGNANO MARITTIMO' già agganciato. Salto la selezione del dropdown.
INFO     | 2026-06-29 15:43:43,334 | SisterClient | 🤖 [GPT VISION] Codice analizzato per ROSIGNANO MARITTIMO FG 86 PART 782 -> Tentativo: 'gavazino'
INFO     | 2026-06-29 15:43:44,626 | SisterClient |    ✅ Codice accettato al tentativo [1/2]!
INFO     | 2026-06-29 15:43:44,627 | CacheManager | Intercettazione del download per la visura: ROSIGNANO MARITTIMO_86_782_NCT
INFO     | 2026-06-29 15:43:48,884 | Orchestrator | Visura scaricata ed inserita in cache.
INFO     | 2026-06-29 15:43:48,886 | SisterClient | 🔄 Avvio della procedura di ritorno alla maschera principale...
INFO     | 2026-06-29 15:43:48,973 | SisterClient |    -> [Passo 1] Clic su bottone 'Indietro' strutturale.
INFO     | 2026-06-29 15:43:51,203 | SisterClient |    -> [Passo 2] Clic su bottone 'Indietro' strutturale.
INFO     | 2026-06-29 15:43:53,475 | SisterClient | ✅ Maschera principale agganciata con successo. Pronto per il prossimo job.
INFO     | 2026-06-29 15:43:53,476 | Orchestrator |    ⏳ Pausa mimetica: attendo 3.25 secondi prima del prossimo record...
INFO     | 2026-06-29 15:43:56,755 | Orchestrator | [23/167] Elaborazione chiave: ROSIGNANO MARITTIMO_86_59_NCT
INFO     | 2026-06-29 15:43:56,761 | SisterClient |    🎯 Form individuato nel Frame [0] (Tentativo radar 1/5). Verifica e iniezione dati...
INFO     | 2026-06-29 15:43:56,794 | SisterClient |    -> Comune 'ROSIGNANO MARITTIMO' già agganciato. Salto la selezione del dropdown.
INFO     | 2026-06-29 15:44:00,612 | SisterClient | 🤖 [GPT VISION] Codice analizzato per ROSIGNANO MARITTIMO FG 86 PART 59 -> Tentativo: 'albenidi'
INFO     | 2026-06-29 15:44:01,806 | SisterClient |    ✅ Codice accettato al tentativo [1/2]!
INFO     | 2026-06-29 15:44:01,807 | CacheManager | Intercettazione del download per la visura: ROSIGNANO MARITTIMO_86_59_NCT
INFO     | 2026-06-29 15:44:06,057 | Orchestrator | Visura scaricata ed inserita in cache.
INFO     | 2026-06-29 15:44:06,058 | SisterClient | 🔄 Avvio della procedura di ritorno alla maschera principale...
INFO     | 2026-06-29 15:44:06,139 | SisterClient |    -> [Passo 1] Clic su bottone 'Indietro' strutturale.
INFO     | 2026-06-29 15:44:08,385 | SisterClient |    -> [Passo 2] Clic su bottone 'Indietro' strutturale.
INFO     | 2026-06-29 15:44:10,771 | SisterClient | ✅ Maschera principale agganciata con successo. Pronto per il prossimo job.
INFO     | 2026-06-29 15:44:10,771 | Orchestrator |    ⏳ Pausa mimetica: attendo 7.58 secondi prima del prossimo record...
INFO     | 2026-06-29 15:44:18,374 | Orchestrator | [24/167] Elaborazione chiave: ROSIGNANO MARITTIMO_86_720_NCT
INFO     | 2026-06-29 15:44:18,379 | SisterClient |    🎯 Form individuato nel Frame [0] (Tentativo radar 1/5). Verifica e iniezione dati...
INFO     | 2026-06-29 15:44:18,415 | SisterClient |    -> Comune 'ROSIGNANO MARITTIMO' già agganciato. Salto la selezione del dropdown.
INFO     | 2026-06-29 15:44:21,625 | SisterClient | 🤖 [GPT VISION] Codice analizzato per ROSIGNANO MARITTIMO FG 86 PART 720 -> Tentativo: 'magoglie'
INFO     | 2026-06-29 15:44:22,745 | SisterClient |    ✅ Codice accettato al tentativo [1/2]!
INFO     | 2026-06-29 15:44:22,746 | CacheManager | Intercettazione del download per la visura: ROSIGNANO MARITTIMO_86_720_NCT
INFO     | 2026-06-29 15:44:27,194 | Orchestrator | Visura scaricata ed inserita in cache.
INFO     | 2026-06-29 15:44:27,195 | SisterClient | 🔄 Avvio della procedura di ritorno alla maschera principale...
INFO     | 2026-06-29 15:44:27,275 | SisterClient |    -> [Passo 1] Clic su bottone 'Indietro' strutturale.
INFO     | 2026-06-29 15:44:29,719 | SisterClient |    -> [Passo 2] Clic su bottone 'Indietro' strutturale.
INFO     | 2026-06-29 15:44:32,884 | SisterClient | ✅ Maschera principale agganciata con successo. Pronto per il prossimo job.
INFO     | 2026-06-29 15:44:32,885 | Orchestrator |    ⏳ Pausa mimetica: attendo 7.58 secondi prima del prossimo record...
INFO     | 2026-06-29 15:44:40,491 | Orchestrator | [25/167] Elaborazione chiave: ROSIGNANO MARITTIMO_86_722_NCT
INFO     | 2026-06-29 15:44:40,496 | SisterClient |    🎯 Form individuato nel Frame [0] (Tentativo radar 1/5). Verifica e iniezione dati...
INFO     | 2026-06-29 15:44:40,537 | SisterClient |    -> Comune 'ROSIGNANO MARITTIMO' già agganciato. Salto la selezione del dropdown.
INFO     | 2026-06-29 15:44:43,715 | SisterClient | 🤖 [GPT VISION] Codice analizzato per ROSIGNANO MARITTIMO FG 86 PART 722 -> Tentativo: 'casveai'
INFO     | 2026-06-29 15:44:45,012 | SisterClient |    ✅ Codice accettato al tentativo [1/2]!
INFO     | 2026-06-29 15:44:45,013 | CacheManager | Intercettazione del download per la visura: ROSIGNANO MARITTIMO_86_722_NCT
INFO     | 2026-06-29 15:44:48,746 | Orchestrator | Visura scaricata ed inserita in cache.
INFO     | 2026-06-29 15:44:48,747 | SisterClient | 🔄 Avvio della procedura di ritorno alla maschera principale...
INFO     | 2026-06-29 15:44:48,842 | SisterClient |    -> [Passo 1] Clic su bottone 'Indietro' strutturale.
INFO     | 2026-06-29 15:44:51,074 | SisterClient |    -> [Passo 2] Clic su bottone 'Indietro' strutturale.
INFO     | 2026-06-29 15:44:53,373 | SisterClient | ✅ Maschera principale agganciata con successo. Pronto per il prossimo job.
INFO     | 2026-06-29 15:44:53,374 | Orchestrator |    ⏳ Pausa mimetica: attendo 1.51 secondi prima del prossimo record...
INFO     | 2026-06-29 15:44:54,893 | Orchestrator | [26/167] Elaborazione chiave: ROSIGNANO MARITTIMO_86_723_NCT
INFO     | 2026-06-29 15:44:54,898 | SisterClient |    🎯 Form individuato nel Frame [0] (Tentativo radar 1/5). Verifica e iniezione dati...
INFO     | 2026-06-29 15:44:54,939 | SisterClient |    -> Comune 'ROSIGNANO MARITTIMO' già agganciato. Salto la selezione del dropdown.
INFO     | 2026-06-29 15:44:57,755 | SisterClient | 🤖 [GPT VISION] Codice analizzato per ROSIGNANO MARITTIMO FG 86 PART 723 -> Tentativo: 'lingheme'
INFO     | 2026-06-29 15:44:58,943 | SisterClient |    ✅ Codice accettato al tentativo [1/2]!
INFO     | 2026-06-29 15:44:58,943 | CacheManager | Intercettazione del download per la visura: ROSIGNANO MARITTIMO_86_723_NCT
INFO     | 2026-06-29 15:45:02,817 | Orchestrator | Visura scaricata ed inserita in cache.
INFO     | 2026-06-29 15:45:02,817 | SisterClient | 🔄 Avvio della procedura di ritorno alla maschera principale...
INFO     | 2026-06-29 15:45:02,844 | SisterClient |    -> [Passo 1] Clic su bottone 'Indietro' strutturale.
INFO     | 2026-06-29 15:45:05,107 | SisterClient |    -> [Passo 2] Clic su bottone 'Indietro' strutturale.
INFO     | 2026-06-29 15:45:07,360 | SisterClient | ✅ Maschera principale agganciata con successo. Pronto per il prossimo job.
INFO     | 2026-06-29 15:45:07,360 | Orchestrator |    ⏳ Pausa mimetica: attendo 2.02 secondi prima del prossimo record...
INFO     | 2026-06-29 15:45:09,407 | Orchestrator | [27/167] Elaborazione chiave: ROSIGNANO MARITTIMO_86_719_NCT
INFO     | 2026-06-29 15:45:09,414 | SisterClient |    🎯 Form individuato nel Frame [0] (Tentativo radar 1/5). Verifica e iniezione dati...
INFO     | 2026-06-29 15:45:09,455 | SisterClient |    -> Comune 'ROSIGNANO MARITTIMO' già agganciato. Salto la selezione del dropdown.
INFO     | 2026-06-29 15:45:12,666 | SisterClient | 🤖 [GPT VISION] Codice analizzato per ROSIGNANO MARITTIMO FG 86 PART 719 -> Tentativo: 'vogabbi'
INFO     | 2026-06-29 15:45:13,791 | SisterClient |    ✅ Codice accettato al tentativo [1/2]!
INFO     | 2026-06-29 15:45:13,791 | CacheManager | Intercettazione del download per la visura: ROSIGNANO MARITTIMO_86_719_NCT
INFO     | 2026-06-29 15:45:17,578 | Orchestrator | Visura scaricata ed inserita in cache.
INFO     | 2026-06-29 15:45:17,579 | SisterClient | 🔄 Avvio della procedura di ritorno alla maschera principale...
INFO     | 2026-06-29 15:45:17,681 | SisterClient |    -> [Passo 1] Clic su bottone 'Indietro' strutturale.
INFO     | 2026-06-29 15:45:19,905 | SisterClient |    -> [Passo 2] Clic su bottone 'Indietro' strutturale.
INFO     | 2026-06-29 15:45:22,157 | SisterClient | ✅ Maschera principale agganciata con successo. Pronto per il prossimo job.
INFO     | 2026-06-29 15:45:22,158 | Orchestrator |    ⏳ Pausa mimetica: attendo 8.50 secondi prima del prossimo record...
INFO     | 2026-06-29 15:45:30,680 | Orchestrator | [28/167] Elaborazione chiave: ROSIGNANO MARITTIMO_86_124_NCT
INFO     | 2026-06-29 15:45:30,685 | SisterClient |    🎯 Form individuato nel Frame [0] (Tentativo radar 1/5). Verifica e iniezione dati...
INFO     | 2026-06-29 15:45:30,720 | SisterClient |    -> Comune 'ROSIGNANO MARITTIMO' già agganciato. Salto la selezione del dropdown.
INFO     | 2026-06-29 15:45:33,735 | SisterClient | 🤖 [GPT VISION] Codice analizzato per ROSIGNANO MARITTIMO FG 86 PART 124 -> Tentativo: 'spiltera'
INFO     | 2026-06-29 15:45:34,826 | SisterClient |    ✅ Codice accettato al tentativo [1/2]!
INFO     | 2026-06-29 15:45:34,826 | CacheManager | Intercettazione del download per la visura: ROSIGNANO MARITTIMO_86_124_NCT
INFO     | 2026-06-29 15:45:39,081 | Orchestrator | Visura scaricata ed inserita in cache.
INFO     | 2026-06-29 15:45:39,081 | SisterClient | 🔄 Avvio della procedura di ritorno alla maschera principale...
INFO     | 2026-06-29 15:45:39,189 | SisterClient |    -> [Passo 1] Clic su bottone 'Indietro' strutturale.
INFO     | 2026-06-29 15:45:41,425 | SisterClient |    -> [Passo 2] Clic su bottone 'Indietro' strutturale.
INFO     | 2026-06-29 15:45:43,659 | SisterClient | ✅ Maschera principale agganciata con successo. Pronto per il prossimo job.
INFO     | 2026-06-29 15:45:43,660 | Orchestrator |    ⏳ Pausa mimetica: attendo 3.25 secondi prima del prossimo record...
INFO     | 2026-06-29 15:45:46,923 | Orchestrator | [29/167] Elaborazione chiave: ROSIGNANO MARITTIMO_86_68_NCT
INFO     | 2026-06-29 15:45:46,929 | SisterClient |    🎯 Form individuato nel Frame [0] (Tentativo radar 1/5). Verifica e iniezione dati...
INFO     | 2026-06-29 15:45:46,967 | SisterClient |    -> Comune 'ROSIGNANO MARITTIMO' già agganciato. Salto la selezione del dropdown.
INFO     | 2026-06-29 15:45:50,652 | SisterClient | 🤖 [GPT VISION] Codice analizzato per ROSIGNANO MARITTIMO FG 86 PART 68 -> Tentativo: 'qotrafacce'
WARNING  | 2026-06-29 15:45:51,611 | SisterClient |    ⚠️ Tentativo [1/2] fallito (Codice errato). Sister ha rigenerato l'immagine.
INFO     | 2026-06-29 15:45:53,655 | SisterClient | 🤖 [GPT VISION] Codice analizzato per ROSIGNANO MARITTIMO FG 86 PART 68 -> Tentativo: 'fosbevi'
INFO     | 2026-06-29 15:45:54,792 | SisterClient |    ✅ Codice accettato al tentativo [2/2]!
INFO     | 2026-06-29 15:45:54,792 | CacheManager | Intercettazione del download per la visura: ROSIGNANO MARITTIMO_86_68_NCT
INFO     | 2026-06-29 15:45:59,075 | Orchestrator | Visura scaricata ed inserita in cache.
INFO     | 2026-06-29 15:45:59,075 | SisterClient | 🔄 Avvio della procedura di ritorno alla maschera principale...
INFO     | 2026-06-29 15:45:59,204 | SisterClient |    -> [Passo 1] Clic su bottone 'Indietro' strutturale.
INFO     | 2026-06-29 15:46:01,478 | SisterClient |    -> [Passo 2] Clic su bottone 'Indietro' strutturale.
INFO     | 2026-06-29 15:46:03,782 | SisterClient | ✅ Maschera principale agganciata con successo. Pronto per il prossimo job.
INFO     | 2026-06-29 15:46:03,783 | Orchestrator |    ⏳ Pausa mimetica: attendo 8.74 secondi prima del prossimo record...
INFO     | 2026-06-29 15:46:12,536 | Orchestrator | [30/167] Elaborazione chiave: ROSIGNANO MARITTIMO_86_87_NCT
INFO     | 2026-06-29 15:46:12,540 | SisterClient |    🎯 Form individuato nel Frame [0] (Tentativo radar 1/5). Verifica e iniezione dati...
INFO     | 2026-06-29 15:46:12,575 | SisterClient |    -> Comune 'ROSIGNANO MARITTIMO' già agganciato. Salto la selezione del dropdown.
INFO     | 2026-06-29 15:46:16,076 | SisterClient | 🤖 [GPT VISION] Codice analizzato per ROSIGNANO MARITTIMO FG 86 PART 87 -> Tentativo: 'velivo'
INFO     | 2026-06-29 15:46:17,372 | SisterClient |    ✅ Codice accettato al tentativo [1/2]!
INFO     | 2026-06-29 15:46:17,373 | CacheManager | Intercettazione del download per la visura: ROSIGNANO MARITTIMO_86_87_NCT
INFO     | 2026-06-29 15:46:21,683 | Orchestrator | Visura scaricata ed inserita in cache.
INFO     | 2026-06-29 15:46:21,683 | SisterClient | 🔄 Avvio della procedura di ritorno alla maschera principale...
INFO     | 2026-06-29 15:46:21,809 | SisterClient |    -> [Passo 1] Clic su bottone 'Indietro' strutturale.
INFO     | 2026-06-29 15:46:24,102 | SisterClient |    -> [Passo 2] Clic su bottone 'Indietro' strutturale.
INFO     | 2026-06-29 15:46:26,430 | SisterClient | ✅ Maschera principale agganciata con successo. Pronto per il prossimo job.
INFO     | 2026-06-29 15:46:26,431 | Orchestrator |    ⏳ Pausa mimetica: attendo 6.13 secondi prima del prossimo record...
INFO     | 2026-06-29 15:46:32,586 | Orchestrator | [31/167] Elaborazione chiave: ROSIGNANO MARITTIMO_86_86_AA_NCT
INFO     | 2026-06-29 15:46:32,592 | SisterClient |    🎯 Form individuato nel Frame [0] (Tentativo radar 1/5). Verifica e iniezione dati...
INFO     | 2026-06-29 15:46:32,624 | SisterClient |    -> Comune 'ROSIGNANO MARITTIMO' già agganciato. Salto la selezione del dropdown.
INFO     | 2026-06-29 15:46:36,168 | SisterClient | 🤖 [GPT VISION] Codice analizzato per ROSIGNANO MARITTIMO FG 86 PART 86 -> Tentativo: 'rurustia'
INFO     | 2026-06-29 15:46:37,443 | SisterClient |    ✅ Codice accettato al tentativo [1/2]!
INFO     | 2026-06-29 15:46:37,444 | CacheManager | Intercettazione del download per la visura: ROSIGNANO MARITTIMO_86_86_AA_NCT
INFO     | 2026-06-29 15:46:41,656 | Orchestrator | Visura scaricata ed inserita in cache.
INFO     | 2026-06-29 15:46:41,657 | SisterClient | 🔄 Avvio della procedura di ritorno alla maschera principale...
INFO     | 2026-06-29 15:46:41,798 | SisterClient |    -> [Passo 1] Clic su bottone 'Indietro' strutturale.
INFO     | 2026-06-29 15:46:44,184 | SisterClient |    -> [Passo 2] Clic su bottone 'Indietro' strutturale.
INFO     | 2026-06-29 15:46:46,455 | SisterClient | ✅ Maschera principale agganciata con successo. Pronto per il prossimo job.
INFO     | 2026-06-29 15:46:46,456 | Orchestrator |    ⏳ Pausa mimetica: attendo 5.96 secondi prima del prossimo record...
INFO     | 2026-06-29 15:46:52,437 | Orchestrator | [32/167] Elaborazione chiave: ROSIGNANO MARITTIMO_86_86_AB_NCT
INFO     | 2026-06-29 15:46:52,443 | SisterClient |    🎯 Form individuato nel Frame [0] (Tentativo radar 1/5). Verifica e iniezione dati...
INFO     | 2026-06-29 15:46:52,476 | SisterClient |    -> Comune 'ROSIGNANO MARITTIMO' già agganciato. Salto la selezione del dropdown.
INFO     | 2026-06-29 15:46:55,390 | SisterClient | 🤖 [GPT VISION] Codice analizzato per ROSIGNANO MARITTIMO FG 86 PART 86 -> Tentativo: 'gusbroga'
INFO     | 2026-06-29 15:46:56,542 | SisterClient |    ✅ Codice accettato al tentativo [1/2]!
INFO     | 2026-06-29 15:46:56,543 | CacheManager | Intercettazione del download per la visura: ROSIGNANO MARITTIMO_86_86_AB_NCT
INFO     | 2026-06-29 15:47:00,462 | Orchestrator | Visura scaricata ed inserita in cache.
INFO     | 2026-06-29 15:47:00,462 | SisterClient | 🔄 Avvio della procedura di ritorno alla maschera principale...
INFO     | 2026-06-29 15:47:00,591 | SisterClient |    -> [Passo 1] Clic su bottone 'Indietro' strutturale.
INFO     | 2026-06-29 15:47:03,012 | SisterClient |    -> [Passo 2] Clic su bottone 'Indietro' strutturale.
INFO     | 2026-06-29 15:47:05,324 | SisterClient | ✅ Maschera principale agganciata con successo. Pronto per il prossimo job.
INFO     | 2026-06-29 15:47:05,325 | Orchestrator |    ⏳ Pausa mimetica: attendo 6.19 secondi prima del prossimo record...
INFO     | 2026-06-29 15:47:11,535 | Orchestrator | [33/167] Elaborazione chiave: ROSIGNANO MARITTIMO_86_765_601_NCF
INFO     | 2026-06-29 15:47:11,540 | SisterClient |    🎯 Form individuato nel Frame [0] (Tentativo radar 1/5). Verifica e iniezione dati...
INFO     | 2026-06-29 15:47:12,622 | SisterClient |    -> Comune 'ROSIGNANO MARITTIMO' già agganciato. Salto la selezione del dropdown.
INFO     | 2026-06-29 15:47:16,005 | SisterClient | 🤖 [GPT VISION] Codice analizzato per ROSIGNANO MARITTIMO FG 86 PART 765 -> Tentativo: 'ozorefo'
INFO     | 2026-06-29 15:47:17,244 | SisterClient |    ✅ Codice accettato al tentativo [1/2]!
INFO     | 2026-06-29 15:47:17,244 | CacheManager | Intercettazione del download per la visura: ROSIGNANO MARITTIMO_86_765_601_NCF
INFO     | 2026-06-29 15:47:20,985 | Orchestrator | Visura scaricata ed inserita in cache.
INFO     | 2026-06-29 15:47:20,986 | SisterClient | 🔄 Avvio della procedura di ritorno alla maschera principale...
INFO     | 2026-06-29 15:47:21,124 | SisterClient |    -> [Passo 1] Clic su bottone 'Indietro' strutturale.
INFO     | 2026-06-29 15:47:23,357 | SisterClient |    -> [Passo 2] Clic su bottone 'Indietro' strutturale.
INFO     | 2026-06-29 15:47:25,604 | SisterClient | ✅ Maschera principale agganciata con successo. Pronto per il prossimo job.
INFO     | 2026-06-29 15:47:25,604 | Orchestrator |    ⏳ Pausa mimetica: attendo 2.35 secondi prima del prossimo record...
INFO     | 2026-06-29 15:47:27,974 | Orchestrator | [34/167] Elaborazione chiave: ROSIGNANO MARITTIMO_86_606_AA_NCT
INFO     | 2026-06-29 15:47:27,978 | SisterClient |    🎯 Form individuato nel Frame [0] (Tentativo radar 1/5). Verifica e iniezione dati...
INFO     | 2026-06-29 15:47:29,029 | SisterClient |    -> Comune 'ROSIGNANO MARITTIMO' già agganciato. Salto la selezione del dropdown.
ERROR    | 2026-06-29 15:47:56,006 | Orchestrator | Anomalia riscontrata sul record: La pagina di riepilogo con il codice di sicurezza non è comparsa (Timeout server).
INFO     | 2026-06-29 15:47:56,015 | SisterClient | 🔄 Avvio della procedura di ritorno alla maschera principale...
INFO     | 2026-06-29 15:47:56,037 | SisterClient |    -> [Passo 1] Clic su bottone 'Indietro' strutturale.
INFO     | 2026-06-29 15:47:58,475 | SisterClient | ✅ Maschera principale agganciata con successo. Pronto per il prossimo job.
INFO     | 2026-06-29 15:47:58,476 | Orchestrator |    ⏳ Pausa mimetica: attendo 2.08 secondi prima del prossimo record...
INFO     | 2026-06-29 15:48:00,572 | Orchestrator | [35/167] Elaborazione chiave: ROSIGNANO MARITTIMO_86_606_AB_NCT
INFO     | 2026-06-29 15:48:00,576 | SisterClient |    🎯 Form individuato nel Frame [0] (Tentativo radar 1/5). Verifica e iniezione dati...
INFO     | 2026-06-29 15:48:00,611 | SisterClient |    -> Comune 'ROSIGNANO MARITTIMO' già agganciato. Salto la selezione del dropdown.
ERROR    | 2026-06-29 15:48:27,574 | Orchestrator | Anomalia riscontrata sul record: La pagina di riepilogo con il codice di sicurezza non è comparsa (Timeout server).
INFO     | 2026-06-29 15:48:27,587 | SisterClient | 🔄 Avvio della procedura di ritorno alla maschera principale...
INFO     | 2026-06-29 15:48:27,607 | SisterClient |    -> [Passo 1] Clic su bottone 'Indietro' strutturale.
INFO     | 2026-06-29 15:48:29,875 | SisterClient | ✅ Maschera principale agganciata con successo. Pronto per il prossimo job.
INFO     | 2026-06-29 15:48:29,876 | Orchestrator |    ⏳ Pausa mimetica: attendo 3.36 secondi prima del prossimo record...
INFO     | 2026-06-29 15:48:33,247 | Orchestrator | [36/167] Elaborazione chiave: ROSIGNANO MARITTIMO_90_62_NCT
INFO     | 2026-06-29 15:48:33,253 | SisterClient |    🎯 Form individuato nel Frame [0] (Tentativo radar 1/5). Verifica e iniezione dati...
INFO     | 2026-06-29 15:48:33,284 | SisterClient |    -> Comune 'ROSIGNANO MARITTIMO' già agganciato. Salto la selezione del dropdown.
ERROR    | 2026-06-29 15:49:00,246 | Orchestrator | Anomalia riscontrata sul record: La pagina di riepilogo con il codice di sicurezza non è comparsa (Timeout server).
INFO     | 2026-06-29 15:49:00,249 | SisterClient | 🔄 Avvio della procedura di ritorno alla maschera principale...
INFO     | 2026-06-29 15:49:00,269 | SisterClient |    -> [Passo 1] Clic su bottone 'Indietro' strutturale.
INFO     | 2026-06-29 15:49:02,694 | SisterClient | ✅ Maschera principale agganciata con successo. Pronto per il prossimo job.
INFO     | 2026-06-29 15:49:02,695 | Orchestrator |    ⏳ Pausa mimetica: attendo 2.97 secondi prima del prossimo record...
INFO     | 2026-06-29 15:49:05,676 | Orchestrator | [37/167] Elaborazione chiave: ROSIGNANO MARITTIMO_90_4_605_NCF
INFO     | 2026-06-29 15:49:05,681 | SisterClient |    🎯 Form individuato nel Frame [0] (Tentativo radar 1/5). Verifica e iniezione dati...
INFO     | 2026-06-29 15:49:06,742 | SisterClient |    -> Comune 'ROSIGNANO MARITTIMO' già agganciato. Salto la selezione del dropdown.
ERROR    | 2026-06-29 15:49:33,688 | Orchestrator | Anomalia riscontrata sul record: La pagina di riepilogo con il codice di sicurezza non è comparsa (Timeout server).
INFO     | 2026-06-29 15:49:33,695 | SisterClient | 🔄 Avvio della procedura di ritorno alla maschera principale...
INFO     | 2026-06-29 15:49:33,713 | SisterClient |    -> [Passo 1] Clic su bottone 'Indietro' strutturale.
INFO     | 2026-06-29 15:49:35,986 | SisterClient | ✅ Maschera principale agganciata con successo. Pronto per il prossimo job.
INFO     | 2026-06-29 15:49:35,987 | Orchestrator |    ⏳ Pausa mimetica: attendo 6.32 secondi prima del prossimo record...
INFO     | 2026-06-29 15:49:42,333 | Orchestrator | [38/167] Elaborazione chiave: ROSIGNANO MARITTIMO_90_5_NCF
INFO     | 2026-06-29 15:49:42,339 | SisterClient |    🎯 Form individuato nel Frame [0] (Tentativo radar 1/5). Verifica e iniezione dati...
INFO     | 2026-06-29 15:49:42,373 | SisterClient |    -> Comune 'ROSIGNANO MARITTIMO' già agganciato. Salto la selezione del dropdown.
INFO     | 2026-06-29 15:49:46,216 | SisterClient | 🤖 [GPT VISION] Codice analizzato per ROSIGNANO MARITTIMO FG 90 PART 5 -> Tentativo: 'mirmotò'
WARNING  | 2026-06-29 15:49:47,244 | SisterClient |    ⚠️ Tentativo [1/2] fallito (Codice errato). Sister ha rigenerato l'immagine.
INFO     | 2026-06-29 15:49:49,208 | SisterClient | 🤖 [GPT VISION] Codice analizzato per ROSIGNANO MARITTIMO FG 90 PART 5 -> Tentativo: 'valutedopa'
WARNING  | 2026-06-29 15:49:50,179 | SisterClient |    ⚠️ Tentativo [2/2] fallito (Codice errato). Sister ha rigenerato l'immagine.
ERROR    | 2026-06-29 15:49:50,179 | SisterClient |    ❌ Falliti 2 tentativi di codice consecutivi per la particella 5.
ERROR    | 2026-06-29 15:49:50,972 | Orchestrator | Anomalia riscontrata sul record: Codice di sicurezza errato per 2 volte consecutive. Record saltato.
INFO     | 2026-06-29 15:49:50,974 | SisterClient | 🔄 Avvio della procedura di ritorno alla maschera principale...
INFO     | 2026-06-29 15:49:50,999 | SisterClient | ✅ Maschera principale agganciata con successo. Pronto per il prossimo job.
INFO     | 2026-06-29 15:49:51,000 | Orchestrator |    ⏳ Pausa mimetica: attendo 3.48 secondi prima del prossimo record...
INFO     | 2026-06-29 15:49:54,491 | Orchestrator | [39/167] Elaborazione chiave: ROSIGNANO MARITTIMO_90_42_NCT
INFO     | 2026-06-29 15:49:54,498 | SisterClient |    🎯 Form individuato nel Frame [0] (Tentativo radar 1/5). Verifica e iniezione dati...
INFO     | 2026-06-29 15:49:55,549 | SisterClient |    -> Comune 'ROSIGNANO MARITTIMO' già agganciato. Salto la selezione del dropdown.
INFO     | 2026-06-29 15:49:58,397 | SisterClient | 🤖 [GPT VISION] Codice analizzato per ROSIGNANO MARITTIMO FG 90 PART 42 -> Tentativo: 'zostanzu'
INFO     | 2026-06-29 15:50:00,193 | SisterClient |    ✅ Codice accettato al tentativo [1/2]!
INFO     | 2026-06-29 15:50:00,194 | CacheManager | Intercettazione del download per la visura: ROSIGNANO MARITTIMO_90_42_NCT
INFO     | 2026-06-29 15:50:03,939 | Orchestrator | Visura scaricata ed inserita in cache.
INFO     | 2026-06-29 15:50:03,939 | SisterClient | 🔄 Avvio della procedura di ritorno alla maschera principale...
INFO     | 2026-06-29 15:50:04,097 | SisterClient |    -> [Passo 1] Clic su bottone 'Indietro' strutturale.
INFO     | 2026-06-29 15:50:07,404 | SisterClient |    -> [Passo 2] Clic su bottone 'Indietro' strutturale.
INFO     | 2026-06-29 15:50:09,667 | SisterClient | ✅ Maschera principale agganciata con successo. Pronto per il prossimo job.
INFO     | 2026-06-29 15:50:09,667 | Orchestrator |    ⏳ Pausa mimetica: attendo 4.36 secondi prima del prossimo record...
INFO     | 2026-06-29 15:50:14,042 | Orchestrator | [40/167] Elaborazione chiave: ROSIGNANO MARITTIMO_90_63_610_NCF
INFO     | 2026-06-29 15:50:14,048 | SisterClient |    🎯 Form individuato nel Frame [0] (Tentativo radar 1/5). Verifica e iniezione dati...
INFO     | 2026-06-29 15:50:15,106 | SisterClient |    -> Comune 'ROSIGNANO MARITTIMO' già agganciato. Salto la selezione del dropdown.
INFO     | 2026-06-29 15:50:20,782 | SisterClient | 🤖 [GPT VISION] Codice analizzato per ROSIGNANO MARITTIMO FG 90 PART 63 -> Tentativo: 'ficituti'
INFO     | 2026-06-29 15:50:22,922 | SisterClient |    ✅ Codice accettato al tentativo [1/2]!
INFO     | 2026-06-29 15:50:22,922 | CacheManager | Intercettazione del download per la visura: ROSIGNANO MARITTIMO_90_63_610_NCF
INFO     | 2026-06-29 15:50:26,782 | Orchestrator | Visura scaricata ed inserita in cache.
INFO     | 2026-06-29 15:50:26,783 | SisterClient | 🔄 Avvio della procedura di ritorno alla maschera principale...
INFO     | 2026-06-29 15:50:26,819 | SisterClient |    -> [Passo 1] Clic su bottone 'Indietro' strutturale.
INFO     | 2026-06-29 15:50:29,189 | SisterClient |    -> [Passo 2] Clic su bottone 'Indietro' strutturale.
INFO     | 2026-06-29 15:50:31,436 | SisterClient | ✅ Maschera principale agganciata con successo. Pronto per il prossimo job.
INFO     | 2026-06-29 15:50:31,436 | Orchestrator |    ⏳ Pausa mimetica: attendo 8.17 secondi prima del prossimo record...
INFO     | 2026-06-29 15:50:39,626 | Orchestrator | [41/167] Elaborazione chiave: ROSIGNANO MARITTIMO_90_60_NCT
INFO     | 2026-06-29 15:50:39,632 | SisterClient |    🎯 Form individuato nel Frame [0] (Tentativo radar 1/5). Verifica e iniezione dati...
INFO     | 2026-06-29 15:50:40,689 | SisterClient |    -> Comune 'ROSIGNANO MARITTIMO' già agganciato. Salto la selezione del dropdown.
INFO     | 2026-06-29 15:50:44,396 | SisterClient | 🤖 [GPT VISION] Codice analizzato per ROSIGNANO MARITTIMO FG 90 PART 60 -> Tentativo: 'pegrinzuz'
WARNING  | 2026-06-29 15:50:45,362 | SisterClient |    ⚠️ Tentativo [1/2] fallito (Codice errato). Sister ha rigenerato l'immagine.
INFO     | 2026-06-29 15:50:46,785 | SisterClient | 🤖 [GPT VISION] Codice analizzato per ROSIGNANO MARITTIMO FG 90 PART 60 -> Tentativo: 'lufumine'
INFO     | 2026-06-29 15:50:48,238 | SisterClient |    ✅ Codice accettato al tentativo [2/2]!
INFO     | 2026-06-29 15:50:48,239 | CacheManager | Intercettazione del download per la visura: ROSIGNANO MARITTIMO_90_60_NCT
INFO     | 2026-06-29 15:50:52,053 | Orchestrator | Visura scaricata ed inserita in cache.
INFO     | 2026-06-29 15:50:52,054 | SisterClient | 🔄 Avvio della procedura di ritorno alla maschera principale...
INFO     | 2026-06-29 15:50:52,088 | SisterClient |    -> [Passo 1] Clic su bottone 'Indietro' strutturale.
INFO     | 2026-06-29 15:50:54,382 | SisterClient |    -> [Passo 2] Clic su bottone 'Indietro' strutturale.
INFO     | 2026-06-29 15:50:56,669 | SisterClient | ✅ Maschera principale agganciata con successo. Pronto per il prossimo job.
INFO     | 2026-06-29 15:50:56,670 | Orchestrator |    ⏳ Pausa mimetica: attendo 8.19 secondi prima del prossimo record...
INFO     | 2026-06-29 15:51:04,878 | Orchestrator | [42/167] Elaborazione chiave: ROSIGNANO MARITTIMO_90_9_NCT
INFO     | 2026-06-29 15:51:04,883 | SisterClient |    🎯 Form individuato nel Frame [0] (Tentativo radar 1/5). Verifica e iniezione dati...
INFO     | 2026-06-29 15:51:04,913 | SisterClient |    -> Comune 'ROSIGNANO MARITTIMO' già agganciato. Salto la selezione del dropdown.
INFO     | 2026-06-29 15:51:08,710 | SisterClient | 🤖 [GPT VISION] Codice analizzato per ROSIGNANO MARITTIMO FG 90 PART 9 -> Tentativo: 'gegumde'
WARNING  | 2026-06-29 15:51:10,292 | SisterClient |    ⚠️ Tentativo [1/2] fallito (Codice errato). Sister ha rigenerato l'immagine.
INFO     | 2026-06-29 15:51:12,437 | SisterClient | 🤖 [GPT VISION] Codice analizzato per ROSIGNANO MARITTIMO FG 90 PART 9 -> Tentativo: 'ludisso'
INFO     | 2026-06-29 15:51:13,626 | SisterClient |    ✅ Codice accettato al tentativo [2/2]!
INFO     | 2026-06-29 15:51:13,627 | CacheManager | Intercettazione del download per la visura: ROSIGNANO MARITTIMO_90_9_NCT
INFO     | 2026-06-29 15:51:17,449 | Orchestrator | Visura scaricata ed inserita in cache.
INFO     | 2026-06-29 15:51:17,449 | SisterClient | 🔄 Avvio della procedura di ritorno alla maschera principale...
INFO     | 2026-06-29 15:51:17,483 | SisterClient |    -> [Passo 1] Clic su bottone 'Indietro' strutturale.
INFO     | 2026-06-29 15:51:19,752 | SisterClient |    -> [Passo 2] Clic su bottone 'Indietro' strutturale.
INFO     | 2026-06-29 15:51:22,058 | SisterClient | ✅ Maschera principale agganciata con successo. Pronto per il prossimo job.
INFO     | 2026-06-29 15:51:22,059 | Orchestrator |    ⏳ Pausa mimetica: attendo 8.06 secondi prima del prossimo record...
INFO     | 2026-06-29 15:51:30,143 | Orchestrator | [43/167] Elaborazione chiave: ROSIGNANO MARITTIMO_90_17_NCT
INFO     | 2026-06-29 15:51:30,149 | SisterClient |    🎯 Form individuato nel Frame [0] (Tentativo radar 1/5). Verifica e iniezione dati...
INFO     | 2026-06-29 15:51:30,183 | SisterClient |    -> Comune 'ROSIGNANO MARITTIMO' già agganciato. Salto la selezione del dropdown.
INFO     | 2026-06-29 15:51:33,519 | SisterClient | 🤖 [GPT VISION] Codice analizzato per ROSIGNANO MARITTIMO FG 90 PART 17 -> Tentativo: 'qemiraro'
INFO     | 2026-06-29 15:51:34,790 | SisterClient |    ✅ Codice accettato al tentativo [1/2]!
INFO     | 2026-06-29 15:51:34,791 | CacheManager | Intercettazione del download per la visura: ROSIGNANO MARITTIMO_90_17_NCT
INFO     | 2026-06-29 15:51:38,501 | Orchestrator | Visura scaricata ed inserita in cache.
INFO     | 2026-06-29 15:51:38,501 | SisterClient | 🔄 Avvio della procedura di ritorno alla maschera principale...
INFO     | 2026-06-29 15:51:38,536 | SisterClient |    -> [Passo 1] Clic su bottone 'Indietro' strutturale.
INFO     | 2026-06-29 15:51:40,854 | SisterClient |    -> [Passo 2] Clic su bottone 'Indietro' strutturale.
INFO     | 2026-06-29 15:51:43,258 | SisterClient | ✅ Maschera principale agganciata con successo. Pronto per il prossimo job.
INFO     | 2026-06-29 15:51:43,259 | Orchestrator |    ⏳ Pausa mimetica: attendo 4.64 secondi prima del prossimo record...
INFO     | 2026-06-29 15:51:47,937 | Orchestrator | [44/167] Elaborazione chiave: ROSIGNANO MARITTIMO_90_7_NCT
INFO     | 2026-06-29 15:51:47,944 | SisterClient |    🎯 Form individuato nel Frame [0] (Tentativo radar 1/5). Verifica e iniezione dati...
INFO     | 2026-06-29 15:51:47,973 | SisterClient |    -> Comune 'ROSIGNANO MARITTIMO' già agganciato. Salto la selezione del dropdown.
INFO     | 2026-06-29 15:51:52,730 | SisterClient | 🤖 [GPT VISION] Codice analizzato per ROSIGNANO MARITTIMO FG 90 PART 7 -> Tentativo: 'megenori'
INFO     | 2026-06-29 15:51:54,194 | SisterClient |    ✅ Codice accettato al tentativo [1/2]!
INFO     | 2026-06-29 15:51:54,194 | CacheManager | Intercettazione del download per la visura: ROSIGNANO MARITTIMO_90_7_NCT
INFO     | 2026-06-29 15:51:57,870 | Orchestrator | Visura scaricata ed inserita in cache.
INFO     | 2026-06-29 15:51:57,870 | SisterClient | 🔄 Avvio della procedura di ritorno alla maschera principale...
INFO     | 2026-06-29 15:51:57,905 | SisterClient |    -> [Passo 1] Clic su bottone 'Indietro' strutturale.
INFO     | 2026-06-29 15:52:00,137 | SisterClient |    -> [Passo 2] Clic su bottone 'Indietro' strutturale.
INFO     | 2026-06-29 15:52:02,476 | SisterClient | ✅ Maschera principale agganciata con successo. Pronto per il prossimo job.
INFO     | 2026-06-29 15:52:02,477 | Orchestrator |    ⏳ Pausa mimetica: attendo 7.07 secondi prima del prossimo record...
INFO     | 2026-06-29 15:52:09,571 | Orchestrator | [45/167] Elaborazione chiave: ROSIGNANO MARITTIMO_90_59_NCT
INFO     | 2026-06-29 15:52:09,578 | SisterClient |    🎯 Form individuato nel Frame [0] (Tentativo radar 1/5). Verifica e iniezione dati...
INFO     | 2026-06-29 15:52:09,602 | SisterClient |    -> Comune 'ROSIGNANO MARITTIMO' già agganciato. Salto la selezione del dropdown.
INFO     | 2026-06-29 15:52:13,697 | SisterClient | 🤖 [GPT VISION] Codice analizzato per ROSIGNANO MARITTIMO FG 90 PART 59 -> Tentativo: 'rebrice'
INFO     | 2026-06-29 15:52:14,975 | SisterClient |    ✅ Codice accettato al tentativo [1/2]!
INFO     | 2026-06-29 15:52:14,975 | CacheManager | Intercettazione del download per la visura: ROSIGNANO MARITTIMO_90_59_NCT
INFO     | 2026-06-29 15:52:19,259 | Orchestrator | Visura scaricata ed inserita in cache.
INFO     | 2026-06-29 15:52:19,260 | SisterClient | 🔄 Avvio della procedura di ritorno alla maschera principale...
INFO     | 2026-06-29 15:52:19,289 | SisterClient |    -> [Passo 1] Clic su bottone 'Indietro' strutturale.
INFO     | 2026-06-29 15:52:21,658 | SisterClient |    -> [Passo 2] Clic su bottone 'Indietro' strutturale.
INFO     | 2026-06-29 15:52:23,940 | SisterClient | ✅ Maschera principale agganciata con successo. Pronto per il prossimo job.
INFO     | 2026-06-29 15:52:23,940 | Orchestrator |    ⏳ Pausa mimetica: attendo 4.11 secondi prima del prossimo record...
INFO     | 2026-06-29 15:52:28,056 | Orchestrator | [46/167] Elaborazione chiave: ROSIGNANO MARITTIMO_90_47_602_NCF
INFO     | 2026-06-29 15:52:28,061 | SisterClient |    🎯 Form individuato nel Frame [0] (Tentativo radar 1/5). Verifica e iniezione dati...
INFO     | 2026-06-29 15:52:29,116 | SisterClient |    -> Comune 'ROSIGNANO MARITTIMO' già agganciato. Salto la selezione del dropdown.
ERROR    | 2026-06-29 15:52:56,063 | Orchestrator | Anomalia riscontrata sul record: La pagina di riepilogo con il codice di sicurezza non è comparsa (Timeout server).
INFO     | 2026-06-29 15:52:56,064 | SisterClient | 🔄 Avvio della procedura di ritorno alla maschera principale...
INFO     | 2026-06-29 15:52:56,088 | SisterClient |    -> [Passo 1] Clic su bottone 'Indietro' strutturale.
INFO     | 2026-06-29 15:52:58,419 | SisterClient | ✅ Maschera principale agganciata con successo. Pronto per il prossimo job.
INFO     | 2026-06-29 15:52:58,419 | Orchestrator |    ⏳ Pausa mimetica: attendo 8.51 secondi prima del prossimo record...
INFO     | 2026-06-29 15:53:06,951 | Orchestrator | [47/167] Elaborazione chiave: ROSIGNANO MARITTIMO_90_21_NCT
INFO     | 2026-06-29 15:53:06,958 | SisterClient |    🎯 Form individuato nel Frame [0] (Tentativo radar 1/5). Verifica e iniezione dati...
INFO     | 2026-06-29 15:53:08,015 | SisterClient |    -> Comune 'ROSIGNANO MARITTIMO' già agganciato. Salto la selezione del dropdown.
INFO     | 2026-06-29 15:53:11,100 | SisterClient | 🤖 [GPT VISION] Codice analizzato per ROSIGNANO MARITTIMO FG 90 PART 21 -> Tentativo: 'fecaloci'
INFO     | 2026-06-29 15:53:12,275 | SisterClient |    ✅ Codice accettato al tentativo [1/2]!
INFO     | 2026-06-29 15:53:12,276 | CacheManager | Intercettazione del download per la visura: ROSIGNANO MARITTIMO_90_21_NCT
INFO     | 2026-06-29 15:53:16,580 | Orchestrator | Visura scaricata ed inserita in cache.
INFO     | 2026-06-29 15:53:16,580 | SisterClient | 🔄 Avvio della procedura di ritorno alla maschera principale...
INFO     | 2026-06-29 15:53:16,614 | SisterClient |    -> [Passo 1] Clic su bottone 'Indietro' strutturale.
INFO     | 2026-06-29 15:53:18,888 | SisterClient |    -> [Passo 2] Clic su bottone 'Indietro' strutturale.
INFO     | 2026-06-29 15:53:21,478 | SisterClient | ✅ Maschera principale agganciata con successo. Pronto per il prossimo job.
INFO     | 2026-06-29 15:53:21,479 | Orchestrator |    ⏳ Pausa mimetica: attendo 1.88 secondi prima del prossimo record...
INFO     | 2026-06-29 15:53:23,385 | Orchestrator | [48/167] Elaborazione chiave: ROSIGNANO MARITTIMO_90_22_NCT
INFO     | 2026-06-29 15:53:23,392 | SisterClient |    🎯 Form individuato nel Frame [0] (Tentativo radar 1/5). Verifica e iniezione dati...
INFO     | 2026-06-29 15:53:23,423 | SisterClient |    -> Comune 'ROSIGNANO MARITTIMO' già agganciato. Salto la selezione del dropdown.
INFO     | 2026-06-29 15:53:26,940 | SisterClient | 🤖 [GPT VISION] Codice analizzato per ROSIGNANO MARITTIMO FG 90 PART 22 -> Tentativo: 'pospula'
INFO     | 2026-06-29 15:53:28,040 | SisterClient |    ✅ Codice accettato al tentativo [1/2]!
INFO     | 2026-06-29 15:53:28,040 | CacheManager | Intercettazione del download per la visura: ROSIGNANO MARITTIMO_90_22_NCT
INFO     | 2026-06-29 15:53:31,821 | Orchestrator | Visura scaricata ed inserita in cache.
INFO     | 2026-06-29 15:53:31,821 | SisterClient | 🔄 Avvio della procedura di ritorno alla maschera principale...
INFO     | 2026-06-29 15:53:31,855 | SisterClient |    -> [Passo 1] Clic su bottone 'Indietro' strutturale.
INFO     | 2026-06-29 15:53:34,081 | SisterClient |    -> [Passo 2] Clic su bottone 'Indietro' strutturale.
INFO     | 2026-06-29 15:53:36,316 | SisterClient | ✅ Maschera principale agganciata con successo. Pronto per il prossimo job.
INFO     | 2026-06-29 15:53:36,317 | Orchestrator |    ⏳ Pausa mimetica: attendo 2.71 secondi prima del prossimo record...
INFO     | 2026-06-29 15:53:39,045 | Orchestrator | [49/167] Elaborazione chiave: ROSIGNANO MARITTIMO_90_11_NCT
INFO     | 2026-06-29 15:53:39,051 | SisterClient |    🎯 Form individuato nel Frame [0] (Tentativo radar 1/5). Verifica e iniezione dati...
INFO     | 2026-06-29 15:53:39,084 | SisterClient |    -> Comune 'ROSIGNANO MARITTIMO' già agganciato. Salto la selezione del dropdown.
INFO     | 2026-06-29 15:53:42,315 | SisterClient | 🤖 [GPT VISION] Codice analizzato per ROSIGNANO MARITTIMO FG 90 PART 11 -> Tentativo: 'trornevi'
INFO     | 2026-06-29 15:53:43,659 | SisterClient |    ✅ Codice accettato al tentativo [1/2]!
INFO     | 2026-06-29 15:53:43,660 | CacheManager | Intercettazione del download per la visura: ROSIGNANO MARITTIMO_90_11_NCT
INFO     | 2026-06-29 15:53:47,888 | Orchestrator | Visura scaricata ed inserita in cache.
INFO     | 2026-06-29 15:53:47,888 | SisterClient | 🔄 Avvio della procedura di ritorno alla maschera principale...
INFO     | 2026-06-29 15:53:47,922 | SisterClient |    -> [Passo 1] Clic su bottone 'Indietro' strutturale.
INFO     | 2026-06-29 15:53:50,184 | SisterClient |    -> [Passo 2] Clic su bottone 'Indietro' strutturale.
INFO     | 2026-06-29 15:53:52,538 | SisterClient | ✅ Maschera principale agganciata con successo. Pronto per il prossimo job.
INFO     | 2026-06-29 15:53:52,539 | Orchestrator |    ⏳ Pausa mimetica: attendo 5.42 secondi prima del prossimo record...
INFO     | 2026-06-29 15:53:57,967 | Orchestrator | [50/167] Elaborazione chiave: ROSIGNANO MARITTIMO_90_46_602_NCF
INFO     | 2026-06-29 15:53:57,973 | SisterClient |    🎯 Form individuato nel Frame [0] (Tentativo radar 1/5). Verifica e iniezione dati...
INFO     | 2026-06-29 15:53:59,028 | SisterClient |    -> Comune 'ROSIGNANO MARITTIMO' già agganciato. Salto la selezione del dropdown.
INFO     | 2026-06-29 15:54:02,269 | SisterClient | 🤖 [GPT VISION] Codice analizzato per ROSIGNANO MARITTIMO FG 90 PART 46 -> Tentativo: 'umappe'
WARNING  | 2026-06-29 15:54:03,349 | SisterClient |    ⚠️ Tentativo [1/2] fallito (Codice errato). Sister ha rigenerato l'immagine.
INFO     | 2026-06-29 15:54:05,012 | SisterClient | 🤖 [GPT VISION] Codice analizzato per ROSIGNANO MARITTIMO FG 90 PART 46 -> Tentativo: 'non posso analizzare l'immagine.'
WARNING  | 2026-06-29 15:54:06,059 | SisterClient |    ⚠️ Tentativo [2/2] fallito (Codice errato). Sister ha rigenerato l'immagine.
ERROR    | 2026-06-29 15:54:06,059 | SisterClient |    ❌ Falliti 2 tentativi di codice consecutivi per la particella 46.
ERROR    | 2026-06-29 15:54:07,029 | Orchestrator | Anomalia riscontrata sul record: Codice di sicurezza errato per 2 volte consecutive. Record saltato.
INFO     | 2026-06-29 15:54:07,030 | SisterClient | 🔄 Avvio della procedura di ritorno alla maschera principale...
INFO     | 2026-06-29 15:54:07,052 | SisterClient | ✅ Maschera principale agganciata con successo. Pronto per il prossimo job.
INFO     | 2026-06-29 15:54:07,073 | Orchestrator |    ⏳ Pausa mimetica: attendo 4.79 secondi prima del prossimo record...
INFO     | 2026-06-29 15:54:11,883 | Orchestrator | [51/167] Elaborazione chiave: ROSIGNANO MARITTIMO_90_23_NCT
INFO     | 2026-06-29 15:54:11,889 | SisterClient |    🎯 Form individuato nel Frame [0] (Tentativo radar 1/5). Verifica e iniezione dati...
INFO     | 2026-06-29 15:54:12,967 | SisterClient |    -> Comune 'ROSIGNANO MARITTIMO' già agganciato. Salto la selezione del dropdown.
INFO     | 2026-06-29 15:54:16,487 | SisterClient | 🤖 [GPT VISION] Codice analizzato per ROSIGNANO MARITTIMO FG 90 PART 23 -> Tentativo: 'nepoati'
INFO     | 2026-06-29 15:54:18,076 | SisterClient |    ✅ Codice accettato al tentativo [1/2]!
INFO     | 2026-06-29 15:54:18,077 | CacheManager | Intercettazione del download per la visura: ROSIGNANO MARITTIMO_90_23_NCT
INFO     | 2026-06-29 15:54:21,982 | Orchestrator | Visura scaricata ed inserita in cache.
INFO     | 2026-06-29 15:54:21,982 | SisterClient | 🔄 Avvio della procedura di ritorno alla maschera principale...
INFO     | 2026-06-29 15:54:22,014 | SisterClient |    -> [Passo 1] Clic su bottone 'Indietro' strutturale.
INFO     | 2026-06-29 15:54:24,271 | SisterClient |    -> [Passo 2] Clic su bottone 'Indietro' strutturale.
INFO     | 2026-06-29 15:54:26,670 | SisterClient | ✅ Maschera principale agganciata con successo. Pronto per il prossimo job.
INFO     | 2026-06-29 15:54:26,670 | Orchestrator |    ⏳ Pausa mimetica: attendo 5.92 secondi prima del prossimo record...
INFO     | 2026-06-29 15:54:32,613 | Orchestrator | [52/167] Elaborazione chiave: ROSIGNANO MARITTIMO_90_51_NCT
INFO     | 2026-06-29 15:54:32,619 | SisterClient |    🎯 Form individuato nel Frame [0] (Tentativo radar 1/5). Verifica e iniezione dati...
INFO     | 2026-06-29 15:54:32,647 | SisterClient |    -> Comune 'ROSIGNANO MARITTIMO' già agganciato. Salto la selezione del dropdown.
INFO     | 2026-06-29 15:54:36,322 | SisterClient | 🤖 [GPT VISION] Codice analizzato per ROSIGNANO MARITTIMO FG 90 PART 51 -> Tentativo: 'imettummu'
WARNING  | 2026-06-29 15:54:37,345 | SisterClient |    ⚠️ Tentativo [1/2] fallito (Codice errato). Sister ha rigenerato l'immagine.
INFO     | 2026-06-29 15:54:39,017 | SisterClient | 🤖 [GPT VISION] Codice analizzato per ROSIGNANO MARITTIMO FG 90 PART 51 -> Tentativo: 'mespanto'
INFO     | 2026-06-29 15:54:40,108 | SisterClient |    ✅ Codice accettato al tentativo [2/2]!
INFO     | 2026-06-29 15:54:40,109 | CacheManager | Intercettazione del download per la visura: ROSIGNANO MARITTIMO_90_51_NCT
INFO     | 2026-06-29 15:54:44,340 | Orchestrator | Visura scaricata ed inserita in cache.
INFO     | 2026-06-29 15:54:44,340 | SisterClient | 🔄 Avvio della procedura di ritorno alla maschera principale...
INFO     | 2026-06-29 15:54:44,374 | SisterClient |    -> [Passo 1] Clic su bottone 'Indietro' strutturale.
INFO     | 2026-06-29 15:54:46,610 | SisterClient |    -> [Passo 2] Clic su bottone 'Indietro' strutturale.
INFO     | 2026-06-29 15:54:48,905 | SisterClient | ✅ Maschera principale agganciata con successo. Pronto per il prossimo job.
INFO     | 2026-06-29 15:54:48,906 | Orchestrator |    ⏳ Pausa mimetica: attendo 6.41 secondi prima del prossimo record...
INFO     | 2026-06-29 15:54:55,326 | Orchestrator | [53/167] Elaborazione chiave: ROSIGNANO MARITTIMO_90_13_AA_NCT
INFO     | 2026-06-29 15:54:55,333 | SisterClient |    🎯 Form individuato nel Frame [0] (Tentativo radar 1/5). Verifica e iniezione dati...
INFO     | 2026-06-29 15:54:55,369 | SisterClient |    -> Comune 'ROSIGNANO MARITTIMO' già agganciato. Salto la selezione del dropdown.
ERROR    | 2026-06-29 15:55:22,348 | Orchestrator | Anomalia riscontrata sul record: La pagina di riepilogo con il codice di sicurezza non è comparsa (Timeout server).
INFO     | 2026-06-29 15:55:22,349 | SisterClient | 🔄 Avvio della procedura di ritorno alla maschera principale...
INFO     | 2026-06-29 15:55:22,372 | SisterClient |    -> [Passo 1] Clic su bottone 'Indietro' strutturale.
INFO     | 2026-06-29 15:55:24,734 | SisterClient | ✅ Maschera principale agganciata con successo. Pronto per il prossimo job.
INFO     | 2026-06-29 15:55:24,734 | Orchestrator |    ⏳ Pausa mimetica: attendo 4.20 secondi prima del prossimo record...
INFO     | 2026-06-29 15:55:28,957 | Orchestrator | [54/167] Elaborazione chiave: ROSIGNANO MARITTIMO_90_13_AB_NCT
INFO     | 2026-06-29 15:55:28,963 | SisterClient |    🎯 Form individuato nel Frame [0] (Tentativo radar 1/5). Verifica e iniezione dati...
INFO     | 2026-06-29 15:55:28,997 | SisterClient |    -> Comune 'ROSIGNANO MARITTIMO' già agganciato. Salto la selezione del dropdown.
INFO     | 2026-06-29 15:55:32,641 | SisterClient | 🤖 [GPT VISION] Codice analizzato per ROSIGNANO MARITTIMO FG 90 PART 13 -> Tentativo: 'tencifa'
WARNING  | 2026-06-29 15:55:33,574 | SisterClient |    ⚠️ Tentativo [1/2] fallito (Codice errato). Sister ha rigenerato l'immagine.
INFO     | 2026-06-29 15:55:35,323 | SisterClient | 🤖 [GPT VISION] Codice analizzato per ROSIGNANO MARITTIMO FG 90 PART 13 -> Tentativo: 'rovidartu'
WARNING  | 2026-06-29 15:55:36,464 | SisterClient |    ⚠️ Tentativo [2/2] fallito (Codice errato). Sister ha rigenerato l'immagine.
ERROR    | 2026-06-29 15:55:36,464 | SisterClient |    ❌ Falliti 2 tentativi di codice consecutivi per la particella 13.
ERROR    | 2026-06-29 15:55:37,241 | Orchestrator | Anomalia riscontrata sul record: Codice di sicurezza errato per 2 volte consecutive. Record saltato.
INFO     | 2026-06-29 15:55:37,242 | SisterClient | 🔄 Avvio della procedura di ritorno alla maschera principale...
INFO     | 2026-06-29 15:55:37,266 | SisterClient | ✅ Maschera principale agganciata con successo. Pronto per il prossimo job.
INFO     | 2026-06-29 15:55:37,267 | Orchestrator |    ⏳ Pausa mimetica: attendo 8.65 secondi prima del prossimo record...
INFO     | 2026-06-29 15:55:45,943 | Orchestrator | [55/167] Elaborazione chiave: ROSIGNANO MARITTIMO_92_5_AA_NCT
INFO     | 2026-06-29 15:55:45,950 | SisterClient |    🎯 Form individuato nel Frame [0] (Tentativo radar 1/5). Verifica e iniezione dati...
INFO     | 2026-06-29 15:55:45,995 | SisterClient |    -> Comune 'ROSIGNANO MARITTIMO' già agganciato. Salto la selezione del dropdown.
INFO     | 2026-06-29 15:55:49,305 | SisterClient | 🤖 [GPT VISION] Codice analizzato per ROSIGNANO MARITTIMO FG 92 PART 5 -> Tentativo: 'zurigeda'
INFO     | 2026-06-29 15:55:50,476 | SisterClient |    ✅ Codice accettato al tentativo [1/2]!
INFO     | 2026-06-29 15:55:50,477 | CacheManager | Intercettazione del download per la visura: ROSIGNANO MARITTIMO_92_5_AA_NCT
INFO     | 2026-06-29 15:55:54,295 | Orchestrator | Visura scaricata ed inserita in cache.
INFO     | 2026-06-29 15:55:54,296 | SisterClient | 🔄 Avvio della procedura di ritorno alla maschera principale...
INFO     | 2026-06-29 15:55:54,333 | SisterClient |    -> [Passo 1] Clic su bottone 'Indietro' strutturale.
INFO     | 2026-06-29 15:55:56,666 | SisterClient |    -> [Passo 2] Clic su bottone 'Indietro' strutturale.
INFO     | 2026-06-29 15:55:58,938 | SisterClient | ✅ Maschera principale agganciata con successo. Pronto per il prossimo job.
INFO     | 2026-06-29 15:55:58,939 | Orchestrator |    ⏳ Pausa mimetica: attendo 2.69 secondi prima del prossimo record...
INFO     | 2026-06-29 15:56:01,651 | Orchestrator | [56/167] Elaborazione chiave: ROSIGNANO MARITTIMO_92_5_AB_NCT
INFO     | 2026-06-29 15:56:01,656 | SisterClient |    🎯 Form individuato nel Frame [0] (Tentativo radar 1/5). Verifica e iniezione dati...
INFO     | 2026-06-29 15:56:01,688 | SisterClient |    -> Comune 'ROSIGNANO MARITTIMO' già agganciato. Salto la selezione del dropdown.
INFO     | 2026-06-29 15:56:05,808 | SisterClient | 🤖 [GPT VISION] Codice analizzato per ROSIGNANO MARITTIMO FG 92 PART 5 -> Tentativo: 'dacelari'
INFO     | 2026-06-29 15:56:07,591 | SisterClient |    ✅ Codice accettato al tentativo [1/2]!
INFO     | 2026-06-29 15:56:07,592 | CacheManager | Intercettazione del download per la visura: ROSIGNANO MARITTIMO_92_5_AB_NCT
INFO     | 2026-06-29 15:56:11,362 | Orchestrator | Visura scaricata ed inserita in cache.
INFO     | 2026-06-29 15:56:11,363 | SisterClient | 🔄 Avvio della procedura di ritorno alla maschera principale...
INFO     | 2026-06-29 15:56:11,387 | SisterClient |    -> [Passo 1] Clic su bottone 'Indietro' strutturale.
INFO     | 2026-06-29 15:56:13,610 | SisterClient |    -> [Passo 2] Clic su bottone 'Indietro' strutturale.
INFO     | 2026-06-29 15:56:15,910 | SisterClient | ✅ Maschera principale agganciata con successo. Pronto per il prossimo job.
INFO     | 2026-06-29 15:56:15,911 | Orchestrator |    ⏳ Pausa mimetica: attendo 3.62 secondi prima del prossimo record...
INFO     | 2026-06-29 15:56:19,557 | Orchestrator | [57/167] Elaborazione chiave: ROSIGNANO MARITTIMO_92_6_NCT
INFO     | 2026-06-29 15:56:19,565 | SisterClient |    🎯 Form individuato nel Frame [0] (Tentativo radar 1/5). Verifica e iniezione dati...
INFO     | 2026-06-29 15:56:19,600 | SisterClient |    -> Comune 'ROSIGNANO MARITTIMO' già agganciato. Salto la selezione del dropdown.
ERROR    | 2026-06-29 15:56:47,016 | Orchestrator | Anomalia riscontrata sul record: La pagina di riepilogo con il codice di sicurezza non è comparsa (Timeout server).
INFO     | 2026-06-29 15:56:47,017 | SisterClient | 🔄 Avvio della procedura di ritorno alla maschera principale...
INFO     | 2026-06-29 15:56:47,031 | SisterClient |    -> [Passo 1] Clic su bottone 'Indietro' strutturale.
INFO     | 2026-06-29 15:56:49,327 | SisterClient | ✅ Maschera principale agganciata con successo. Pronto per il prossimo job.
INFO     | 2026-06-29 15:56:49,328 | Orchestrator |    ⏳ Pausa mimetica: attendo 8.05 secondi prima del prossimo record...
INFO     | 2026-06-29 15:56:57,394 | Orchestrator | [58/167] Elaborazione chiave: ROSIGNANO MARITTIMO_92_10_AA_NCT
INFO     | 2026-06-29 15:56:57,402 | SisterClient |    🎯 Form individuato nel Frame [0] (Tentativo radar 1/5). Verifica e iniezione dati...
INFO     | 2026-06-29 15:56:57,442 | SisterClient |    -> Comune 'ROSIGNANO MARITTIMO' già agganciato. Salto la selezione del dropdown.
INFO     | 2026-06-29 15:57:00,561 | SisterClient | 🤖 [GPT VISION] Codice analizzato per ROSIGNANO MARITTIMO FG 92 PART 10 -> Tentativo: 'datomuli'
INFO     | 2026-06-29 15:57:01,779 | SisterClient |    ✅ Codice accettato al tentativo [1/2]!
INFO     | 2026-06-29 15:57:01,779 | CacheManager | Intercettazione del download per la visura: ROSIGNANO MARITTIMO_92_10_AA_NCT
ERROR    | 2026-06-29 15:57:06,809 | Orchestrator | Anomalia riscontrata sul record: Impossibile completare il download del PDF (Documentazione non disponibile o schermata imprevista). Dettaglio: Locator.click: Timeout 5000ms exceeded.
Call log:
  - waiting for locator("input[type='submit'][name='metodo'][value='Salva']")
    - waiting for" https://sister3.agenziaentrate.gov.it/Visure/CheckRichiesta?par=VC&idRichiesta=2019148171&valRip=&uffSIT=1" navigation to finish...

INFO     | 2026-06-29 15:57:06,811 | SisterClient | 🔄 Avvio della procedura di ritorno alla maschera principale...
INFO     | 2026-06-29 15:57:07,896 | SisterClient |    -> [Passo 1] Clic su bottone 'Indietro' strutturale.
INFO     | 2026-06-29 15:57:10,978 | SisterClient |    -> [Passo 2] Clic su bottone 'Indietro' strutturale.
INFO     | 2026-06-29 15:57:13,811 | SisterClient | ✅ Maschera principale agganciata con successo. Pronto per il prossimo job.
INFO     | 2026-06-29 15:57:13,812 | Orchestrator |    ⏳ Pausa mimetica: attendo 7.07 secondi prima del prossimo record...
INFO     | 2026-06-29 15:57:20,894 | Orchestrator | [59/167] Elaborazione chiave: ROSIGNANO MARITTIMO_92_10_AB_NCT
INFO     | 2026-06-29 15:57:20,898 | SisterClient |    🎯 Form individuato nel Frame [0] (Tentativo radar 1/5). Verifica e iniezione dati...
INFO     | 2026-06-29 15:57:20,934 | SisterClient |    -> Comune 'ROSIGNANO MARITTIMO' già agganciato. Salto la selezione del dropdown.
INFO     | 2026-06-29 15:57:24,078 | SisterClient | 🤖 [GPT VISION] Codice analizzato per ROSIGNANO MARITTIMO FG 92 PART 10 -> Tentativo: 'rolasti'
INFO     | 2026-06-29 15:57:25,224 | SisterClient |    ✅ Codice accettato al tentativo [1/2]!
INFO     | 2026-06-29 15:57:25,225 | CacheManager | Intercettazione del download per la visura: ROSIGNANO MARITTIMO_92_10_AB_NCT
INFO     | 2026-06-29 15:57:29,474 | Orchestrator | Visura scaricata ed inserita in cache.
INFO     | 2026-06-29 15:57:29,474 | SisterClient | 🔄 Avvio della procedura di ritorno alla maschera principale...
INFO     | 2026-06-29 15:57:29,723 | SisterClient |    -> [Passo 1] Clic su bottone 'Indietro' strutturale.
INFO     | 2026-06-29 15:57:32,033 | SisterClient |    -> [Passo 2] Clic su bottone 'Indietro' strutturale.
INFO     | 2026-06-29 15:57:34,293 | SisterClient | ✅ Maschera principale agganciata con successo. Pronto per il prossimo job.
INFO     | 2026-06-29 15:57:34,294 | Orchestrator |    ⏳ Pausa mimetica: attendo 6.76 secondi prima del prossimo record...
INFO     | 2026-06-29 15:57:41,077 | Orchestrator | [60/167] Elaborazione chiave: ROSIGNANO MARITTIMO_92_9_NCT
INFO     | 2026-06-29 15:57:41,082 | SisterClient |    🎯 Form individuato nel Frame [0] (Tentativo radar 1/5). Verifica e iniezione dati...
INFO     | 2026-06-29 15:57:41,118 | SisterClient |    -> Comune 'ROSIGNANO MARITTIMO' già agganciato. Salto la selezione del dropdown.
ERROR    | 2026-06-29 15:58:08,054 | Orchestrator | Anomalia riscontrata sul record: La pagina di riepilogo con il codice di sicurezza non è comparsa (Timeout server).
INFO     | 2026-06-29 15:58:08,057 | SisterClient | 🔄 Avvio della procedura di ritorno alla maschera principale...
INFO     | 2026-06-29 15:58:08,071 | SisterClient |    -> [Passo 1] Clic su bottone 'Indietro' strutturale.
INFO     | 2026-06-29 15:58:10,625 | SisterClient | ✅ Maschera principale agganciata con successo. Pronto per il prossimo job.
INFO     | 2026-06-29 15:58:10,626 | Orchestrator |    ⏳ Pausa mimetica: attendo 7.66 secondi prima del prossimo record...
INFO     | 2026-06-29 15:58:18,295 | Orchestrator | [61/167] Elaborazione chiave: ROSIGNANO MARITTIMO_92_44_NCT
INFO     | 2026-06-29 15:58:18,300 | SisterClient |    🎯 Form individuato nel Frame [0] (Tentativo radar 1/5). Verifica e iniezione dati...
INFO     | 2026-06-29 15:58:18,335 | SisterClient |    -> Comune 'ROSIGNANO MARITTIMO' già agganciato. Salto la selezione del dropdown.
INFO     | 2026-06-29 15:58:22,119 | SisterClient | 🤖 [GPT VISION] Codice analizzato per ROSIGNANO MARITTIMO FG 92 PART 44 -> Tentativo: 'miutobe'
INFO     | 2026-06-29 15:58:23,626 | SisterClient |    ✅ Codice accettato al tentativo [1/2]!
INFO     | 2026-06-29 15:58:23,627 | CacheManager | Intercettazione del download per la visura: ROSIGNANO MARITTIMO_92_44_NCT
INFO     | 2026-06-29 15:58:27,370 | Orchestrator | Visura scaricata ed inserita in cache.
INFO     | 2026-06-29 15:58:27,371 | SisterClient | 🔄 Avvio della procedura di ritorno alla maschera principale...
INFO     | 2026-06-29 15:58:27,603 | SisterClient |    -> [Passo 1] Clic su bottone 'Indietro' strutturale.
INFO     | 2026-06-29 15:58:29,921 | SisterClient |    -> [Passo 2] Clic su bottone 'Indietro' strutturale.
INFO     | 2026-06-29 15:58:32,228 | SisterClient | ✅ Maschera principale agganciata con successo. Pronto per il prossimo job.
INFO     | 2026-06-29 15:58:32,229 | Orchestrator |    ⏳ Pausa mimetica: attendo 6.27 secondi prima del prossimo record...
INFO     | 2026-06-29 15:58:38,509 | Orchestrator | [62/167] Elaborazione chiave: ROSIGNANO MARITTIMO_92_11_AA_NCT
INFO     | 2026-06-29 15:58:38,514 | SisterClient |    🎯 Form individuato nel Frame [0] (Tentativo radar 1/5). Verifica e iniezione dati...
INFO     | 2026-06-29 15:58:38,555 | SisterClient |    -> Comune 'ROSIGNANO MARITTIMO' già agganciato. Salto la selezione del dropdown.
ERROR    | 2026-06-29 15:59:05,616 | Orchestrator | Anomalia riscontrata sul record: La pagina di riepilogo con il codice di sicurezza non è comparsa (Timeout server).
INFO     | 2026-06-29 15:59:05,622 | SisterClient | 🔄 Avvio della procedura di ritorno alla maschera principale...
INFO     | 2026-06-29 15:59:05,642 | SisterClient |    -> [Passo 1] Clic su bottone 'Indietro' strutturale.
INFO     | 2026-06-29 15:59:07,979 | SisterClient | ✅ Maschera principale agganciata con successo. Pronto per il prossimo job.
INFO     | 2026-06-29 15:59:07,979 | Orchestrator |    ⏳ Pausa mimetica: attendo 6.72 secondi prima del prossimo record...
INFO     | 2026-06-29 15:59:14,728 | Orchestrator | [63/167] Elaborazione chiave: ROSIGNANO MARITTIMO_92_11_AB_NCT
INFO     | 2026-06-29 15:59:14,729 | Orchestrator |  [BATCH LIMIT] Raggiunto il limite di 50 record elaborati in questa sessione.
INFO     | 2026-06-29 16:00:11,599 | Orchestrator | Analisi delle schede del browser per intercettare la nuova sessione...
INFO     | 2026-06-29 16:00:13,275 | Orchestrator | Nuova sessione agganciata stabilmente su: https://iampe.agenziaentrate.gov.it/sam/UI/Logout?realm=/agenziaentrate
ERROR    | 2026-06-29 16:00:18,354 | Orchestrator | Anomalia riscontrata sul record: Impossibile agganciare la maschera nei frame per l'iniezione dei parametri (Timeout rendering struttura).
INFO     | 2026-06-29 16:00:18,358 | SisterClient | 🔄 Avvio della procedura di ritorno alla maschera principale...
WARNING  | 2026-06-29 16:00:18,373 | SisterClient |    -> [Passo 1] Nessun bottone rilevato (schermata di errore). Eseguo go_back() nativo...
INFO     | 2026-06-29 16:00:20,694 | SisterClient | ✅ Maschera principale agganciata con successo. Pronto per il prossimo job.
INFO     | 2026-06-29 16:00:20,695 | Orchestrator |    ⏳ Pausa mimetica: attendo 8.03 secondi prima del prossimo record...
CRITICAL | 2026-06-29 16:00:24,754 | Orchestrator | Automazione interrotta o completata prematuramente: Page.wait_for_timeout: Target page, context or browser has been closed
INFO     | 2026-06-29 16:00:24,759 | Orchestrator | === [FASE 3] FINALIZZAZIONE OUTPUT E REPORTING ===
INFO     | 2026-06-29 16:00:24,770 | FolderBuilder | Avvio smistamento strutturato delle visure secondo il layout dinamico del cliente...
DEBUG    | 2026-06-29 16:00:24,798 | FolderBuilder | Smistato strutturato: LI-ROSIGNANO MARITTIMO-81-1145.pdf -> Campo FV 13
DEBUG    | 2026-06-29 16:00:24,803 | FolderBuilder | Smistato strutturato: LI-ROSIGNANO MARITTIMO-81-1145.pdf -> Campo FV 13\opere di invarianza idraulica
DEBUG    | 2026-06-29 16:00:24,808 | FolderBuilder | Smistato strutturato: LI-ROSIGNANO MARITTIMO-81-1148.pdf -> Campo FV 13
DEBUG    | 2026-06-29 16:00:24,812 | FolderBuilder | Smistato strutturato: LI-ROSIGNANO MARITTIMO-81-1148.pdf -> Campo FV 13\opere di invarianza idraulica
DEBUG    | 2026-06-29 16:00:24,817 | FolderBuilder | Smistato strutturato: LI-ROSIGNANO MARITTIMO-81-259-AA.pdf -> Campo FV 13
DEBUG    | 2026-06-29 16:00:24,820 | FolderBuilder | Smistato strutturato: LI-ROSIGNANO MARITTIMO-81-259-AB.pdf -> Campo FV 13
DEBUG    | 2026-06-29 16:00:24,825 | FolderBuilder | Smistato strutturato: LI-ROSIGNANO MARITTIMO-81-262.pdf -> Campo FV 13
DEBUG    | 2026-06-29 16:00:24,830 | FolderBuilder | Smistato strutturato: LI-ROSIGNANO MARITTIMO-81-262.pdf -> Campo FV 13\opere di invarianza idraulica
WARNING  | 2026-06-29 16:00:24,830 | FolderBuilder | File PDF non trovato in cache per la chiave: ROSIGNANO MARITTIMO_81_1151_NCT (Impossibile smistare)
DEBUG    | 2026-06-29 16:00:24,834 | FolderBuilder | Smistato strutturato: LI-ROSIGNANO MARITTIMO-81-1154.pdf -> Campo FV 13
DEBUG    | 2026-06-29 16:00:24,839 | FolderBuilder | Smistato strutturato: LI-ROSIGNANO MARITTIMO-81-1157.pdf -> Campo FV 13
DEBUG    | 2026-06-29 16:00:24,843 | FolderBuilder | Smistato strutturato: LI-ROSIGNANO MARITTIMO-81-1157.pdf -> Campo FV 13\cancelli ingresso
DEBUG    | 2026-06-29 16:00:24,847 | FolderBuilder | Smistato strutturato: LI-ROSIGNANO MARITTIMO-81-1157.pdf -> Campo FV 13\opere di invarianza idraulica
DEBUG    | 2026-06-29 16:00:24,852 | FolderBuilder | Smistato strutturato: LI-ROSIGNANO MARITTIMO-81-1157.pdf -> Campo FV 13\strade accesso esistenti
DEBUG    | 2026-06-29 16:00:24,856 | FolderBuilder | Smistato strutturato: LI-ROSIGNANO MARITTIMO-81-1157.pdf -> Campo FV 13\opere accessorie di invarianza idraulica
DEBUG    | 2026-06-29 16:00:24,859 | FolderBuilder | Smistato strutturato: LI-ROSIGNANO MARITTIMO-81-1157.pdf -> Campo FV 13\cabine
DEBUG    | 2026-06-29 16:00:24,865 | FolderBuilder | Smistato strutturato: LI-ROSIGNANO MARITTIMO-81-1160.pdf -> Campo FV 13
DEBUG    | 2026-06-29 16:00:24,868 | FolderBuilder | Smistato strutturato: LI-ROSIGNANO MARITTIMO-81-1160.pdf -> Campo FV 13\cancelli ingresso
DEBUG    | 2026-06-29 16:00:24,871 | FolderBuilder | Smistato strutturato: LI-ROSIGNANO MARITTIMO-81-1160.pdf -> Campo FV 13\opere di invarianza idraulica
DEBUG    | 2026-06-29 16:00:24,875 | FolderBuilder | Smistato strutturato: LI-ROSIGNANO MARITTIMO-81-1160.pdf -> Campo FV 13\stradelle in progetto esterne impianto
DEBUG    | 2026-06-29 16:00:24,879 | FolderBuilder | Smistato strutturato: LI-ROSIGNANO MARITTIMO-81-1160.pdf -> Campo FV 13\strade accesso esistenti
DEBUG    | 2026-06-29 16:00:24,882 | FolderBuilder | Smistato strutturato: LI-ROSIGNANO MARITTIMO-81-1160.pdf -> Campo FV 13\opere accessorie di invarianza idraulica
DEBUG    | 2026-06-29 16:00:24,887 | FolderBuilder | Smistato strutturato: LI-ROSIGNANO MARITTIMO-81-1165.pdf -> Campo FV 13
DEBUG    | 2026-06-29 16:00:24,891 | FolderBuilder | Smistato strutturato: LI-ROSIGNANO MARITTIMO-81-1165.pdf -> Campo FV 13\strade accesso esistenti
DEBUG    | 2026-06-29 16:00:24,896 | FolderBuilder | Smistato strutturato: LI-ROSIGNANO MARITTIMO-81-1165.pdf -> Campo FV 13\opere di invarianza idraulica
DEBUG    | 2026-06-29 16:00:24,900 | FolderBuilder | Smistato strutturato: LI-ROSIGNANO MARITTIMO-81-1165.pdf -> Campo FV 13\opere accessorie di invarianza idraulica
DEBUG    | 2026-06-29 16:00:24,905 | FolderBuilder | Smistato strutturato: LI-ROSIGNANO MARITTIMO-86-717.pdf -> Campo FV 14
DEBUG    | 2026-06-29 16:00:24,911 | FolderBuilder | Smistato strutturato: LI-ROSIGNANO MARITTIMO-86-709.pdf -> Campo FV 14
WARNING  | 2026-06-29 16:00:24,911 | FolderBuilder | File PDF non trovato in cache per la chiave: ROSIGNANO MARITTIMO_86_706_NCT (Impossibile smistare)
DEBUG    | 2026-06-29 16:00:24,916 | FolderBuilder | Smistato strutturato: LI-ROSIGNANO MARITTIMO-86-799.pdf -> Campo FV 14
DEBUG    | 2026-06-29 16:00:24,920 | FolderBuilder | Smistato strutturato: LI-ROSIGNANO MARITTIMO-86-799.pdf -> Campo FV 14\strade accesso esistenti
DEBUG    | 2026-06-29 16:00:24,924 | FolderBuilder | Smistato strutturato: LI-ROSIGNANO MARITTIMO-86-714.pdf -> Campo FV 14
DEBUG    | 2026-06-29 16:00:24,930 | FolderBuilder | Smistato strutturato: LI-ROSIGNANO MARITTIMO-86-712.pdf -> Campo FV 14
DEBUG    | 2026-06-29 16:00:24,934 | FolderBuilder | Smistato strutturato: LI-ROSIGNANO MARITTIMO-86-712.pdf -> Campo FV 14\strade accesso esistenti
DEBUG    | 2026-06-29 16:00:24,937 | FolderBuilder | Smistato strutturato: LI-ROSIGNANO MARITTIMO-86-712.pdf -> Campo FV 14\opere di invarianza idraulica
DEBUG    | 2026-06-29 16:00:24,940 | FolderBuilder | Smistato strutturato: LI-ROSIGNANO MARITTIMO-86-712.pdf -> Campo FV 14\opere accessorie di invarianza idraulica
DEBUG    | 2026-06-29 16:00:24,946 | FolderBuilder | Smistato strutturato: LI-ROSIGNANO MARITTIMO-86-713.pdf -> Campo FV 14
DEBUG    | 2026-06-29 16:00:24,950 | FolderBuilder | Smistato strutturato: LI-ROSIGNANO MARITTIMO-86-713.pdf -> Campo FV 14\strade accesso esistenti
DEBUG    | 2026-06-29 16:00:24,953 | FolderBuilder | Smistato strutturato: LI-ROSIGNANO MARITTIMO-86-713.pdf -> Campo FV 14\opere di invarianza idraulica
DEBUG    | 2026-06-29 16:00:24,956 | FolderBuilder | Smistato strutturato: LI-ROSIGNANO MARITTIMO-86-713.pdf -> Campo FV 14\opere accessorie di invarianza idraulica
DEBUG    | 2026-06-29 16:00:24,960 | FolderBuilder | Smistato strutturato: LI-ROSIGNANO MARITTIMO-86-707.pdf -> Campo FV 14
DEBUG    | 2026-06-29 16:00:24,965 | FolderBuilder | Smistato strutturato: LI-ROSIGNANO MARITTIMO-86-707.pdf -> Campo FV 14\opere di invarianza idraulica
DEBUG    | 2026-06-29 16:00:24,969 | FolderBuilder | Smistato strutturato: LI-ROSIGNANO MARITTIMO-86-710-AA.pdf -> Campo FV 14
DEBUG    | 2026-06-29 16:00:24,972 | FolderBuilder | Smistato strutturato: LI-ROSIGNANO MARITTIMO-86-710-AA.pdf -> Campo FV 14\opere di invarianza idraulica
DEBUG    | 2026-06-29 16:00:24,975 | FolderBuilder | Smistato strutturato: LI-ROSIGNANO MARITTIMO-86-710-AB.pdf -> Campo FV 14
DEBUG    | 2026-06-29 16:00:24,979 | FolderBuilder | Smistato strutturato: LI-ROSIGNANO MARITTIMO-86-710-AB.pdf -> Campo FV 14\opere di invarianza idraulica
WARNING  | 2026-06-29 16:00:24,979 | FolderBuilder | File PDF non trovato in cache per la chiave: ROSIGNANO MARITTIMO_86_796_NCT (Impossibile smistare)
DEBUG    | 2026-06-29 16:00:24,985 | FolderBuilder | Smistato strutturato: LI-ROSIGNANO MARITTIMO-86-782.pdf -> Campo FV 14
DEBUG    | 2026-06-29 16:00:24,989 | FolderBuilder | Smistato strutturato: LI-ROSIGNANO MARITTIMO-86-782.pdf -> Campo FV 14\opere di invarianza idraulica
DEBUG    | 2026-06-29 16:00:24,997 | FolderBuilder | Smistato strutturato: LI-ROSIGNANO MARITTIMO-86-59.pdf -> Campo FV 14
DEBUG    | 2026-06-29 16:00:25,000 | FolderBuilder | Smistato strutturato: LI-ROSIGNANO MARITTIMO-86-59.pdf -> Campo FV 14\opere di invarianza idraulica
DEBUG    | 2026-06-29 16:00:25,005 | FolderBuilder | Smistato strutturato: LI-ROSIGNANO MARITTIMO-86-720.pdf -> Campo FV 14
DEBUG    | 2026-06-29 16:00:25,012 | FolderBuilder | Smistato strutturato: LI-ROSIGNANO MARITTIMO-86-722.pdf -> Campo FV 14
DEBUG    | 2026-06-29 16:00:25,018 | FolderBuilder | Smistato strutturato: LI-ROSIGNANO MARITTIMO-86-722.pdf -> Campo FV 14\cancelli ingresso
DEBUG    | 2026-06-29 16:00:25,023 | FolderBuilder | Smistato strutturato: LI-ROSIGNANO MARITTIMO-86-722.pdf -> Campo FV 14\opere di invarianza idraulica
DEBUG    | 2026-06-29 16:00:25,028 | FolderBuilder | Smistato strutturato: LI-ROSIGNANO MARITTIMO-86-722.pdf -> Campo FV 14\stradelle in progetto esterne impianto
DEBUG    | 2026-06-29 16:00:25,034 | FolderBuilder | Smistato strutturato: LI-ROSIGNANO MARITTIMO-86-722.pdf -> Campo FV 14\strade accesso esistenti
DEBUG    | 2026-06-29 16:00:25,040 | FolderBuilder | Smistato strutturato: LI-ROSIGNANO MARITTIMO-86-722.pdf -> Campo FV 14\opere accessorie di invarianza idraulica
DEBUG    | 2026-06-29 16:00:25,050 | FolderBuilder | Smistato strutturato: LI-ROSIGNANO MARITTIMO-86-722.pdf -> Campo FV 14\cabine
DEBUG    | 2026-06-29 16:00:25,055 | FolderBuilder | Smistato strutturato: LI-ROSIGNANO MARITTIMO-86-723.pdf -> Campo FV 14
DEBUG    | 2026-06-29 16:00:25,059 | FolderBuilder | Smistato strutturato: LI-ROSIGNANO MARITTIMO-86-723.pdf -> Campo FV 14\opere di invarianza idraulica
DEBUG    | 2026-06-29 16:00:25,065 | FolderBuilder | Smistato strutturato: LI-ROSIGNANO MARITTIMO-86-719.pdf -> Campo FV 14
DEBUG    | 2026-06-29 16:00:25,070 | FolderBuilder | Smistato strutturato: LI-ROSIGNANO MARITTIMO-86-719.pdf -> Campo FV 14\opere di invarianza idraulica
DEBUG    | 2026-06-29 16:00:25,074 | FolderBuilder | Smistato strutturato: LI-ROSIGNANO MARITTIMO-86-124.pdf -> Campo FV 14
DEBUG    | 2026-06-29 16:00:25,081 | FolderBuilder | Smistato strutturato: LI-ROSIGNANO MARITTIMO-86-124.pdf -> Campo FV 14\opere di invarianza idraulica
DEBUG    | 2026-06-29 16:00:25,086 | FolderBuilder | Smistato strutturato: LI-ROSIGNANO MARITTIMO-86-68.pdf -> Campo FV 14
DEBUG    | 2026-06-29 16:00:25,090 | FolderBuilder | Smistato strutturato: LI-ROSIGNANO MARITTIMO-86-68.pdf -> Campo FV 14\opere di invarianza idraulica
DEBUG    | 2026-06-29 16:00:25,094 | FolderBuilder | Smistato strutturato: LI-ROSIGNANO MARITTIMO-86-68.pdf -> Campo FV 14\cabine
DEBUG    | 2026-06-29 16:00:25,101 | FolderBuilder | Smistato strutturato: LI-ROSIGNANO MARITTIMO-86-87.pdf -> Campo FV 14
DEBUG    | 2026-06-29 16:00:25,107 | FolderBuilder | Smistato strutturato: LI-ROSIGNANO MARITTIMO-86-87.pdf -> Campo FV 14\cancelli ingresso
DEBUG    | 2026-06-29 16:00:25,111 | FolderBuilder | Smistato strutturato: LI-ROSIGNANO MARITTIMO-86-87.pdf -> Campo FV 14\opere di invarianza idraulica
DEBUG    | 2026-06-29 16:00:25,115 | FolderBuilder | Smistato strutturato: LI-ROSIGNANO MARITTIMO-86-87.pdf -> Campo FV 14\strade accesso esistenti
DEBUG    | 2026-06-29 16:00:25,120 | FolderBuilder | Smistato strutturato: LI-ROSIGNANO MARITTIMO-86-87.pdf -> Campo FV 14\opere accessorie di invarianza idraulica
DEBUG    | 2026-06-29 16:00:25,126 | FolderBuilder | Smistato strutturato: LI-ROSIGNANO MARITTIMO-86-86-AA.pdf -> Campo FV 14
DEBUG    | 2026-06-29 16:00:25,131 | FolderBuilder | Smistato strutturato: LI-ROSIGNANO MARITTIMO-86-86-AA.pdf -> Campo FV 14\opere di invarianza idraulica
DEBUG    | 2026-06-29 16:00:25,136 | FolderBuilder | Smistato strutturato: LI-ROSIGNANO MARITTIMO-86-86-AB.pdf -> Campo FV 14
DEBUG    | 2026-06-29 16:00:25,141 | FolderBuilder | Smistato strutturato: LI-ROSIGNANO MARITTIMO-86-86-AB.pdf -> Campo FV 14\opere di invarianza idraulica
DEBUG    | 2026-06-29 16:00:25,148 | FolderBuilder | Smistato strutturato: LI-ROSIGNANO MARITTIMO-86-765-601.pdf -> Campo FV 14
DEBUG    | 2026-06-29 16:00:25,154 | FolderBuilder | Smistato strutturato: LI-ROSIGNANO MARITTIMO-86-765-601.pdf -> Campo FV 14\opere di invarianza idraulica
WARNING  | 2026-06-29 16:00:25,154 | FolderBuilder | File PDF non trovato in cache per la chiave: ROSIGNANO MARITTIMO_86_606_AA_NCT (Impossibile smistare)
WARNING  | 2026-06-29 16:00:25,155 | FolderBuilder | File PDF non trovato in cache per la chiave: ROSIGNANO MARITTIMO_86_606_AB_NCT (Impossibile smistare)
WARNING  | 2026-06-29 16:00:25,158 | FolderBuilder | File PDF non trovato in cache per la chiave: ROSIGNANO MARITTIMO_90_62_NCT (Impossibile smistare)
WARNING  | 2026-06-29 16:00:25,160 | FolderBuilder | File PDF non trovato in cache per la chiave: ROSIGNANO MARITTIMO_90_4_605_NCF (Impossibile smistare)
WARNING  | 2026-06-29 16:00:25,163 | FolderBuilder | File PDF non trovato in cache per la chiave: ROSIGNANO MARITTIMO_90_5_NCF (Impossibile smistare)
DEBUG    | 2026-06-29 16:00:25,173 | FolderBuilder | Smistato strutturato: LI-ROSIGNANO MARITTIMO-90-42.pdf -> Campo FV 1
DEBUG    | 2026-06-29 16:00:25,179 | FolderBuilder | Smistato strutturato: LI-ROSIGNANO MARITTIMO-90-63-610.pdf -> Campo FV 1
DEBUG    | 2026-06-29 16:00:25,186 | FolderBuilder | Smistato strutturato: LI-ROSIGNANO MARITTIMO-90-60.pdf -> Campo FV 1
DEBUG    | 2026-06-29 16:00:25,198 | FolderBuilder | Smistato strutturato: LI-ROSIGNANO MARITTIMO-90-9.pdf -> Campo FV 1
DEBUG    | 2026-06-29 16:00:25,206 | FolderBuilder | Smistato strutturato: LI-ROSIGNANO MARITTIMO-90-17.pdf -> Campo FV 1
DEBUG    | 2026-06-29 16:00:25,212 | FolderBuilder | Smistato strutturato: LI-ROSIGNANO MARITTIMO-90-17.pdf -> Campo FV 1\strade accesso esistenti
DEBUG    | 2026-06-29 16:00:25,216 | FolderBuilder | Smistato strutturato: LI-ROSIGNANO MARITTIMO-90-17.pdf -> Campo FV 1\cancelli ingresso
DEBUG    | 2026-06-29 16:00:25,220 | FolderBuilder | Smistato strutturato: LI-ROSIGNANO MARITTIMO-90-17.pdf -> Campo FV 1\stradelle in progetto esterne impianto
DEBUG    | 2026-06-29 16:00:25,225 | FolderBuilder | Smistato strutturato: LI-ROSIGNANO MARITTIMO-90-7.pdf -> Campo FV 1
DEBUG    | 2026-06-29 16:00:25,232 | FolderBuilder | Smistato strutturato: LI-ROSIGNANO MARITTIMO-90-59.pdf -> Campo FV 1
DEBUG    | 2026-06-29 16:00:25,238 | FolderBuilder | Smistato strutturato: LI-ROSIGNANO MARITTIMO-90-59.pdf -> Campo FV 1\opere di invarianza idraulica
WARNING  | 2026-06-29 16:00:25,238 | FolderBuilder | File PDF non trovato in cache per la chiave: ROSIGNANO MARITTIMO_90_47_602_NCF (Impossibile smistare)
DEBUG    | 2026-06-29 16:00:25,244 | FolderBuilder | Smistato strutturato: LI-ROSIGNANO MARITTIMO-90-21.pdf -> Campo FV 1
DEBUG    | 2026-06-29 16:00:25,251 | FolderBuilder | Smistato strutturato: LI-ROSIGNANO MARITTIMO-90-22.pdf -> Campo FV 1
DEBUG    | 2026-06-29 16:00:25,254 | FolderBuilder | Smistato strutturato: LI-ROSIGNANO MARITTIMO-90-22.pdf -> Campo FV 1\cabine
DEBUG    | 2026-06-29 16:00:25,260 | FolderBuilder | Smistato strutturato: LI-ROSIGNANO MARITTIMO-90-11.pdf -> Campo FV 1
DEBUG    | 2026-06-29 16:00:25,265 | FolderBuilder | Smistato strutturato: LI-ROSIGNANO MARITTIMO-90-11.pdf -> Campo FV 1\opere di invarianza idraulica
DEBUG    | 2026-06-29 16:00:25,271 | FolderBuilder | Smistato strutturato: LI-ROSIGNANO MARITTIMO-90-11.pdf -> Campo FV 1\strade accesso esistenti
DEBUG    | 2026-06-29 16:00:25,277 | FolderBuilder | Smistato strutturato: LI-ROSIGNANO MARITTIMO-90-11.pdf -> Campo FV 1\opere accessorie di invarianza idraulica
DEBUG    | 2026-06-29 16:00:25,283 | FolderBuilder | Smistato strutturato: LI-ROSIGNANO MARITTIMO-90-11.pdf -> Campo FV 1\cabine
WARNING  | 2026-06-29 16:00:25,284 | FolderBuilder | File PDF non trovato in cache per la chiave: ROSIGNANO MARITTIMO_90_46_602_NCF (Impossibile smistare)
DEBUG    | 2026-06-29 16:00:25,291 | FolderBuilder | Smistato strutturato: LI-ROSIGNANO MARITTIMO-90-23.pdf -> Campo FV 1
DEBUG    | 2026-06-29 16:00:25,299 | FolderBuilder | Smistato strutturato: LI-ROSIGNANO MARITTIMO-90-23.pdf -> Campo FV 1\strade accesso esistenti
DEBUG    | 2026-06-29 16:00:25,304 | FolderBuilder | Smistato strutturato: LI-ROSIGNANO MARITTIMO-90-51.pdf -> Campo FV 17
DEBUG    | 2026-06-29 16:00:25,308 | FolderBuilder | Smistato strutturato: LI-ROSIGNANO MARITTIMO-90-51.pdf -> Campo FV 17\cancelli ingresso
DEBUG    | 2026-06-29 16:00:25,314 | FolderBuilder | Smistato strutturato: LI-ROSIGNANO MARITTIMO-90-51.pdf -> Campo FV 17\opere di invarianza idraulica
DEBUG    | 2026-06-29 16:00:25,318 | FolderBuilder | Smistato strutturato: LI-ROSIGNANO MARITTIMO-90-51.pdf -> Campo FV 17\stradelle in progetto esterne impianto
DEBUG    | 2026-06-29 16:00:25,322 | FolderBuilder | Smistato strutturato: LI-ROSIGNANO MARITTIMO-90-51.pdf -> Campo FV 17\strade accesso esistenti
DEBUG    | 2026-06-29 16:00:25,326 | FolderBuilder | Smistato strutturato: LI-ROSIGNANO MARITTIMO-90-51.pdf -> Campo FV 17\opere accessorie di invarianza idraulica
DEBUG    | 2026-06-29 16:00:25,332 | FolderBuilder | Smistato strutturato: LI-ROSIGNANO MARITTIMO-90-51.pdf -> Campo FV 17\cabine
WARNING  | 2026-06-29 16:00:25,332 | FolderBuilder | File PDF non trovato in cache per la chiave: ROSIGNANO MARITTIMO_90_13_AA_NCT (Impossibile smistare)
WARNING  | 2026-06-29 16:00:25,333 | FolderBuilder | File PDF non trovato in cache per la chiave: ROSIGNANO MARITTIMO_90_13_AB_NCT (Impossibile smistare)
DEBUG    | 2026-06-29 16:00:25,339 | FolderBuilder | Smistato strutturato: LI-ROSIGNANO MARITTIMO-92-5-AA.pdf -> Campo FV 2
DEBUG    | 2026-06-29 16:00:25,346 | FolderBuilder | Smistato strutturato: LI-ROSIGNANO MARITTIMO-92-5-AA.pdf -> Campo FV 2\strade accesso esistenti
DEBUG    | 2026-06-29 16:00:25,351 | FolderBuilder | Smistato strutturato: LI-ROSIGNANO MARITTIMO-92-5-AA.pdf -> Campo FV 2\opere accessorie di invarianza idraulica
DEBUG    | 2026-06-29 16:00:25,356 | FolderBuilder | Smistato strutturato: LI-ROSIGNANO MARITTIMO-92-5-AB.pdf -> Campo FV 2
DEBUG    | 2026-06-29 16:00:25,364 | FolderBuilder | Smistato strutturato: LI-ROSIGNANO MARITTIMO-92-5-AB.pdf -> Campo FV 2\strade accesso esistenti
DEBUG    | 2026-06-29 16:00:25,368 | FolderBuilder | Smistato strutturato: LI-ROSIGNANO MARITTIMO-92-5-AB.pdf -> Campo FV 2\opere accessorie di invarianza idraulica
WARNING  | 2026-06-29 16:00:25,368 | FolderBuilder | File PDF non trovato in cache per la chiave: ROSIGNANO MARITTIMO_92_6_NCT (Impossibile smistare)
WARNING  | 2026-06-29 16:00:25,369 | FolderBuilder | File PDF non trovato in cache per la chiave: ROSIGNANO MARITTIMO_92_10_AA_NCT (Impossibile smistare)
DEBUG    | 2026-06-29 16:00:25,375 | FolderBuilder | Smistato strutturato: LI-ROSIGNANO MARITTIMO-92-10-AB.pdf -> Campo FV 2
WARNING  | 2026-06-29 16:00:25,375 | FolderBuilder | File PDF non trovato in cache per la chiave: ROSIGNANO MARITTIMO_92_9_NCT (Impossibile smistare)
DEBUG    | 2026-06-29 16:00:25,386 | FolderBuilder | Smistato strutturato: LI-ROSIGNANO MARITTIMO-92-44.pdf -> Campo FV 2
WARNING  | 2026-06-29 16:00:25,386 | FolderBuilder | File PDF non trovato in cache per la chiave: ROSIGNANO MARITTIMO_92_11_AA_NCT (Impossibile smistare)
WARNING  | 2026-06-29 16:00:25,391 | FolderBuilder | File PDF non trovato in cache per la chiave: ROSIGNANO MARITTIMO_92_11_AB_NCT (Impossibile smistare)
WARNING  | 2026-06-29 16:00:25,394 | FolderBuilder | File PDF non trovato in cache per la chiave: ROSIGNANO MARITTIMO_92_11_AC_NCT (Impossibile smistare)
WARNING  | 2026-06-29 16:00:25,397 | FolderBuilder | File PDF non trovato in cache per la chiave: ROSIGNANO MARITTIMO_92_39_NCT (Impossibile smistare)
WARNING  | 2026-06-29 16:00:25,398 | FolderBuilder | File PDF non trovato in cache per la chiave: ROSIGNANO MARITTIMO_98_138_NCT (Impossibile smistare)
WARNING  | 2026-06-29 16:00:25,400 | FolderBuilder | File PDF non trovato in cache per la chiave: ROSIGNANO MARITTIMO_98_139_NCT (Impossibile smistare)
WARNING  | 2026-06-29 16:00:25,402 | FolderBuilder | File PDF non trovato in cache per la chiave: ROSIGNANO MARITTIMO_98_154_NCT (Impossibile smistare)
WARNING  | 2026-06-29 16:00:25,403 | FolderBuilder | File PDF non trovato in cache per la chiave: ROSIGNANO MARITTIMO_98_155_NCT (Impossibile smistare)
WARNING  | 2026-06-29 16:00:25,405 | FolderBuilder | File PDF non trovato in cache per la chiave: ROSIGNANO MARITTIMO_98_44_NCF (Impossibile smistare)
WARNING  | 2026-06-29 16:00:25,406 | FolderBuilder | File PDF non trovato in cache per la chiave: ROSIGNANO MARITTIMO_98_153_NCT (Impossibile smistare)
WARNING  | 2026-06-29 16:00:25,408 | FolderBuilder | File PDF non trovato in cache per la chiave: ROSIGNANO MARITTIMO_98_8_AA_NCT (Impossibile smistare)
WARNING  | 2026-06-29 16:00:25,410 | FolderBuilder | File PDF non trovato in cache per la chiave: ROSIGNANO MARITTIMO_98_8_AB_NCT (Impossibile smistare)
WARNING  | 2026-06-29 16:00:25,412 | FolderBuilder | File PDF non trovato in cache per la chiave: ROSIGNANO MARITTIMO_98_40_NCT (Impossibile smistare)
WARNING  | 2026-06-29 16:00:25,413 | FolderBuilder | File PDF non trovato in cache per la chiave: ROSIGNANO MARITTIMO_98_161_NCT (Impossibile smistare)
WARNING  | 2026-06-29 16:00:25,415 | FolderBuilder | File PDF non trovato in cache per la chiave: ROSIGNANO MARITTIMO_98_162_NCT (Impossibile smistare)
WARNING  | 2026-06-29 16:00:25,417 | FolderBuilder | File PDF non trovato in cache per la chiave: ROSIGNANO MARITTIMO_98_163_NCT (Impossibile smistare)
WARNING  | 2026-06-29 16:00:25,419 | FolderBuilder | File PDF non trovato in cache per la chiave: ROSIGNANO MARITTIMO_98_46_NCF (Impossibile smistare)
WARNING  | 2026-06-29 16:00:25,420 | FolderBuilder | File PDF non trovato in cache per la chiave: ROSIGNANO MARITTIMO_98_45_NCT (Impossibile smistare)
WARNING  | 2026-06-29 16:00:25,422 | FolderBuilder | File PDF non trovato in cache per la chiave: ROSIGNANO MARITTIMO_98_85_NCT (Impossibile smistare)
WARNING  | 2026-06-29 16:00:25,423 | FolderBuilder | File PDF non trovato in cache per la chiave: ROSIGNANO MARITTIMO_98_86_NCT (Impossibile smistare)
WARNING  | 2026-06-29 16:00:25,424 | FolderBuilder | File PDF non trovato in cache per la chiave: ROSIGNANO MARITTIMO_98_87_NCT (Impossibile smistare)
WARNING  | 2026-06-29 16:00:25,426 | FolderBuilder | File PDF non trovato in cache per la chiave: ROSIGNANO MARITTIMO_102_302_NCT (Impossibile smistare)
WARNING  | 2026-06-29 16:00:25,435 | FolderBuilder | File PDF non trovato in cache per la chiave: ROSIGNANO MARITTIMO_102_303_NCT (Impossibile smistare)
WARNING  | 2026-06-29 16:00:25,443 | FolderBuilder | File PDF non trovato in cache per la chiave: ROSIGNANO MARITTIMO_102_300_NCT (Impossibile smistare)
WARNING  | 2026-06-29 16:00:25,445 | FolderBuilder | File PDF non trovato in cache per la chiave: ROSIGNANO MARITTIMO_102_301_NCT (Impossibile smistare)
WARNING  | 2026-06-29 16:00:25,447 | FolderBuilder | File PDF non trovato in cache per la chiave: ROSIGNANO MARITTIMO_102_350_NCF (Impossibile smistare)
WARNING  | 2026-06-29 16:00:25,449 | FolderBuilder | File PDF non trovato in cache per la chiave: ROSIGNANO MARITTIMO_98_79_NCF (Impossibile smistare)
WARNING  | 2026-06-29 16:00:25,451 | FolderBuilder | File PDF non trovato in cache per la chiave: ROSIGNANO MARITTIMO_98_81_NCT (Impossibile smistare)
WARNING  | 2026-06-29 16:00:25,452 | FolderBuilder | File PDF non trovato in cache per la chiave: ROSIGNANO MARITTIMO_98_101_NCF (Impossibile smistare)
WARNING  | 2026-06-29 16:00:25,454 | FolderBuilder | File PDF non trovato in cache per la chiave: ROSIGNANO MARITTIMO_98_13_AA_NCT (Impossibile smistare)
WARNING  | 2026-06-29 16:00:25,456 | FolderBuilder | File PDF non trovato in cache per la chiave: ROSIGNANO MARITTIMO_98_13_AB_NCT (Impossibile smistare)
WARNING  | 2026-06-29 16:00:25,457 | FolderBuilder | File PDF non trovato in cache per la chiave: ROSIGNANO MARITTIMO_98_16_NCT (Impossibile smistare)
WARNING  | 2026-06-29 16:00:25,458 | FolderBuilder | File PDF non trovato in cache per la chiave: ROSIGNANO MARITTIMO_98_4_AA_NCT (Impossibile smistare)
WARNING  | 2026-06-29 16:00:25,461 | FolderBuilder | File PDF non trovato in cache per la chiave: ROSIGNANO MARITTIMO_98_4_AB_NCT (Impossibile smistare)
WARNING  | 2026-06-29 16:00:25,463 | FolderBuilder | File PDF non trovato in cache per la chiave: ROSIGNANO MARITTIMO_98_17_AA_NCT (Impossibile smistare)
WARNING  | 2026-06-29 16:00:25,465 | FolderBuilder | File PDF non trovato in cache per la chiave: ROSIGNANO MARITTIMO_98_17_AB_NCT (Impossibile smistare)
WARNING  | 2026-06-29 16:00:25,467 | FolderBuilder | File PDF non trovato in cache per la chiave: ROSIGNANO MARITTIMO_98_171_NCT (Impossibile smistare)
WARNING  | 2026-06-29 16:00:25,468 | FolderBuilder | File PDF non trovato in cache per la chiave: ROSIGNANO MARITTIMO_98_29_AA_NCT (Impossibile smistare)
WARNING  | 2026-06-29 16:00:25,469 | FolderBuilder | File PDF non trovato in cache per la chiave: ROSIGNANO MARITTIMO_98_29_AB_NCT (Impossibile smistare)
WARNING  | 2026-06-29 16:00:25,471 | FolderBuilder | File PDF non trovato in cache per la chiave: ROSIGNANO MARITTIMO_98_142_AA_NCT (Impossibile smistare)
WARNING  | 2026-06-29 16:00:25,472 | FolderBuilder | File PDF non trovato in cache per la chiave: ROSIGNANO MARITTIMO_98_142_AB_NCT (Impossibile smistare)
WARNING  | 2026-06-29 16:00:25,481 | FolderBuilder | File PDF non trovato in cache per la chiave: ROSIGNANO MARITTIMO_98_31_AA_NCT (Impossibile smistare)
WARNING  | 2026-06-29 16:00:25,483 | FolderBuilder | File PDF non trovato in cache per la chiave: ROSIGNANO MARITTIMO_98_31_AB_NCT (Impossibile smistare)
WARNING  | 2026-06-29 16:00:25,485 | FolderBuilder | File PDF non trovato in cache per la chiave: ROSIGNANO MARITTIMO_98_144_NCT (Impossibile smistare)
WARNING  | 2026-06-29 16:00:25,491 | FolderBuilder | File PDF non trovato in cache per la chiave: ROSIGNANO MARITTIMO_98_32_NCT (Impossibile smistare)
WARNING  | 2026-06-29 16:00:25,494 | FolderBuilder | File PDF non trovato in cache per la chiave: ROSIGNANO MARITTIMO_98_114_NCT (Impossibile smistare)
WARNING  | 2026-06-29 16:00:25,496 | FolderBuilder | File PDF non trovato in cache per la chiave: ROSIGNANO MARITTIMO_98_146_NCT (Impossibile smistare)
WARNING  | 2026-06-29 16:00:25,497 | FolderBuilder | File PDF non trovato in cache per la chiave: ROSIGNANO MARITTIMO_98_168_NCT (Impossibile smistare)
WARNING  | 2026-06-29 16:00:25,499 | FolderBuilder | File PDF non trovato in cache per la chiave: ROSIGNANO MARITTIMO_98_118_NCT (Impossibile smistare)
WARNING  | 2026-06-29 16:00:25,501 | FolderBuilder | File PDF non trovato in cache per la chiave: ROSIGNANO MARITTIMO_81_1138_NCT (Impossibile smistare)
WARNING  | 2026-06-29 16:00:25,502 | FolderBuilder | File PDF non trovato in cache per la chiave: ROSIGNANO MARITTIMO_81_1143_NCF (Impossibile smistare)
WARNING  | 2026-06-29 16:00:25,504 | FolderBuilder | File PDF non trovato in cache per la chiave: ROSIGNANO MARITTIMO_86_673_NCF (Impossibile smistare)
WARNING  | 2026-06-29 16:00:25,505 | FolderBuilder | File PDF non trovato in cache per la chiave: ROSIGNANO MARITTIMO_86_50_NCT (Impossibile smistare)
WARNING  | 2026-06-29 16:00:25,512 | FolderBuilder | File PDF non trovato in cache per la chiave: ROSIGNANO MARITTIMO_86_49_NCT (Impossibile smistare)
WARNING  | 2026-06-29 16:00:25,514 | FolderBuilder | File PDF non trovato in cache per la chiave: ROSIGNANO MARITTIMO_86_35_NCT (Impossibile smistare)
WARNING  | 2026-06-29 16:00:25,515 | FolderBuilder | File PDF non trovato in cache per la chiave: ROSIGNANO MARITTIMO_86_543_NCT (Impossibile smistare)
WARNING  | 2026-06-29 16:00:25,516 | FolderBuilder | File PDF non trovato in cache per la chiave: ROSIGNANO MARITTIMO_86_581_NCT (Impossibile smistare)
WARNING  | 2026-06-29 16:00:25,518 | FolderBuilder | File PDF non trovato in cache per la chiave: ROSIGNANO MARITTIMO_86_584_610_NCT (Impossibile smistare)
WARNING  | 2026-06-29 16:00:25,519 | FolderBuilder | File PDF non trovato in cache per la chiave: ROSIGNANO MARITTIMO_86_589_AA_NCT (Impossibile smistare)
WARNING  | 2026-06-29 16:00:25,526 | FolderBuilder | File PDF non trovato in cache per la chiave: ROSIGNANO MARITTIMO_86_589_AB_NCT (Impossibile smistare)
WARNING  | 2026-06-29 16:00:25,529 | FolderBuilder | File PDF non trovato in cache per la chiave: ROSIGNANO MARITTIMO_86_44_NCF (Impossibile smistare)
WARNING  | 2026-06-29 16:00:25,530 | FolderBuilder | File PDF non trovato in cache per la chiave: ROSIGNANO MARITTIMO_86_583_NCT (Impossibile smistare)
WARNING  | 2026-06-29 16:00:25,532 | FolderBuilder | File PDF non trovato in cache per la chiave: ROSIGNANO MARITTIMO_86_907_NCT (Impossibile smistare)
WARNING  | 2026-06-29 16:00:25,533 | FolderBuilder | File PDF non trovato in cache per la chiave: ROSIGNANO MARITTIMO_86_908_NCT (Impossibile smistare)
WARNING  | 2026-06-29 16:00:25,535 | FolderBuilder | File PDF non trovato in cache per la chiave: ROSIGNANO MARITTIMO_86_797_NCT (Impossibile smistare)
WARNING  | 2026-06-29 16:00:25,536 | FolderBuilder | File PDF non trovato in cache per la chiave: ROSIGNANO MARITTIMO_86_120_NCT (Impossibile smistare)
WARNING  | 2026-06-29 16:00:25,543 | FolderBuilder | File PDF non trovato in cache per la chiave: ROSIGNANO MARITTIMO_86_798_NCT (Impossibile smistare)
WARNING  | 2026-06-29 16:00:25,546 | FolderBuilder | File PDF non trovato in cache per la chiave: ROSIGNANO MARITTIMO_86_111_NCT (Impossibile smistare)
WARNING  | 2026-06-29 16:00:25,547 | FolderBuilder | File PDF non trovato in cache per la chiave: ROSIGNANO MARITTIMO_86_107_NCT (Impossibile smistare)
WARNING  | 2026-06-29 16:00:25,549 | FolderBuilder | File PDF non trovato in cache per la chiave: ROSIGNANO MARITTIMO_86_63_617_NCF (Impossibile smistare)
WARNING  | 2026-06-29 16:00:25,555 | FolderBuilder | File PDF non trovato in cache per la chiave: ROSIGNANO MARITTIMO_86_913_601_NCF (Impossibile smistare)
WARNING  | 2026-06-29 16:00:25,556 | FolderBuilder | File PDF non trovato in cache per la chiave: ROSIGNANO MARITTIMO_91_337_601_NCF (Impossibile smistare)
WARNING  | 2026-06-29 16:00:25,557 | FolderBuilder | File PDF non trovato in cache per la chiave: ROSIGNANO MARITTIMO_91_179_612_NCF (Impossibile smistare)
WARNING  | 2026-06-29 16:00:25,559 | FolderBuilder | File PDF non trovato in cache per la chiave: ROSIGNANO MARITTIMO_91_179_613_NCF (Impossibile smistare)
WARNING  | 2026-06-29 16:00:25,561 | FolderBuilder | File PDF non trovato in cache per la chiave: ROSIGNANO MARITTIMO_91_179_614_NCF (Impossibile smistare)
WARNING  | 2026-06-29 16:00:25,563 | FolderBuilder | File PDF non trovato in cache per la chiave: ROSIGNANO MARITTIMO_91_179_608_NCF (Impossibile smistare)
WARNING  | 2026-06-29 16:00:25,565 | FolderBuilder | File PDF non trovato in cache per la chiave: ROSIGNANO MARITTIMO_91_81_605_NCF (Impossibile smistare)
WARNING  | 2026-06-29 16:00:25,566 | FolderBuilder | File PDF non trovato in cache per la chiave: ROSIGNANO MARITTIMO_91_81_625_NCF (Impossibile smistare)
WARNING  | 2026-06-29 16:00:25,568 | FolderBuilder | File PDF non trovato in cache per la chiave: ROSIGNANO MARITTIMO_91_314_NCT (Impossibile smistare)
WARNING  | 2026-06-29 16:00:25,574 | FolderBuilder | File PDF non trovato in cache per la chiave: ROSIGNANO MARITTIMO_91_291_610_NCT (Impossibile smistare)
WARNING  | 2026-06-29 16:00:25,576 | FolderBuilder | File PDF non trovato in cache per la chiave: ROSIGNANO MARITTIMO_85_3_NCF (Impossibile smistare)
WARNING  | 2026-06-29 16:00:25,578 | FolderBuilder | File PDF non trovato in cache per la chiave: ROSIGNANO MARITTIMO_90_69_NCT (Impossibile smistare)
WARNING  | 2026-06-29 16:00:25,580 | FolderBuilder | File PDF non trovato in cache per la chiave: ROSIGNANO MARITTIMO_92_46_NCT (Impossibile smistare)
WARNING  | 2026-06-29 16:00:25,583 | FolderBuilder | File PDF non trovato in cache per la chiave: ROSIGNANO MARITTIMO_92_45_NCT (Impossibile smistare)
WARNING  | 2026-06-29 16:00:25,584 | FolderBuilder | File PDF non trovato in cache per la chiave: ROSIGNANO MARITTIMO_92_26_NCT (Impossibile smistare)
WARNING  | 2026-06-29 16:00:25,585 | FolderBuilder | File PDF non trovato in cache per la chiave: ROSIGNANO MARITTIMO_92_22_NCT (Impossibile smistare)
WARNING  | 2026-06-29 16:00:25,587 | FolderBuilder | File PDF non trovato in cache per la chiave: ROSIGNANO MARITTIMO_98_56_NCF (Impossibile smistare)
WARNING  | 2026-06-29 16:00:25,588 | FolderBuilder | File PDF non trovato in cache per la chiave: ROSIGNANO MARITTIMO_98_19_NCT (Impossibile smistare)
WARNING  | 2026-06-29 16:00:25,598 | FolderBuilder | File PDF non trovato in cache per la chiave: ROSIGNANO MARITTIMO_98_102_NCF (Impossibile smistare)
WARNING  | 2026-06-29 16:00:25,600 | FolderBuilder | File PDF non trovato in cache per la chiave: ROSIGNANO MARITTIMO_98_80_601_NCF (Impossibile smistare)
WARNING  | 2026-06-29 16:00:25,602 | FolderBuilder | File PDF non trovato in cache per la chiave: ROSIGNANO MARITTIMO_98_95_NCT (Impossibile smistare)
WARNING  | 2026-06-29 16:00:25,604 | FolderBuilder | File PDF non trovato in cache per la chiave: ROSIGNANO MARITTIMO_90_25_602_NCF (Impossibile smistare)
WARNING  | 2026-06-29 16:00:25,605 | FolderBuilder | File PDF non trovato in cache per la chiave: ROSIGNANO MARITTIMO_86_540_NCF (Impossibile smistare)
WARNING  | 2026-06-29 16:00:25,616 | FolderBuilder | File PDF non trovato in cache per la chiave: ROSIGNANO MARITTIMO_86_591_NCF (Impossibile smistare)
WARNING  | 2026-06-29 16:00:25,623 | FolderBuilder | File PDF non trovato in cache per la chiave: ROSIGNANO MARITTIMO_86_594_NCF (Impossibile smistare)
WARNING  | 2026-06-29 16:00:25,624 | FolderBuilder | File PDF non trovato in cache per la chiave: ROSIGNANO MARITTIMO_86_597_NCT (Impossibile smistare)
WARNING  | 2026-06-29 16:00:25,627 | FolderBuilder | File PDF non trovato in cache per la chiave: ROSIGNANO MARITTIMO_86_599_NCT (Impossibile smistare)
WARNING  | 2026-06-29 16:00:25,636 | FolderBuilder | File PDF non trovato in cache per la chiave: ROSIGNANO MARITTIMO_86_794_NCT (Impossibile smistare)
WARNING  | 2026-06-29 16:00:25,638 | FolderBuilder | File PDF non trovato in cache per la chiave: ROSIGNANO MARITTIMO_86_544_NCT (Impossibile smistare)
WARNING  | 2026-06-29 16:00:25,639 | FolderBuilder | File PDF non trovato in cache per la chiave: ROSIGNANO MARITTIMO_86_545_NCT (Impossibile smistare)
WARNING  | 2026-06-29 16:00:25,641 | FolderBuilder | File PDF non trovato in cache per la chiave: ROSIGNANO MARITTIMO_86_550_NCT (Impossibile smistare)
WARNING  | 2026-06-29 16:00:25,642 | FolderBuilder | File PDF non trovato in cache per la chiave: ROSIGNANO MARITTIMO_86_520_NCF (Impossibile smistare)
WARNING  | 2026-06-29 16:00:25,646 | FolderBuilder | File PDF non trovato in cache per la chiave: ROSIGNANO MARITTIMO_86_521_NCF (Impossibile smistare)
WARNING  | 2026-06-29 16:00:25,647 | FolderBuilder | File PDF non trovato in cache per la chiave: ROSIGNANO MARITTIMO_86_604_NCF (Impossibile smistare)
WARNING  | 2026-06-29 16:00:25,649 | FolderBuilder | File PDF non trovato in cache per la chiave: ROSIGNANO MARITTIMO_98_117_AA_NCT (Impossibile smistare)
WARNING  | 2026-06-29 16:00:25,651 | FolderBuilder | File PDF non trovato in cache per la chiave: ROSIGNANO MARITTIMO_98_117_AB_NCT (Impossibile smistare)
INFO     | 2026-06-29 16:00:25,653 | FolderBuilder | Smistamento completato. Effettuate 112 copie conformi nel nuovo layout d'impianto.
INFO     | 2026-06-29 16:00:25,656 | Reporters    | Avvio generazione del report unificato delle eccezioni...
INFO     | 2026-06-29 16:00:26,468 | Reporters    | ✅ Report delle eccezioni salvato con successo in: report_eccezioni_20260629_160025.xlsx
INFO     | 2026-06-29 16:00:26,469 | Reporters    |    📊 Riepilogo anomalie -> Totale: 81
INFO     | 2026-06-29 16:00:26,471 | Orchestrator | ============================================================
INFO     | 2026-06-29 16:00:26,549 | Orchestrator |          Workflow terminato. Risorse salvate e consolidate!
INFO     | 2026-06-29 16:00:26,560 | Orchestrator | ============================================================
INFO     | 2026-06-29 16:01:08,477 | Orchestrator | === [FASE 1] CARICAMENTO DATI LOCALI ===
INFO     | 2026-06-29 16:01:08,693 | Orchestrator | Righe valide: 46 | Job unici da elaborare: 24
INFO     | 2026-06-29 16:01:08,694 | Orchestrator | === [FASE 2] AVVIO AUTOMAZIONE SISTER ===
INFO     | 2026-06-29 16:01:52,588 | Orchestrator |  Finestra corretta agganciata: https://sister3.agenziaentrate.gov.it/Visure/SceltaLink.do?lista=IMM&codUfficio=LI
INFO     | 2026-06-29 16:01:52,600 | Orchestrator | [1/24] Elaborazione chiave: ROSIGNANO MARITTIMO_81_1157_NCT
INFO     | 2026-06-29 16:01:52,608 | Orchestrator |    -> Job già  presente in cache (Skip).
INFO     | 2026-06-29 16:01:52,616 | Orchestrator | [2/24] Elaborazione chiave: ROSIGNANO MARITTIMO_81_1160_NCT
INFO     | 2026-06-29 16:01:52,618 | Orchestrator |    -> Job già  presente in cache (Skip).
INFO     | 2026-06-29 16:01:52,620 | Orchestrator | [3/24] Elaborazione chiave: ROSIGNANO MARITTIMO_86_722_NCT
INFO     | 2026-06-29 16:01:52,625 | Orchestrator |    -> Job già  presente in cache (Skip).
INFO     | 2026-06-29 16:01:52,629 | Orchestrator | [4/24] Elaborazione chiave: ROSIGNANO MARITTIMO_86_87_NCT
INFO     | 2026-06-29 16:01:52,634 | Orchestrator |    -> Job già  presente in cache (Skip).
INFO     | 2026-06-29 16:01:52,637 | Orchestrator | [5/24] Elaborazione chiave: ROSIGNANO MARITTIMO_90_62_NCT
INFO     | 2026-06-29 16:01:52,724 | SisterClient |    🎯 Form individuato nel Frame [0] (Tentativo radar 1/5). Verifica e iniezione dati...
INFO     | 2026-06-29 16:01:52,790 | SisterClient |    -> Cambio comune rilevato. Imposto: ROSIGNANO MARITTIMO...
INFO     | 2026-06-29 16:02:00,842 | SisterClient | 🤖 [GPT VISION] Codice analizzato per ROSIGNANO MARITTIMO FG 90 PART 62 -> Tentativo: 'tipuca'
INFO     | 2026-06-29 16:02:02,094 | SisterClient |    ✅ Codice accettato o bypassato con successo al tentativo [1/2]!
INFO     | 2026-06-29 16:02:02,096 | CacheManager | Intercettazione del download per la visura: ROSIGNANO MARITTIMO_90_62_NCT
INFO     | 2026-06-29 16:02:06,247 | Orchestrator | Visura scaricata ed inserita in cache.
INFO     | 2026-06-29 16:02:06,248 | SisterClient | 🔄 Avvio della procedura di ritorno alla maschera principale...
INFO     | 2026-06-29 16:02:06,289 | SisterClient |    -> [Passo 1] Clic su bottone 'Indietro' strutturale.
INFO     | 2026-06-29 16:02:08,568 | SisterClient |    -> [Passo 2] Clic su bottone 'Indietro' strutturale.
INFO     | 2026-06-29 16:02:10,919 | SisterClient | ✅ Maschera principale agganciata con successo. Pronto per il prossimo job.
INFO     | 2026-06-29 16:02:10,921 | Orchestrator |    ⏳ Pausa mimetica: attendo 3.56 secondi prima del prossimo record...
INFO     | 2026-06-29 16:02:14,499 | Orchestrator | [6/24] Elaborazione chiave: ROSIGNANO MARITTIMO_90_17_NCT
INFO     | 2026-06-29 16:02:14,499 | Orchestrator |    -> Job già  presente in cache (Skip).
INFO     | 2026-06-29 16:02:14,507 | Orchestrator | [7/24] Elaborazione chiave: ROSIGNANO MARITTIMO_90_51_NCT
INFO     | 2026-06-29 16:02:14,518 | Orchestrator |    -> Job già  presente in cache (Skip).
INFO     | 2026-06-29 16:02:14,526 | Orchestrator | [8/24] Elaborazione chiave: ROSIGNANO MARITTIMO_92_11_AA_NCT
INFO     | 2026-06-29 16:02:14,539 | SisterClient |    🎯 Form individuato nel Frame [0] (Tentativo radar 1/5). Verifica e iniezione dati...
INFO     | 2026-06-29 16:02:14,579 | SisterClient |    -> Comune 'ROSIGNANO MARITTIMO' già agganciato. Salto la selezione del dropdown.
INFO     | 2026-06-29 16:02:17,582 | SisterClient | 🤖 [GPT VISION] Codice analizzato per ROSIGNANO MARITTIMO FG 92 PART 11 -> Tentativo: 'duglize'
INFO     | 2026-06-29 16:02:18,794 | SisterClient |    ✅ Codice accettato o bypassato con successo al tentativo [1/2]!
INFO     | 2026-06-29 16:02:18,795 | CacheManager | Intercettazione del download per la visura: ROSIGNANO MARITTIMO_92_11_AA_NCT
INFO     | 2026-06-29 16:02:22,994 | Orchestrator | Visura scaricata ed inserita in cache.
INFO     | 2026-06-29 16:02:22,994 | SisterClient | 🔄 Avvio della procedura di ritorno alla maschera principale...
INFO     | 2026-06-29 16:02:23,045 | SisterClient |    -> [Passo 1] Clic su bottone 'Indietro' strutturale.
INFO     | 2026-06-29 16:02:25,336 | SisterClient |    -> [Passo 2] Clic su bottone 'Indietro' strutturale.
INFO     | 2026-06-29 16:02:27,620 | SisterClient | ✅ Maschera principale agganciata con successo. Pronto per il prossimo job.
INFO     | 2026-06-29 16:02:27,621 | Orchestrator |    ⏳ Pausa mimetica: attendo 3.18 secondi prima del prossimo record...
INFO     | 2026-06-29 16:02:30,822 | Orchestrator | [9/24] Elaborazione chiave: ROSIGNANO MARITTIMO_98_153_NCT
INFO     | 2026-06-29 16:02:30,829 | SisterClient |    🎯 Form individuato nel Frame [0] (Tentativo radar 1/5). Verifica e iniezione dati...
INFO     | 2026-06-29 16:02:30,864 | SisterClient |    -> Comune 'ROSIGNANO MARITTIMO' già agganciato. Salto la selezione del dropdown.
INFO     | 2026-06-29 16:02:34,289 | SisterClient | 🤖 [GPT VISION] Codice analizzato per ROSIGNANO MARITTIMO FG 98 PART 153 -> Tentativo: 'golitvavo'
WARNING  | 2026-06-29 16:02:35,263 | SisterClient |    ⚠️ Tentativo [1/2] fallito (Codice errato). Sister ha rigenerato l'immagine.
INFO     | 2026-06-29 16:02:36,742 | SisterClient | 🤖 [GPT VISION] Codice analizzato per ROSIGNANO MARITTIMO FG 98 PART 153 -> Tentativo: 'mezotta'
INFO     | 2026-06-29 16:02:37,978 | SisterClient |    ✅ Codice accettato o bypassato con successo al tentativo [2/2]!
INFO     | 2026-06-29 16:02:37,979 | CacheManager | Intercettazione del download per la visura: ROSIGNANO MARITTIMO_98_153_NCT
INFO     | 2026-06-29 16:02:42,316 | Orchestrator | Visura scaricata ed inserita in cache.
INFO     | 2026-06-29 16:02:42,316 | SisterClient | 🔄 Avvio della procedura di ritorno alla maschera principale...
INFO     | 2026-06-29 16:02:42,412 | SisterClient |    -> [Passo 1] Clic su bottone 'Indietro' strutturale.
INFO     | 2026-06-29 16:02:44,679 | SisterClient |    -> [Passo 2] Clic su bottone 'Indietro' strutturale.
INFO     | 2026-06-29 16:02:47,077 | SisterClient | ✅ Maschera principale agganciata con successo. Pronto per il prossimo job.
INFO     | 2026-06-29 16:02:47,077 | Orchestrator |    ⏳ Pausa mimetica: attendo 6.20 secondi prima del prossimo record...
INFO     | 2026-06-29 16:02:53,291 | Orchestrator | [10/24] Elaborazione chiave: ROSIGNANO MARITTIMO_98_163_NCT
INFO     | 2026-06-29 16:02:53,299 | SisterClient |    🎯 Form individuato nel Frame [0] (Tentativo radar 1/5). Verifica e iniezione dati...
INFO     | 2026-06-29 16:02:53,337 | SisterClient |    -> Comune 'ROSIGNANO MARITTIMO' già agganciato. Salto la selezione del dropdown.
INFO     | 2026-06-29 16:02:54,884 | SisterClient |    🚀 [MASTER BYPASS] Pagina senza captcha rilevata! Applico un'esitazione dinamica di sicurezza...
INFO     | 2026-06-29 16:02:57,425 | SisterClient |    ✅ Codice accettato o bypassato con successo al tentativo [1/2]!
INFO     | 2026-06-29 16:02:57,426 | CacheManager | Intercettazione del download per la visura: ROSIGNANO MARITTIMO_98_163_NCT
INFO     | 2026-06-29 16:03:01,636 | Orchestrator | Visura scaricata ed inserita in cache.
INFO     | 2026-06-29 16:03:01,637 | SisterClient | 🔄 Avvio della procedura di ritorno alla maschera principale...
INFO     | 2026-06-29 16:03:01,698 | SisterClient |    -> [Passo 1] Clic su bottone 'Indietro' strutturale.
INFO     | 2026-06-29 16:03:03,993 | SisterClient |    -> [Passo 2] Clic su bottone 'Indietro' strutturale.
INFO     | 2026-06-29 16:03:06,404 | SisterClient | ✅ Maschera principale agganciata con successo. Pronto per il prossimo job.
INFO     | 2026-06-29 16:03:06,404 | Orchestrator |    ⏳ Pausa mimetica: attendo 8.88 secondi prima del prossimo record...
INFO     | 2026-06-29 16:03:15,301 | Orchestrator | [11/24] Elaborazione chiave: ROSIGNANO MARITTIMO_98_85_NCT
INFO     | 2026-06-29 16:03:15,307 | SisterClient |    🎯 Form individuato nel Frame [0] (Tentativo radar 1/5). Verifica e iniezione dati...
INFO     | 2026-06-29 16:03:15,341 | SisterClient |    -> Comune 'ROSIGNANO MARITTIMO' già agganciato. Salto la selezione del dropdown.
INFO     | 2026-06-29 16:03:18,265 | SisterClient | 🤖 [GPT VISION] Codice analizzato per ROSIGNANO MARITTIMO FG 98 PART 85 -> Tentativo: 'difutari'
INFO     | 2026-06-29 16:03:19,422 | SisterClient |    ✅ Codice accettato o bypassato con successo al tentativo [1/2]!
INFO     | 2026-06-29 16:03:19,423 | CacheManager | Intercettazione del download per la visura: ROSIGNANO MARITTIMO_98_85_NCT
INFO     | 2026-06-29 16:03:23,168 | Orchestrator | Visura scaricata ed inserita in cache.
INFO     | 2026-06-29 16:03:23,168 | SisterClient | 🔄 Avvio della procedura di ritorno alla maschera principale...
INFO     | 2026-06-29 16:03:23,238 | SisterClient |    -> [Passo 1] Clic su bottone 'Indietro' strutturale.
INFO     | 2026-06-29 16:03:25,520 | SisterClient |    -> [Passo 2] Clic su bottone 'Indietro' strutturale.
INFO     | 2026-06-29 16:03:27,852 | SisterClient | ✅ Maschera principale agganciata con successo. Pronto per il prossimo job.
INFO     | 2026-06-29 16:03:27,853 | Orchestrator |    ⏳ Pausa mimetica: attendo 1.80 secondi prima del prossimo record...
INFO     | 2026-06-29 16:03:29,669 | Orchestrator | [12/24] Elaborazione chiave: ROSIGNANO MARITTIMO_102_301_NCT
INFO     | 2026-06-29 16:03:29,675 | SisterClient |    🎯 Form individuato nel Frame [0] (Tentativo radar 1/5). Verifica e iniezione dati...
INFO     | 2026-06-29 16:03:29,709 | SisterClient |    -> Comune 'ROSIGNANO MARITTIMO' già agganciato. Salto la selezione del dropdown.
INFO     | 2026-06-29 16:03:33,168 | SisterClient | 🤖 [GPT VISION] Codice analizzato per ROSIGNANO MARITTIMO FG 102 PART 301 -> Tentativo: 'leteotri'
INFO     | 2026-06-29 16:03:34,461 | SisterClient |    ✅ Codice accettato o bypassato con successo al tentativo [1/2]!
INFO     | 2026-06-29 16:03:34,462 | CacheManager | Intercettazione del download per la visura: ROSIGNANO MARITTIMO_102_301_NCT
INFO     | 2026-06-29 16:03:38,832 | Orchestrator | Visura scaricata ed inserita in cache.
INFO     | 2026-06-29 16:03:38,832 | SisterClient | 🔄 Avvio della procedura di ritorno alla maschera principale...
INFO     | 2026-06-29 16:03:38,906 | SisterClient |    -> [Passo 1] Clic su bottone 'Indietro' strutturale.
INFO     | 2026-06-29 16:03:41,172 | SisterClient |    -> [Passo 2] Clic su bottone 'Indietro' strutturale.
INFO     | 2026-06-29 16:03:43,725 | SisterClient | ✅ Maschera principale agganciata con successo. Pronto per il prossimo job.
INFO     | 2026-06-29 16:03:43,727 | Orchestrator |    ⏳ Pausa mimetica: attendo 4.24 secondi prima del prossimo record...
INFO     | 2026-06-29 16:03:47,974 | Orchestrator | [13/24] Elaborazione chiave: ROSIGNANO MARITTIMO_98_79_NCF
INFO     | 2026-06-29 16:03:47,981 | SisterClient |    🎯 Form individuato nel Frame [0] (Tentativo radar 1/5). Verifica e iniezione dati...
INFO     | 2026-06-29 16:03:49,050 | SisterClient |    -> Comune 'ROSIGNANO MARITTIMO' già agganciato. Salto la selezione del dropdown.
INFO     | 2026-06-29 16:03:52,061 | SisterClient | 🤖 [GPT VISION] Codice analizzato per ROSIGNANO MARITTIMO FG 98 PART 79 -> Tentativo: 'scozeai'
INFO     | 2026-06-29 16:03:53,241 | SisterClient |    ✅ Codice accettato o bypassato con successo al tentativo [1/2]!
INFO     | 2026-06-29 16:03:53,241 | CacheManager | Intercettazione del download per la visura: ROSIGNANO MARITTIMO_98_79_NCF
INFO     | 2026-06-29 16:03:57,517 | Orchestrator | Visura scaricata ed inserita in cache.
INFO     | 2026-06-29 16:03:57,518 | SisterClient | 🔄 Avvio della procedura di ritorno alla maschera principale...
INFO     | 2026-06-29 16:03:57,551 | SisterClient |    -> [Passo 1] Clic su bottone 'Indietro' strutturale.
INFO     | 2026-06-29 16:03:59,767 | SisterClient |    -> [Passo 2] Clic su bottone 'Indietro' strutturale.
INFO     | 2026-06-29 16:04:02,028 | SisterClient | ✅ Maschera principale agganciata con successo. Pronto per il prossimo job.
INFO     | 2026-06-29 16:04:02,029 | Orchestrator |    ⏳ Pausa mimetica: attendo 2.11 secondi prima del prossimo record...
INFO     | 2026-06-29 16:04:04,155 | Orchestrator | [14/24] Elaborazione chiave: ROSIGNANO MARITTIMO_98_81_NCT
INFO     | 2026-06-29 16:04:04,160 | SisterClient |    🎯 Form individuato nel Frame [0] (Tentativo radar 1/5). Verifica e iniezione dati...
INFO     | 2026-06-29 16:04:05,214 | SisterClient |    -> Comune 'ROSIGNANO MARITTIMO' già agganciato. Salto la selezione del dropdown.
INFO     | 2026-06-29 16:04:08,668 | SisterClient | 🤖 [GPT VISION] Codice analizzato per ROSIGNANO MARITTIMO FG 98 PART 81 -> Tentativo: 'fapeniva'
INFO     | 2026-06-29 16:04:10,026 | SisterClient |    ✅ Codice accettato o bypassato con successo al tentativo [1/2]!
INFO     | 2026-06-29 16:04:10,026 | CacheManager | Intercettazione del download per la visura: ROSIGNANO MARITTIMO_98_81_NCT
INFO     | 2026-06-29 16:04:14,205 | Orchestrator | Visura scaricata ed inserita in cache.
INFO     | 2026-06-29 16:04:14,205 | SisterClient | 🔄 Avvio della procedura di ritorno alla maschera principale...
INFO     | 2026-06-29 16:04:14,239 | SisterClient |    -> [Passo 1] Clic su bottone 'Indietro' strutturale.
INFO     | 2026-06-29 16:04:16,627 | SisterClient |    -> [Passo 2] Clic su bottone 'Indietro' strutturale.
INFO     | 2026-06-29 16:04:19,472 | SisterClient | ✅ Maschera principale agganciata con successo. Pronto per il prossimo job.
INFO     | 2026-06-29 16:04:19,473 | Orchestrator |    ⏳ Pausa mimetica: attendo 2.57 secondi prima del prossimo record...
INFO     | 2026-06-29 16:04:22,055 | Orchestrator | [15/24] Elaborazione chiave: ROSIGNANO MARITTIMO_98_16_NCT
INFO     | 2026-06-29 16:04:22,060 | SisterClient |    🎯 Form individuato nel Frame [0] (Tentativo radar 1/5). Verifica e iniezione dati...
INFO     | 2026-06-29 16:04:22,091 | SisterClient |    -> Comune 'ROSIGNANO MARITTIMO' già agganciato. Salto la selezione del dropdown.
INFO     | 2026-06-29 16:04:23,622 | SisterClient |    🚀 [MASTER BYPASS] Pagina senza captcha rilevata! Applico un'esitazione dinamica di sicurezza...
INFO     | 2026-06-29 16:04:26,310 | SisterClient |    ✅ Codice accettato o bypassato con successo al tentativo [1/2]!
INFO     | 2026-06-29 16:04:26,310 | CacheManager | Intercettazione del download per la visura: ROSIGNANO MARITTIMO_98_16_NCT
INFO     | 2026-06-29 16:04:30,207 | Orchestrator | Visura scaricata ed inserita in cache.
INFO     | 2026-06-29 16:04:30,207 | SisterClient | 🔄 Avvio della procedura di ritorno alla maschera principale...
INFO     | 2026-06-29 16:04:30,240 | SisterClient |    -> [Passo 1] Clic su bottone 'Indietro' strutturale.
INFO     | 2026-06-29 16:04:32,544 | SisterClient |    -> [Passo 2] Clic su bottone 'Indietro' strutturale.
INFO     | 2026-06-29 16:04:34,944 | SisterClient | ✅ Maschera principale agganciata con successo. Pronto per il prossimo job.
INFO     | 2026-06-29 16:04:34,944 | Orchestrator |    ⏳ Pausa mimetica: attendo 7.59 secondi prima del prossimo record...
INFO     | 2026-06-29 16:04:42,562 | Orchestrator | [16/24] Elaborazione chiave: ROSIGNANO MARITTIMO_98_171_NCT
INFO     | 2026-06-29 16:04:42,567 | SisterClient |    🎯 Form individuato nel Frame [0] (Tentativo radar 1/5). Verifica e iniezione dati...
INFO     | 2026-06-29 16:04:42,602 | SisterClient |    -> Comune 'ROSIGNANO MARITTIMO' già agganciato. Salto la selezione del dropdown.
INFO     | 2026-06-29 16:04:45,644 | SisterClient | 🤖 [GPT VISION] Codice analizzato per ROSIGNANO MARITTIMO FG 98 PART 171 -> Tentativo: 'sfuorolo'
INFO     | 2026-06-29 16:04:46,843 | SisterClient |    ✅ Codice accettato o bypassato con successo al tentativo [1/2]!
INFO     | 2026-06-29 16:04:46,844 | CacheManager | Intercettazione del download per la visura: ROSIGNANO MARITTIMO_98_171_NCT
INFO     | 2026-06-29 16:04:50,604 | Orchestrator | Visura scaricata ed inserita in cache.
INFO     | 2026-06-29 16:04:50,604 | SisterClient | 🔄 Avvio della procedura di ritorno alla maschera principale...
INFO     | 2026-06-29 16:04:50,639 | SisterClient |    -> [Passo 1] Clic su bottone 'Indietro' strutturale.
INFO     | 2026-06-29 16:04:52,896 | SisterClient |    -> [Passo 2] Clic su bottone 'Indietro' strutturale.
INFO     | 2026-06-29 16:04:55,153 | SisterClient | ✅ Maschera principale agganciata con successo. Pronto per il prossimo job.
INFO     | 2026-06-29 16:04:55,154 | Orchestrator |    ⏳ Pausa mimetica: attendo 1.99 secondi prima del prossimo record...
INFO     | 2026-06-29 16:04:57,157 | Orchestrator | [17/24] Elaborazione chiave: ROSIGNANO MARITTIMO_98_142_AA_NCT
INFO     | 2026-06-29 16:04:57,163 | SisterClient |    🎯 Form individuato nel Frame [0] (Tentativo radar 1/5). Verifica e iniezione dati...
INFO     | 2026-06-29 16:04:57,191 | SisterClient |    -> Comune 'ROSIGNANO MARITTIMO' già agganciato. Salto la selezione del dropdown.
INFO     | 2026-06-29 16:05:00,801 | SisterClient | 🤖 [GPT VISION] Codice analizzato per ROSIGNANO MARITTIMO FG 98 PART 142 -> Tentativo: 'ocenuti'
INFO     | 2026-06-29 16:05:02,277 | SisterClient |    ✅ Codice accettato o bypassato con successo al tentativo [1/2]!
INFO     | 2026-06-29 16:05:02,278 | CacheManager | Intercettazione del download per la visura: ROSIGNANO MARITTIMO_98_142_AA_NCT
INFO     | 2026-06-29 16:05:06,016 | Orchestrator | Visura scaricata ed inserita in cache.
INFO     | 2026-06-29 16:05:06,017 | SisterClient | 🔄 Avvio della procedura di ritorno alla maschera principale...
INFO     | 2026-06-29 16:05:06,050 | SisterClient |    -> [Passo 1] Clic su bottone 'Indietro' strutturale.
INFO     | 2026-06-29 16:05:08,410 | SisterClient |    -> [Passo 2] Clic su bottone 'Indietro' strutturale.
INFO     | 2026-06-29 16:05:10,703 | SisterClient | ✅ Maschera principale agganciata con successo. Pronto per il prossimo job.
INFO     | 2026-06-29 16:05:10,704 | Orchestrator |    ⏳ Pausa mimetica: attendo 7.46 secondi prima del prossimo record...
INFO     | 2026-06-29 16:05:18,174 | Orchestrator | [18/24] Elaborazione chiave: ROSIGNANO MARITTIMO_98_144_NCT
INFO     | 2026-06-29 16:05:18,181 | SisterClient |    🎯 Form individuato nel Frame [0] (Tentativo radar 1/5). Verifica e iniezione dati...
INFO     | 2026-06-29 16:05:18,217 | SisterClient |    -> Comune 'ROSIGNANO MARITTIMO' già agganciato. Salto la selezione del dropdown.
INFO     | 2026-06-29 16:05:21,970 | SisterClient | 🤖 [GPT VISION] Codice analizzato per ROSIGNANO MARITTIMO FG 98 PART 144 -> Tentativo: 'miratmi'
INFO     | 2026-06-29 16:05:23,140 | SisterClient |    ✅ Codice accettato o bypassato con successo al tentativo [1/2]!
INFO     | 2026-06-29 16:05:23,141 | CacheManager | Intercettazione del download per la visura: ROSIGNANO MARITTIMO_98_144_NCT
INFO     | 2026-06-29 16:05:26,946 | Orchestrator | Visura scaricata ed inserita in cache.
INFO     | 2026-06-29 16:05:26,947 | SisterClient | 🔄 Avvio della procedura di ritorno alla maschera principale...
INFO     | 2026-06-29 16:05:26,979 | SisterClient |    -> [Passo 1] Clic su bottone 'Indietro' strutturale.
INFO     | 2026-06-29 16:05:29,227 | SisterClient |    -> [Passo 2] Clic su bottone 'Indietro' strutturale.
INFO     | 2026-06-29 16:05:31,486 | SisterClient | ✅ Maschera principale agganciata con successo. Pronto per il prossimo job.
INFO     | 2026-06-29 16:05:31,487 | Orchestrator |    ⏳ Pausa mimetica: attendo 7.33 secondi prima del prossimo record...
INFO     | 2026-06-29 16:05:38,839 | Orchestrator | [19/24] Elaborazione chiave: ROSIGNANO MARITTIMO_98_146_NCT
INFO     | 2026-06-29 16:05:38,848 | SisterClient |    🎯 Form individuato nel Frame [0] (Tentativo radar 1/5). Verifica e iniezione dati...
INFO     | 2026-06-29 16:05:38,885 | SisterClient |    -> Comune 'ROSIGNANO MARITTIMO' già agganciato. Salto la selezione del dropdown.
INFO     | 2026-06-29 16:05:42,672 | SisterClient | 🤖 [GPT VISION] Codice analizzato per ROSIGNANO MARITTIMO FG 98 PART 146 -> Tentativo: 'mumilme'
INFO     | 2026-06-29 16:05:43,877 | SisterClient |    ✅ Codice accettato o bypassato con successo al tentativo [1/2]!
INFO     | 2026-06-29 16:05:43,878 | CacheManager | Intercettazione del download per la visura: ROSIGNANO MARITTIMO_98_146_NCT
INFO     | 2026-06-29 16:05:47,737 | Orchestrator | Visura scaricata ed inserita in cache.
INFO     | 2026-06-29 16:05:47,738 | SisterClient | 🔄 Avvio della procedura di ritorno alla maschera principale...
INFO     | 2026-06-29 16:05:47,772 | SisterClient |    -> [Passo 1] Clic su bottone 'Indietro' strutturale.
INFO     | 2026-06-29 16:05:50,055 | SisterClient |    -> [Passo 2] Clic su bottone 'Indietro' strutturale.
INFO     | 2026-06-29 16:05:52,493 | SisterClient | ✅ Maschera principale agganciata con successo. Pronto per il prossimo job.
INFO     | 2026-06-29 16:05:52,494 | Orchestrator |    ⏳ Pausa mimetica: attendo 8.59 secondi prima del prossimo record...
INFO     | 2026-06-29 16:06:01,101 | Orchestrator | [20/24] Elaborazione chiave: ROSIGNANO MARITTIMO_86_583_NCT
INFO     | 2026-06-29 16:06:01,106 | SisterClient |    🎯 Form individuato nel Frame [0] (Tentativo radar 1/5). Verifica e iniezione dati...
INFO     | 2026-06-29 16:06:01,140 | SisterClient |    -> Comune 'ROSIGNANO MARITTIMO' già agganciato. Salto la selezione del dropdown.
INFO     | 2026-06-29 16:06:04,320 | SisterClient | 🤖 [GPT VISION] Codice analizzato per ROSIGNANO MARITTIMO FG 86 PART 583 -> Tentativo: 'gorista'
WARNING  | 2026-06-29 16:06:05,526 | SisterClient |    ⚠️ Tentativo [1/2] fallito (Codice errato). Sister ha rigenerato l'immagine.
INFO     | 2026-06-29 16:06:06,909 | SisterClient | 🤖 [GPT VISION] Codice analizzato per ROSIGNANO MARITTIMO FG 86 PART 583 -> Tentativo: 'zotamorra'
WARNING  | 2026-06-29 16:06:07,999 | SisterClient |    ⚠️ Tentativo [2/2] fallito (Codice errato). Sister ha rigenerato l'immagine.
ERROR    | 2026-06-29 16:06:08,000 | SisterClient |    ❌ Falliti 2 tentativi di codice consecutivi per la particella 583.
ERROR    | 2026-06-29 16:06:08,790 | Orchestrator | Anomalia riscontrata sul record: Codice di sicurezza errato per 2 volte consecutive. Record saltato.
INFO     | 2026-06-29 16:06:08,798 | SisterClient | 🔄 Avvio della procedura di ritorno alla maschera principale...
INFO     | 2026-06-29 16:06:08,816 | SisterClient | ✅ Maschera principale agganciata con successo. Pronto per il prossimo job.
INFO     | 2026-06-29 16:06:08,816 | Orchestrator |    ⏳ Pausa mimetica: attendo 7.42 secondi prima del prossimo record...
INFO     | 2026-06-29 16:06:16,258 | Orchestrator | [21/24] Elaborazione chiave: ROSIGNANO MARITTIMO_86_68_NCT
INFO     | 2026-06-29 16:06:16,259 | Orchestrator |    -> Job già  presente in cache (Skip).
INFO     | 2026-06-29 16:06:16,270 | Orchestrator | [22/24] Elaborazione chiave: ROSIGNANO MARITTIMO_98_161_NCT
INFO     | 2026-06-29 16:06:16,278 | SisterClient |    🎯 Form individuato nel Frame [0] (Tentativo radar 1/5). Verifica e iniezione dati...
INFO     | 2026-06-29 16:06:16,313 | SisterClient |    -> Comune 'ROSIGNANO MARITTIMO' già agganciato. Salto la selezione del dropdown.
INFO     | 2026-06-29 16:06:20,510 | SisterClient | 🤖 [GPT VISION] Codice analizzato per ROSIGNANO MARITTIMO FG 98 PART 161 -> Tentativo: 'omputiza'
INFO     | 2026-06-29 16:06:21,792 | SisterClient |    ✅ Codice accettato o bypassato con successo al tentativo [1/2]!
INFO     | 2026-06-29 16:06:21,793 | CacheManager | Intercettazione del download per la visura: ROSIGNANO MARITTIMO_98_161_NCT
INFO     | 2026-06-29 16:06:25,665 | Orchestrator | Visura scaricata ed inserita in cache.
INFO     | 2026-06-29 16:06:25,665 | SisterClient | 🔄 Avvio della procedura di ritorno alla maschera principale...
INFO     | 2026-06-29 16:06:25,688 | SisterClient |    -> [Passo 1] Clic su bottone 'Indietro' strutturale.
INFO     | 2026-06-29 16:06:28,013 | SisterClient |    -> [Passo 2] Clic su bottone 'Indietro' strutturale.
INFO     | 2026-06-29 16:06:30,467 | SisterClient | ✅ Maschera principale agganciata con successo. Pronto per il prossimo job.
INFO     | 2026-06-29 16:06:30,467 | Orchestrator |    ⏳ Pausa mimetica: attendo 3.24 secondi prima del prossimo record...
INFO     | 2026-06-29 16:06:33,718 | Orchestrator | [23/24] Elaborazione chiave: ROSIGNANO MARITTIMO_98_114_NCT
INFO     | 2026-06-29 16:06:33,724 | SisterClient |    🎯 Form individuato nel Frame [0] (Tentativo radar 1/5). Verifica e iniezione dati...
INFO     | 2026-06-29 16:06:33,764 | SisterClient |    -> Comune 'ROSIGNANO MARITTIMO' già agganciato. Salto la selezione del dropdown.
INFO     | 2026-06-29 16:06:37,235 | SisterClient | 🤖 [GPT VISION] Codice analizzato per ROSIGNANO MARITTIMO FG 98 PART 114 -> Tentativo: 'sfodaieme'
WARNING  | 2026-06-29 16:06:38,384 | SisterClient |    ⚠️ Tentativo [1/2] fallito (Codice errato). Sister ha rigenerato l'immagine.
INFO     | 2026-06-29 16:06:39,865 | SisterClient | 🤖 [GPT VISION] Codice analizzato per ROSIGNANO MARITTIMO FG 98 PART 114 -> Tentativo: 'jcadicaru'
WARNING  | 2026-06-29 16:06:40,834 | SisterClient |    ⚠️ Tentativo [2/2] fallito (Codice errato). Sister ha rigenerato l'immagine.
ERROR    | 2026-06-29 16:06:40,835 | SisterClient |    ❌ Falliti 2 tentativi di codice consecutivi per la particella 114.
ERROR    | 2026-06-29 16:06:41,645 | Orchestrator | Anomalia riscontrata sul record: Codice di sicurezza errato per 2 volte consecutive. Record saltato.
INFO     | 2026-06-29 16:06:41,650 | SisterClient | 🔄 Avvio della procedura di ritorno alla maschera principale...
INFO     | 2026-06-29 16:06:41,676 | SisterClient | ✅ Maschera principale agganciata con successo. Pronto per il prossimo job.
INFO     | 2026-06-29 16:06:41,677 | Orchestrator |    ⏳ Pausa mimetica: attendo 7.16 secondi prima del prossimo record...
INFO     | 2026-06-29 16:06:48,859 | Orchestrator | [24/24] Elaborazione chiave: ROSIGNANO MARITTIMO_98_86_NCT
INFO     | 2026-06-29 16:06:48,864 | SisterClient |    🎯 Form individuato nel Frame [0] (Tentativo radar 1/5). Verifica e iniezione dati...
INFO     | 2026-06-29 16:06:48,892 | SisterClient |    -> Comune 'ROSIGNANO MARITTIMO' già agganciato. Salto la selezione del dropdown.
INFO     | 2026-06-29 16:06:52,042 | SisterClient | 🤖 [GPT VISION] Codice analizzato per ROSIGNANO MARITTIMO FG 98 PART 86 -> Tentativo: 'lucanipa'
INFO     | 2026-06-29 16:06:53,276 | SisterClient |    ✅ Codice accettato o bypassato con successo al tentativo [1/2]!
INFO     | 2026-06-29 16:06:53,277 | CacheManager | Intercettazione del download per la visura: ROSIGNANO MARITTIMO_98_86_NCT
INFO     | 2026-06-29 16:06:57,225 | Orchestrator | Visura scaricata ed inserita in cache.
INFO     | 2026-06-29 16:06:57,225 | SisterClient | 🔄 Avvio della procedura di ritorno alla maschera principale...
INFO     | 2026-06-29 16:06:57,261 | SisterClient |    -> [Passo 1] Clic su bottone 'Indietro' strutturale.
INFO     | 2026-06-29 16:06:59,510 | SisterClient |    -> [Passo 2] Clic su bottone 'Indietro' strutturale.
INFO     | 2026-06-29 16:07:01,985 | SisterClient | ✅ Maschera principale agganciata con successo. Pronto per il prossimo job.
INFO     | 2026-06-29 16:07:01,985 | Orchestrator |    ⏳ Pausa mimetica: attendo 4.28 secondi prima del prossimo record...
INFO     | 2026-06-29 16:07:06,293 | Orchestrator | === [FASE 2.4] INIZIO ATTESA ELABORAZIONE ATTI DIFFERITI (20 MINUTI) === 
 ALTRIMENTI FAI IL LOGOUT E CHIUDI LA FINESTRA DEL BROWSER
INFO     | 2026-06-29 16:07:06,294 | Orchestrator | ⏱️ Sister sta elaborando i KO asincroni sullo sfondo... Mancano 20 minuti al recupero.
INFO     | 2026-06-29 16:08:06,320 | Orchestrator | ⏱️ Sister sta elaborando i KO asincroni sullo sfondo... Mancano 19 minuti al recupero.
INFO     | 2026-06-29 16:09:06,329 | Orchestrator | ⏱️ Sister sta elaborando i KO asincroni sullo sfondo... Mancano 18 minuti al recupero.
INFO     | 2026-06-29 16:10:06,338 | Orchestrator | ⏱️ Sister sta elaborando i KO asincroni sullo sfondo... Mancano 17 minuti al recupero.
INFO     | 2026-06-29 16:11:06,355 | Orchestrator | ⏱️ Sister sta elaborando i KO asincroni sullo sfondo... Mancano 16 minuti al recupero.
INFO     | 2026-06-29 16:12:06,364 | Orchestrator | ⏱️ Sister sta elaborando i KO asincroni sullo sfondo... Mancano 15 minuti al recupero.
INFO     | 2026-06-29 16:13:06,377 | Orchestrator | ⏱️ Sister sta elaborando i KO asincroni sullo sfondo... Mancano 14 minuti al recupero.
INFO     | 2026-06-29 16:14:06,408 | Orchestrator | ⏱️ Sister sta elaborando i KO asincroni sullo sfondo... Mancano 13 minuti al recupero.
INFO     | 2026-06-29 16:15:06,414 | Orchestrator | ⏱️ Sister sta elaborando i KO asincroni sullo sfondo... Mancano 12 minuti al recupero.
INFO     | 2026-06-29 16:16:06,423 | Orchestrator | ⏱️ Sister sta elaborando i KO asincroni sullo sfondo... Mancano 11 minuti al recupero.
INFO     | 2026-06-29 16:17:06,455 | Orchestrator | ⏱️ Sister sta elaborando i KO asincroni sullo sfondo... Mancano 10 minuti al recupero.
INFO     | 2026-06-29 16:18:06,460 | Orchestrator | ⏱️ Sister sta elaborando i KO asincroni sullo sfondo... Mancano 9 minuti al recupero.
INFO     | 2026-06-29 16:19:06,508 | Orchestrator | ⏱️ Sister sta elaborando i KO asincroni sullo sfondo... Mancano 8 minuti al recupero.
INFO     | 2026-06-29 16:20:06,519 | Orchestrator | ⏱️ Sister sta elaborando i KO asincroni sullo sfondo... Mancano 7 minuti al recupero.
INFO     | 2026-06-29 16:21:06,541 | Orchestrator | ⏱️ Sister sta elaborando i KO asincroni sullo sfondo... Mancano 6 minuti al recupero.
INFO     | 2026-06-29 16:22:06,555 | Orchestrator | ⏱️ Sister sta elaborando i KO asincroni sullo sfondo... Mancano 5 minuti al recupero.
INFO     | 2026-06-29 16:23:06,568 | Orchestrator | ⏱️ Sister sta elaborando i KO asincroni sullo sfondo... Mancano 4 minuti al recupero.
INFO     | 2026-06-29 16:24:06,575 | Orchestrator | ⏱️ Sister sta elaborando i KO asincroni sullo sfondo... Mancano 3 minuti al recupero.
INFO     | 2026-06-29 16:25:06,592 | Orchestrator | ⏱️ Sister sta elaborando i KO asincroni sullo sfondo... Mancano 2 minuti al recupero.
INFO     | 2026-06-29 16:26:06,601 | Orchestrator | ⏱️ Sister sta elaborando i KO asincroni sullo sfondo... Mancano 1 minuti al recupero.
INFO     | 2026-06-29 16:27:06,609 | Orchestrator | === [FASE 2.5] AVVIO RACCOLTA DIFFERITA VISURE SOSPESE ===
INFO     | 2026-06-29 16:27:06,617 | SisterClient | 📩 Avvio scansione per il recupero delle visure differite (Area Richieste)...
INFO     | 2026-06-29 16:27:10,937 | SisterClient | 📊 Rilevate 2 righe di documenti elaborati presenti in tabella.
INFO     | 2026-06-29 16:27:10,994 | SisterClient |    -> [1/2] Download in corso per visura differita recuperata: ROSIGNANO MARITTIMO_92_10_nan_NCT
INFO     | 2026-06-29 16:27:11,647 | SisterClient |       ✅ File recuperato ed inserito in cache con successo.
INFO     | 2026-06-29 16:27:11,692 | SisterClient | ✅ Fase di recupero differito completata ordinatamente.
INFO     | 2026-06-29 16:27:11,693 | Orchestrator | === [FASE 2.6] ESECUZIONE LOGOUT CONTROLLATO UTENTE ===
INFO     | 2026-06-29 16:27:12,288 | Orchestrator | ✅ Tasto 'Esci' intercettato con successo. Slot liberato sul server Sogei.
INFO     | 2026-06-29 16:27:15,324 | Orchestrator | === [FASE 3] FINALIZZAZIONE OUTPUT E REPORTING ===
INFO     | 2026-06-29 16:27:15,335 | FolderBuilder | Avvio smistamento strutturato delle visure secondo il layout dinamico del cliente...
DEBUG    | 2026-06-29 16:27:15,391 | FolderBuilder | Smistato strutturato: LI-ROSIGNANO MARITTIMO-81-1157.pdf -> Campo FV 13\cabine
DEBUG    | 2026-06-29 16:27:15,403 | FolderBuilder | Smistato strutturato: LI-ROSIGNANO MARITTIMO-81-1157.pdf -> Campo FV 13\cancelli ingresso
DEBUG    | 2026-06-29 16:27:15,412 | FolderBuilder | Smistato strutturato: LI-ROSIGNANO MARITTIMO-81-1160.pdf -> Campo FV 13
DEBUG    | 2026-06-29 16:27:15,418 | FolderBuilder | Smistato strutturato: LI-ROSIGNANO MARITTIMO-81-1160.pdf -> Campo FV 13\cancelli ingresso
DEBUG    | 2026-06-29 16:27:15,424 | FolderBuilder | Smistato strutturato: LI-ROSIGNANO MARITTIMO-86-722.pdf -> Campo FV 14\cabine
DEBUG    | 2026-06-29 16:27:15,431 | FolderBuilder | Smistato strutturato: LI-ROSIGNANO MARITTIMO-86-722.pdf -> Campo FV 14\cancelli ingresso
DEBUG    | 2026-06-29 16:27:15,437 | FolderBuilder | Smistato strutturato: LI-ROSIGNANO MARITTIMO-86-87.pdf -> Campo FV 14\cancelli ingresso
DEBUG    | 2026-06-29 16:27:15,445 | FolderBuilder | Smistato strutturato: LI-ROSIGNANO MARITTIMO-90-62.pdf -> Campo FV 1\cancelli ingresso
DEBUG    | 2026-06-29 16:27:15,451 | FolderBuilder | Smistato strutturato: LI-ROSIGNANO MARITTIMO-90-17.pdf -> Campo FV 1\cancelli ingresso
DEBUG    | 2026-06-29 16:27:15,458 | FolderBuilder | Smistato strutturato: LI-ROSIGNANO MARITTIMO-90-51.pdf -> Campo FV 17\cabine
DEBUG    | 2026-06-29 16:27:15,464 | FolderBuilder | Smistato strutturato: LI-ROSIGNANO MARITTIMO-90-51.pdf -> Campo FV 17\cancelli ingresso
DEBUG    | 2026-06-29 16:27:15,471 | FolderBuilder | Smistato strutturato: LI-ROSIGNANO MARITTIMO-92-11-AA.pdf -> Campo FV 2\cabine
DEBUG    | 2026-06-29 16:27:15,478 | FolderBuilder | Smistato strutturato: LI-ROSIGNANO MARITTIMO-92-11-AA.pdf -> Campo FV 2\cancelli ingresso
DEBUG    | 2026-06-29 16:27:15,486 | FolderBuilder | Smistato strutturato: LI-ROSIGNANO MARITTIMO-98-153.pdf -> Campo FV 3+4\cabine
DEBUG    | 2026-06-29 16:27:15,491 | FolderBuilder | Smistato strutturato: LI-ROSIGNANO MARITTIMO-98-153.pdf -> Campo FV 3+4\cancelli ingresso
DEBUG    | 2026-06-29 16:27:15,496 | FolderBuilder | Smistato strutturato: LI-ROSIGNANO MARITTIMO-98-163.pdf -> Campo FV 3+4\cabine
DEBUG    | 2026-06-29 16:27:15,500 | FolderBuilder | Smistato strutturato: LI-ROSIGNANO MARITTIMO-98-163.pdf -> Campo FV 3+4\cancelli ingresso
DEBUG    | 2026-06-29 16:27:15,506 | FolderBuilder | Smistato strutturato: LI-ROSIGNANO MARITTIMO-98-85.pdf -> Campo FV 5\cabine
DEBUG    | 2026-06-29 16:27:15,512 | FolderBuilder | Smistato strutturato: LI-ROSIGNANO MARITTIMO-98-85.pdf -> Campo FV 5\cancelli ingresso
DEBUG    | 2026-06-29 16:27:15,518 | FolderBuilder | Smistato strutturato: LI-ROSIGNANO MARITTIMO-102-301.pdf -> Campo FV 5\cabine
DEBUG    | 2026-06-29 16:27:15,522 | FolderBuilder | Smistato strutturato: LI-ROSIGNANO MARITTIMO-102-301.pdf -> Campo FV 5\cancelli ingresso
DEBUG    | 2026-06-29 16:27:15,529 | FolderBuilder | Smistato strutturato: LI-ROSIGNANO MARITTIMO-98-79.pdf -> Campo FV 7\cancelli ingresso
DEBUG    | 2026-06-29 16:27:15,534 | FolderBuilder | Smistato strutturato: LI-ROSIGNANO MARITTIMO-98-81.pdf -> Campo AGRO 7\cabine
DEBUG    | 2026-06-29 16:27:15,538 | FolderBuilder | Smistato strutturato: LI-ROSIGNANO MARITTIMO-98-81.pdf -> Campo AGRO 7\cancelli ingresso
DEBUG    | 2026-06-29 16:27:15,545 | FolderBuilder | Smistato strutturato: LI-ROSIGNANO MARITTIMO-98-16.pdf -> Campo AGRO 7\cabine
DEBUG    | 2026-06-29 16:27:15,549 | FolderBuilder | Smistato strutturato: LI-ROSIGNANO MARITTIMO-98-16.pdf -> Campo AGRO 7\cancelli ingresso
DEBUG    | 2026-06-29 16:27:15,554 | FolderBuilder | Smistato strutturato: LI-ROSIGNANO MARITTIMO-98-171.pdf -> Campo AGRO 9\cabine
DEBUG    | 2026-06-29 16:27:15,559 | FolderBuilder | Smistato strutturato: LI-ROSIGNANO MARITTIMO-98-171.pdf -> Campo AGRO 9\cancelli ingresso
DEBUG    | 2026-06-29 16:27:15,565 | FolderBuilder | Smistato strutturato: LI-ROSIGNANO MARITTIMO-98-142-AA.pdf -> Campo AGRO 9\cabine
DEBUG    | 2026-06-29 16:27:15,569 | FolderBuilder | Smistato strutturato: LI-ROSIGNANO MARITTIMO-98-142-AA.pdf -> Campo AGRO 9\cancelli ingresso
DEBUG    | 2026-06-29 16:27:15,575 | FolderBuilder | Smistato strutturato: LI-ROSIGNANO MARITTIMO-98-144.pdf -> Campo AGRO 9\cancelli ingresso
DEBUG    | 2026-06-29 16:27:15,581 | FolderBuilder | Smistato strutturato: LI-ROSIGNANO MARITTIMO-98-146.pdf -> Campo FV 8\cabine
DEBUG    | 2026-06-29 16:27:15,586 | FolderBuilder | Smistato strutturato: LI-ROSIGNANO MARITTIMO-98-146.pdf -> Campo FV 8\cancelli ingresso
WARNING  | 2026-06-29 16:27:15,586 | FolderBuilder | File PDF non trovato in cache per la chiave: ROSIGNANO MARITTIMO_86_583_NCT (Impossibile smistare)
DEBUG    | 2026-06-29 16:27:15,593 | FolderBuilder | Smistato strutturato: LI-ROSIGNANO MARITTIMO-86-68.pdf -> CABINA DI CAMPO - CAB Z-14.2\cabine
DEBUG    | 2026-06-29 16:27:15,600 | FolderBuilder | Smistato strutturato: LI-ROSIGNANO MARITTIMO-98-161.pdf -> CABINA DI CAMPO CAB Z-3\cabine
WARNING  | 2026-06-29 16:27:15,600 | FolderBuilder | File PDF non trovato in cache per la chiave: ROSIGNANO MARITTIMO_98_114_NCT (Impossibile smistare)
DEBUG    | 2026-06-29 16:27:15,617 | FolderBuilder | Smistato strutturato: LI-ROSIGNANO MARITTIMO-98-86.pdf -> CABINA DI CAMPO CAB Z-5.1\cabine
INFO     | 2026-06-29 16:27:15,617 | FolderBuilder | Smistamento completato. Effettuate 36 copie conformi nel nuovo layout d'impianto.
INFO     | 2026-06-29 16:27:15,630 | Reporters    | Avvio generazione del report unificato delle eccezioni...
INFO     | 2026-06-29 16:27:16,357 | Reporters    | ✅ Report delle eccezioni salvato con successo in: report_eccezioni_20260629_162715.xlsx
INFO     | 2026-06-29 16:27:16,358 | Reporters    |    📊 Riepilogo anomalie -> Totale: 423
INFO     | 2026-06-29 16:27:16,363 | Orchestrator | ============================================================
INFO     | 2026-06-29 16:27:16,367 | Orchestrator |          Workflow terminato. Risorse salvate e consolidate!
INFO     | 2026-06-29 16:27:16,372 | Orchestrator | ============================================================
INFO     | 2026-06-29 16:28:37,977 | Orchestrator | === [FASE 1] CARICAMENTO DATI LOCALI ===
INFO     | 2026-06-29 16:28:38,257 | Orchestrator | Righe valide: 46 | Job unici da elaborare: 24
INFO     | 2026-06-29 16:28:38,274 | Orchestrator | === [FASE 2] AVVIO AUTOMAZIONE SISTER ===
CRITICAL | 2026-06-29 16:28:45,372 | Orchestrator | Automazione interrotta o completata prematuramente: Page.wait_for_timeout: Target page, context or browser has been closed
INFO     | 2026-06-29 16:28:45,374 | Orchestrator | === [FASE 3] FINALIZZAZIONE OUTPUT E REPORTING ===
INFO     | 2026-06-29 16:28:45,376 | FolderBuilder | Avvio smistamento strutturato delle visure secondo il layout dinamico del cliente...
DEBUG    | 2026-06-29 16:28:45,388 | FolderBuilder | Smistato strutturato: LI-ROSIGNANO MARITTIMO-81-1157.pdf -> Campo FV 13\cabine
DEBUG    | 2026-06-29 16:28:45,391 | FolderBuilder | Smistato strutturato: LI-ROSIGNANO MARITTIMO-81-1157.pdf -> Campo FV 13\cancelli ingresso
DEBUG    | 2026-06-29 16:28:45,395 | FolderBuilder | Smistato strutturato: LI-ROSIGNANO MARITTIMO-81-1160.pdf -> Campo FV 13
DEBUG    | 2026-06-29 16:28:45,398 | FolderBuilder | Smistato strutturato: LI-ROSIGNANO MARITTIMO-81-1160.pdf -> Campo FV 13\cancelli ingresso
DEBUG    | 2026-06-29 16:28:45,401 | FolderBuilder | Smistato strutturato: LI-ROSIGNANO MARITTIMO-86-722.pdf -> Campo FV 14\cabine
DEBUG    | 2026-06-29 16:28:45,404 | FolderBuilder | Smistato strutturato: LI-ROSIGNANO MARITTIMO-86-722.pdf -> Campo FV 14\cancelli ingresso
DEBUG    | 2026-06-29 16:28:45,407 | FolderBuilder | Smistato strutturato: LI-ROSIGNANO MARITTIMO-86-87.pdf -> Campo FV 14\cancelli ingresso
DEBUG    | 2026-06-29 16:28:45,411 | FolderBuilder | Smistato strutturato: LI-ROSIGNANO MARITTIMO-90-62.pdf -> Campo FV 1\cancelli ingresso
DEBUG    | 2026-06-29 16:28:45,414 | FolderBuilder | Smistato strutturato: LI-ROSIGNANO MARITTIMO-90-17.pdf -> Campo FV 1\cancelli ingresso
DEBUG    | 2026-06-29 16:28:45,417 | FolderBuilder | Smistato strutturato: LI-ROSIGNANO MARITTIMO-90-51.pdf -> Campo FV 17\cabine
DEBUG    | 2026-06-29 16:28:45,419 | FolderBuilder | Smistato strutturato: LI-ROSIGNANO MARITTIMO-90-51.pdf -> Campo FV 17\cancelli ingresso
DEBUG    | 2026-06-29 16:28:45,422 | FolderBuilder | Smistato strutturato: LI-ROSIGNANO MARITTIMO-92-11-AA.pdf -> Campo FV 2\cabine
DEBUG    | 2026-06-29 16:28:45,424 | FolderBuilder | Smistato strutturato: LI-ROSIGNANO MARITTIMO-92-11-AA.pdf -> Campo FV 2\cancelli ingresso
DEBUG    | 2026-06-29 16:28:45,428 | FolderBuilder | Smistato strutturato: LI-ROSIGNANO MARITTIMO-98-153.pdf -> Campo FV 3+4\cabine
DEBUG    | 2026-06-29 16:28:45,430 | FolderBuilder | Smistato strutturato: LI-ROSIGNANO MARITTIMO-98-153.pdf -> Campo FV 3+4\cancelli ingresso
DEBUG    | 2026-06-29 16:28:45,433 | FolderBuilder | Smistato strutturato: LI-ROSIGNANO MARITTIMO-98-163.pdf -> Campo FV 3+4\cabine
DEBUG    | 2026-06-29 16:28:45,435 | FolderBuilder | Smistato strutturato: LI-ROSIGNANO MARITTIMO-98-163.pdf -> Campo FV 3+4\cancelli ingresso
DEBUG    | 2026-06-29 16:28:45,438 | FolderBuilder | Smistato strutturato: LI-ROSIGNANO MARITTIMO-98-85.pdf -> Campo FV 5\cabine
DEBUG    | 2026-06-29 16:28:45,440 | FolderBuilder | Smistato strutturato: LI-ROSIGNANO MARITTIMO-98-85.pdf -> Campo FV 5\cancelli ingresso
DEBUG    | 2026-06-29 16:28:45,444 | FolderBuilder | Smistato strutturato: LI-ROSIGNANO MARITTIMO-102-301.pdf -> Campo FV 5\cabine
DEBUG    | 2026-06-29 16:28:45,446 | FolderBuilder | Smistato strutturato: LI-ROSIGNANO MARITTIMO-102-301.pdf -> Campo FV 5\cancelli ingresso
DEBUG    | 2026-06-29 16:28:45,449 | FolderBuilder | Smistato strutturato: LI-ROSIGNANO MARITTIMO-98-79.pdf -> Campo FV 7\cancelli ingresso
DEBUG    | 2026-06-29 16:28:45,452 | FolderBuilder | Smistato strutturato: LI-ROSIGNANO MARITTIMO-98-81.pdf -> Campo AGRO 7\cabine
DEBUG    | 2026-06-29 16:28:45,454 | FolderBuilder | Smistato strutturato: LI-ROSIGNANO MARITTIMO-98-81.pdf -> Campo AGRO 7\cancelli ingresso
DEBUG    | 2026-06-29 16:28:45,457 | FolderBuilder | Smistato strutturato: LI-ROSIGNANO MARITTIMO-98-16.pdf -> Campo AGRO 7\cabine
DEBUG    | 2026-06-29 16:28:45,460 | FolderBuilder | Smistato strutturato: LI-ROSIGNANO MARITTIMO-98-16.pdf -> Campo AGRO 7\cancelli ingresso
DEBUG    | 2026-06-29 16:28:45,463 | FolderBuilder | Smistato strutturato: LI-ROSIGNANO MARITTIMO-98-171.pdf -> Campo AGRO 9\cabine
DEBUG    | 2026-06-29 16:28:45,465 | FolderBuilder | Smistato strutturato: LI-ROSIGNANO MARITTIMO-98-171.pdf -> Campo AGRO 9\cancelli ingresso
DEBUG    | 2026-06-29 16:28:45,467 | FolderBuilder | Smistato strutturato: LI-ROSIGNANO MARITTIMO-98-142-AA.pdf -> Campo AGRO 9\cabine
DEBUG    | 2026-06-29 16:28:45,470 | FolderBuilder | Smistato strutturato: LI-ROSIGNANO MARITTIMO-98-142-AA.pdf -> Campo AGRO 9\cancelli ingresso
DEBUG    | 2026-06-29 16:28:45,472 | FolderBuilder | Smistato strutturato: LI-ROSIGNANO MARITTIMO-98-144.pdf -> Campo AGRO 9\cancelli ingresso
DEBUG    | 2026-06-29 16:28:45,475 | FolderBuilder | Smistato strutturato: LI-ROSIGNANO MARITTIMO-98-146.pdf -> Campo FV 8\cabine
DEBUG    | 2026-06-29 16:28:45,478 | FolderBuilder | Smistato strutturato: LI-ROSIGNANO MARITTIMO-98-146.pdf -> Campo FV 8\cancelli ingresso
WARNING  | 2026-06-29 16:28:45,478 | FolderBuilder | File PDF non trovato in cache per la chiave: ROSIGNANO MARITTIMO_86_583_NCT (Impossibile smistare)
DEBUG    | 2026-06-29 16:28:45,481 | FolderBuilder | Smistato strutturato: LI-ROSIGNANO MARITTIMO-86-68.pdf -> CABINA DI CAMPO - CAB Z-14.2\cabine
DEBUG    | 2026-06-29 16:28:45,485 | FolderBuilder | Smistato strutturato: LI-ROSIGNANO MARITTIMO-98-161.pdf -> CABINA DI CAMPO CAB Z-3\cabine
WARNING  | 2026-06-29 16:28:45,485 | FolderBuilder | File PDF non trovato in cache per la chiave: ROSIGNANO MARITTIMO_98_114_NCT (Impossibile smistare)
DEBUG    | 2026-06-29 16:28:45,491 | FolderBuilder | Smistato strutturato: LI-ROSIGNANO MARITTIMO-98-86.pdf -> CABINA DI CAMPO CAB Z-5.1\cabine
INFO     | 2026-06-29 16:28:45,491 | FolderBuilder | Smistamento completato. Effettuate 36 copie conformi nel nuovo layout d'impianto.
INFO     | 2026-06-29 16:28:45,497 | Reporters    | Avvio generazione del report unificato delle eccezioni...
INFO     | 2026-06-29 16:28:46,450 | Reporters    | ✅ Report delle eccezioni salvato con successo in: report_eccezioni_20260629_162845.xlsx
INFO     | 2026-06-29 16:28:46,450 | Reporters    |    📊 Riepilogo anomalie -> Totale: 421
INFO     | 2026-06-29 16:28:46,459 | Orchestrator | ============================================================
INFO     | 2026-06-29 16:28:46,462 | Orchestrator |          Workflow terminato. Risorse salvate e consolidate!
INFO     | 2026-06-29 16:28:46,464 | Orchestrator | ============================================================
INFO     | 2026-06-29 16:28:54,013 | Orchestrator | === [FASE 1] CARICAMENTO DATI LOCALI ===
INFO     | 2026-06-29 16:28:54,185 | Orchestrator | Righe valide: 446 | Job unici da elaborare: 167
INFO     | 2026-06-29 16:28:54,187 | Orchestrator | === [FASE 2] AVVIO AUTOMAZIONE SISTER ===
INFO     | 2026-06-29 16:29:39,257 | Orchestrator |  Finestra corretta agganciata: https://sister3.agenziaentrate.gov.it/Visure/SceltaLink.do?lista=IMM&codUfficio=LI
INFO     | 2026-06-29 16:29:39,259 | Orchestrator | [1/167] Elaborazione chiave: ROSIGNANO MARITTIMO_81_1145_NCT
INFO     | 2026-06-29 16:29:39,268 | Orchestrator |    -> Job già  presente in cache (Skip).
INFO     | 2026-06-29 16:29:39,277 | Orchestrator | [2/167] Elaborazione chiave: ROSIGNANO MARITTIMO_81_1148_NCT
INFO     | 2026-06-29 16:29:39,288 | Orchestrator |    -> Job già  presente in cache (Skip).
INFO     | 2026-06-29 16:29:39,302 | Orchestrator | [3/167] Elaborazione chiave: ROSIGNANO MARITTIMO_81_259_AA_NCT
INFO     | 2026-06-29 16:29:39,304 | Orchestrator |    -> Job già  presente in cache (Skip).
INFO     | 2026-06-29 16:29:39,306 | Orchestrator | [4/167] Elaborazione chiave: ROSIGNANO MARITTIMO_81_259_AB_NCT
INFO     | 2026-06-29 16:29:39,308 | Orchestrator |    -> Job già  presente in cache (Skip).
INFO     | 2026-06-29 16:29:39,310 | Orchestrator | [5/167] Elaborazione chiave: ROSIGNANO MARITTIMO_81_262_NCT
INFO     | 2026-06-29 16:29:39,313 | Orchestrator |    -> Job già  presente in cache (Skip).
INFO     | 2026-06-29 16:29:39,322 | Orchestrator | [6/167] Elaborazione chiave: ROSIGNANO MARITTIMO_81_1151_NCT
INFO     | 2026-06-29 16:29:39,374 | SisterClient |    🎯 Form individuato nel Frame [0] (Tentativo radar 1/5). Verifica e iniezione dati...
INFO     | 2026-06-29 16:29:39,422 | SisterClient |    -> Cambio comune rilevato. Imposto: ROSIGNANO MARITTIMO...
INFO     | 2026-06-29 16:29:45,895 | SisterClient | 🤖 [GPT VISION] Codice analizzato per ROSIGNANO MARITTIMO FG 81 PART 1151 -> Tentativo: 'niveduli'
INFO     | 2026-06-29 16:29:47,079 | SisterClient |    ✅ Codice accettato o bypassato con successo al tentativo [1/2]!
INFO     | 2026-06-29 16:29:47,081 | CacheManager | Intercettazione del download per la visura: ROSIGNANO MARITTIMO_81_1151_NCT
INFO     | 2026-06-29 16:29:51,057 | Orchestrator | Visura scaricata ed inserita in cache.
INFO     | 2026-06-29 16:29:51,061 | SisterClient | 🔄 Avvio della procedura di ritorno alla maschera principale...
INFO     | 2026-06-29 16:29:51,113 | SisterClient |    -> [Passo 1] Clic su bottone 'Indietro' strutturale.
INFO     | 2026-06-29 16:29:53,460 | SisterClient |    -> [Passo 2] Clic su bottone 'Indietro' strutturale.
INFO     | 2026-06-29 16:29:55,809 | SisterClient | ✅ Maschera principale agganciata con successo. Pronto per il prossimo job.
INFO     | 2026-06-29 16:29:55,811 | Orchestrator |    ⏳ Pausa mimetica: attendo 3.18 secondi prima del prossimo record...
INFO     | 2026-06-29 16:29:59,002 | Orchestrator | [7/167] Elaborazione chiave: ROSIGNANO MARITTIMO_81_1154_NCT
INFO     | 2026-06-29 16:29:59,003 | Orchestrator |    -> Job già  presente in cache (Skip).
INFO     | 2026-06-29 16:29:59,006 | Orchestrator | [8/167] Elaborazione chiave: ROSIGNANO MARITTIMO_81_1157_NCT
INFO     | 2026-06-29 16:29:59,009 | Orchestrator |    -> Job già  presente in cache (Skip).
INFO     | 2026-06-29 16:29:59,011 | Orchestrator | [9/167] Elaborazione chiave: ROSIGNANO MARITTIMO_81_1160_NCT
INFO     | 2026-06-29 16:29:59,014 | Orchestrator |    -> Job già  presente in cache (Skip).
INFO     | 2026-06-29 16:29:59,015 | Orchestrator | [10/167] Elaborazione chiave: ROSIGNANO MARITTIMO_81_1165_NCT
INFO     | 2026-06-29 16:29:59,018 | Orchestrator |    -> Job già  presente in cache (Skip).
INFO     | 2026-06-29 16:29:59,020 | Orchestrator | [11/167] Elaborazione chiave: ROSIGNANO MARITTIMO_86_717_NCT
INFO     | 2026-06-29 16:29:59,022 | Orchestrator |    -> Job già  presente in cache (Skip).
INFO     | 2026-06-29 16:29:59,024 | Orchestrator | [12/167] Elaborazione chiave: ROSIGNANO MARITTIMO_86_709_NCT
INFO     | 2026-06-29 16:29:59,027 | Orchestrator |    -> Job già  presente in cache (Skip).
INFO     | 2026-06-29 16:29:59,030 | Orchestrator | [13/167] Elaborazione chiave: ROSIGNANO MARITTIMO_86_706_NCT
INFO     | 2026-06-29 16:29:59,036 | SisterClient |    🎯 Form individuato nel Frame [0] (Tentativo radar 1/5). Verifica e iniezione dati...
INFO     | 2026-06-29 16:29:59,070 | SisterClient |    -> Comune 'ROSIGNANO MARITTIMO' già agganciato. Salto la selezione del dropdown.
INFO     | 2026-06-29 16:30:03,107 | SisterClient | 🤖 [GPT VISION] Codice analizzato per ROSIGNANO MARITTIMO FG 86 PART 706 -> Tentativo: 'duroesce'
INFO     | 2026-06-29 16:30:04,826 | SisterClient |    ✅ Codice accettato o bypassato con successo al tentativo [1/2]!
INFO     | 2026-06-29 16:30:04,827 | CacheManager | Intercettazione del download per la visura: ROSIGNANO MARITTIMO_86_706_NCT
INFO     | 2026-06-29 16:30:08,561 | Orchestrator | Visura scaricata ed inserita in cache.
INFO     | 2026-06-29 16:30:08,561 | SisterClient | 🔄 Avvio della procedura di ritorno alla maschera principale...
INFO     | 2026-06-29 16:30:08,597 | SisterClient |    -> [Passo 1] Clic su bottone 'Indietro' strutturale.
INFO     | 2026-06-29 16:30:11,248 | SisterClient |    -> [Passo 2] Clic su bottone 'Indietro' strutturale.
INFO     | 2026-06-29 16:30:13,792 | SisterClient | ✅ Maschera principale agganciata con successo. Pronto per il prossimo job.
INFO     | 2026-06-29 16:30:13,792 | Orchestrator |    ⏳ Pausa mimetica: attendo 2.94 secondi prima del prossimo record...
INFO     | 2026-06-29 16:30:16,749 | Orchestrator | [14/167] Elaborazione chiave: ROSIGNANO MARITTIMO_86_799_NCT
INFO     | 2026-06-29 16:30:16,751 | Orchestrator |    -> Job già  presente in cache (Skip).
INFO     | 2026-06-29 16:30:16,754 | Orchestrator | [15/167] Elaborazione chiave: ROSIGNANO MARITTIMO_86_714_NCT
INFO     | 2026-06-29 16:30:16,756 | Orchestrator |    -> Job già  presente in cache (Skip).
INFO     | 2026-06-29 16:30:16,759 | Orchestrator | [16/167] Elaborazione chiave: ROSIGNANO MARITTIMO_86_712_NCT
INFO     | 2026-06-29 16:30:16,773 | Orchestrator |    -> Job già  presente in cache (Skip).
INFO     | 2026-06-29 16:30:16,775 | Orchestrator | [17/167] Elaborazione chiave: ROSIGNANO MARITTIMO_86_713_NCT
INFO     | 2026-06-29 16:30:16,779 | Orchestrator |    -> Job già  presente in cache (Skip).
INFO     | 2026-06-29 16:30:16,781 | Orchestrator | [18/167] Elaborazione chiave: ROSIGNANO MARITTIMO_86_707_NCT
INFO     | 2026-06-29 16:30:16,783 | Orchestrator |    -> Job già  presente in cache (Skip).
INFO     | 2026-06-29 16:30:16,785 | Orchestrator | [19/167] Elaborazione chiave: ROSIGNANO MARITTIMO_86_710_AA_NCT
INFO     | 2026-06-29 16:30:16,787 | Orchestrator |    -> Job già  presente in cache (Skip).
INFO     | 2026-06-29 16:30:16,788 | Orchestrator | [20/167] Elaborazione chiave: ROSIGNANO MARITTIMO_86_710_AB_NCT
INFO     | 2026-06-29 16:30:16,791 | Orchestrator |    -> Job già  presente in cache (Skip).
INFO     | 2026-06-29 16:30:16,794 | Orchestrator | [21/167] Elaborazione chiave: ROSIGNANO MARITTIMO_86_796_NCT
INFO     | 2026-06-29 16:30:16,805 | SisterClient |    🎯 Form individuato nel Frame [0] (Tentativo radar 1/5). Verifica e iniezione dati...
INFO     | 2026-06-29 16:30:16,840 | SisterClient |    -> Comune 'ROSIGNANO MARITTIMO' già agganciato. Salto la selezione del dropdown.
INFO     | 2026-06-29 16:30:20,184 | SisterClient | 🤖 [GPT VISION] Codice analizzato per ROSIGNANO MARITTIMO FG 86 PART 796 -> Tentativo: 'troncelо'
WARNING  | 2026-06-29 16:30:21,211 | SisterClient |    ⚠️ Tentativo [1/2] fallito (Codice errato). Sister ha rigenerato l'immagine.
INFO     | 2026-06-29 16:30:23,158 | SisterClient | 🤖 [GPT VISION] Codice analizzato per ROSIGNANO MARITTIMO FG 86 PART 796 -> Tentativo: 'ceforlte'
WARNING  | 2026-06-29 16:30:24,130 | SisterClient |    ⚠️ Tentativo [2/2] fallito (Codice errato). Sister ha rigenerato l'immagine.
ERROR    | 2026-06-29 16:30:24,131 | SisterClient |    ❌ Falliti 2 tentativi di codice consecutivi per la particella 796.
ERROR    | 2026-06-29 16:30:24,920 | Orchestrator | Anomalia riscontrata sul record: Codice di sicurezza errato per 2 volte consecutive. Record saltato.
INFO     | 2026-06-29 16:30:24,921 | SisterClient | 🔄 Avvio della procedura di ritorno alla maschera principale...
INFO     | 2026-06-29 16:30:24,937 | SisterClient | ✅ Maschera principale agganciata con successo. Pronto per il prossimo job.
INFO     | 2026-06-29 16:30:24,938 | Orchestrator |    ⏳ Pausa mimetica: attendo 6.61 secondi prima del prossimo record...
INFO     | 2026-06-29 16:30:31,569 | Orchestrator | [22/167] Elaborazione chiave: ROSIGNANO MARITTIMO_86_782_NCT
INFO     | 2026-06-29 16:30:31,571 | Orchestrator |    -> Job già  presente in cache (Skip).
INFO     | 2026-06-29 16:30:31,579 | Orchestrator | [23/167] Elaborazione chiave: ROSIGNANO MARITTIMO_86_59_NCT
INFO     | 2026-06-29 16:30:31,582 | Orchestrator |    -> Job già  presente in cache (Skip).
INFO     | 2026-06-29 16:30:31,585 | Orchestrator | [24/167] Elaborazione chiave: ROSIGNANO MARITTIMO_86_720_NCT
INFO     | 2026-06-29 16:30:31,600 | Orchestrator |    -> Job già  presente in cache (Skip).
INFO     | 2026-06-29 16:30:31,607 | Orchestrator | [25/167] Elaborazione chiave: ROSIGNANO MARITTIMO_86_722_NCT
INFO     | 2026-06-29 16:30:31,622 | Orchestrator |    -> Job già  presente in cache (Skip).
INFO     | 2026-06-29 16:30:31,631 | Orchestrator | [26/167] Elaborazione chiave: ROSIGNANO MARITTIMO_86_723_NCT
INFO     | 2026-06-29 16:30:31,647 | Orchestrator |    -> Job già  presente in cache (Skip).
INFO     | 2026-06-29 16:30:31,649 | Orchestrator | [27/167] Elaborazione chiave: ROSIGNANO MARITTIMO_86_719_NCT
INFO     | 2026-06-29 16:30:31,652 | Orchestrator |    -> Job già  presente in cache (Skip).
INFO     | 2026-06-29 16:30:31,654 | Orchestrator | [28/167] Elaborazione chiave: ROSIGNANO MARITTIMO_86_124_NCT
INFO     | 2026-06-29 16:30:31,656 | Orchestrator |    -> Job già  presente in cache (Skip).
INFO     | 2026-06-29 16:30:31,659 | Orchestrator | [29/167] Elaborazione chiave: ROSIGNANO MARITTIMO_86_68_NCT
INFO     | 2026-06-29 16:30:31,668 | Orchestrator |    -> Job già  presente in cache (Skip).
INFO     | 2026-06-29 16:30:31,670 | Orchestrator | [30/167] Elaborazione chiave: ROSIGNANO MARITTIMO_86_87_NCT
INFO     | 2026-06-29 16:30:31,680 | Orchestrator |    -> Job già  presente in cache (Skip).
INFO     | 2026-06-29 16:30:31,682 | Orchestrator | [31/167] Elaborazione chiave: ROSIGNANO MARITTIMO_86_86_AA_NCT
INFO     | 2026-06-29 16:30:31,684 | Orchestrator |    -> Job già  presente in cache (Skip).
INFO     | 2026-06-29 16:30:31,686 | Orchestrator | [32/167] Elaborazione chiave: ROSIGNANO MARITTIMO_86_86_AB_NCT
INFO     | 2026-06-29 16:30:31,687 | Orchestrator |    -> Job già  presente in cache (Skip).
INFO     | 2026-06-29 16:30:31,689 | Orchestrator | [33/167] Elaborazione chiave: ROSIGNANO MARITTIMO_86_765_601_NCF
INFO     | 2026-06-29 16:30:31,690 | Orchestrator |    -> Job già  presente in cache (Skip).
INFO     | 2026-06-29 16:30:31,691 | Orchestrator | [34/167] Elaborazione chiave: ROSIGNANO MARITTIMO_86_606_AA_NCT
INFO     | 2026-06-29 16:30:31,698 | SisterClient |    🎯 Form individuato nel Frame [0] (Tentativo radar 1/5). Verifica e iniezione dati...
INFO     | 2026-06-29 16:30:31,734 | SisterClient |    -> Comune 'ROSIGNANO MARITTIMO' già agganciato. Salto la selezione del dropdown.
INFO     | 2026-06-29 16:30:35,039 | SisterClient | 🤖 [GPT VISION] Codice analizzato per ROSIGNANO MARITTIMO FG 86 PART 606 -> Tentativo: 'esilttooge'
WARNING  | 2026-06-29 16:30:36,056 | SisterClient |    ⚠️ Tentativo [1/2] fallito (Codice errato). Sister ha rigenerato l'immagine.
INFO     | 2026-06-29 16:30:37,759 | SisterClient | 🤖 [GPT VISION] Codice analizzato per ROSIGNANO MARITTIMO FG 86 PART 606 -> Tentativo: 'fanunzo'
WARNING  | 2026-06-29 16:30:38,829 | SisterClient |    ⚠️ Tentativo [2/2] fallito (Codice errato). Sister ha rigenerato l'immagine.
ERROR    | 2026-06-29 16:30:38,830 | SisterClient |    ❌ Falliti 2 tentativi di codice consecutivi per la particella 606.
ERROR    | 2026-06-29 16:30:39,693 | Orchestrator | Anomalia riscontrata sul record: Codice di sicurezza errato per 2 volte consecutive. Record saltato.
INFO     | 2026-06-29 16:30:39,694 | SisterClient | 🔄 Avvio della procedura di ritorno alla maschera principale...
INFO     | 2026-06-29 16:30:39,714 | SisterClient | ✅ Maschera principale agganciata con successo. Pronto per il prossimo job.
INFO     | 2026-06-29 16:30:39,715 | Orchestrator |    ⏳ Pausa mimetica: attendo 5.76 secondi prima del prossimo record...
INFO     | 2026-06-29 16:30:45,501 | Orchestrator | [35/167] Elaborazione chiave: ROSIGNANO MARITTIMO_86_606_AB_NCT
INFO     | 2026-06-29 16:30:45,507 | SisterClient |    🎯 Form individuato nel Frame [0] (Tentativo radar 1/5). Verifica e iniezione dati...
INFO     | 2026-06-29 16:30:45,539 | SisterClient |    -> Comune 'ROSIGNANO MARITTIMO' già agganciato. Salto la selezione del dropdown.
INFO     | 2026-06-29 16:30:48,304 | SisterClient | 🤖 [GPT VISION] Codice analizzato per ROSIGNANO MARITTIMO FG 86 PART 606 -> Tentativo: 'vittinee'
WARNING  | 2026-06-29 16:30:49,449 | SisterClient |    ⚠️ Tentativo [1/2] fallito (Codice errato). Sister ha rigenerato l'immagine.
INFO     | 2026-06-29 16:30:51,005 | SisterClient | 🤖 [GPT VISION] Codice analizzato per ROSIGNANO MARITTIMO FG 86 PART 606 -> Tentativo: 'momilore'
INFO     | 2026-06-29 16:30:52,195 | SisterClient |    ✅ Codice accettato o bypassato con successo al tentativo [2/2]!
INFO     | 2026-06-29 16:30:52,196 | CacheManager | Intercettazione del download per la visura: ROSIGNANO MARITTIMO_86_606_AB_NCT
INFO     | 2026-06-29 16:30:56,013 | Orchestrator | Visura scaricata ed inserita in cache.
INFO     | 2026-06-29 16:30:56,013 | SisterClient | 🔄 Avvio della procedura di ritorno alla maschera principale...
INFO     | 2026-06-29 16:30:56,040 | SisterClient |    -> [Passo 1] Clic su bottone 'Indietro' strutturale.
INFO     | 2026-06-29 16:30:58,277 | SisterClient |    -> [Passo 2] Clic su bottone 'Indietro' strutturale.
INFO     | 2026-06-29 16:31:00,581 | SisterClient | ✅ Maschera principale agganciata con successo. Pronto per il prossimo job.
INFO     | 2026-06-29 16:31:00,582 | Orchestrator |    ⏳ Pausa mimetica: attendo 1.51 secondi prima del prossimo record...
INFO     | 2026-06-29 16:31:02,124 | Orchestrator | [36/167] Elaborazione chiave: ROSIGNANO MARITTIMO_90_62_NCT
INFO     | 2026-06-29 16:31:02,134 | Orchestrator |    -> Job già  presente in cache (Skip).
INFO     | 2026-06-29 16:31:02,170 | Orchestrator | [37/167] Elaborazione chiave: ROSIGNANO MARITTIMO_90_4_605_NCF
INFO     | 2026-06-29 16:31:02,231 | SisterClient |    🎯 Form individuato nel Frame [0] (Tentativo radar 1/5). Verifica e iniezione dati...
INFO     | 2026-06-29 16:31:03,451 | SisterClient |    -> Comune 'ROSIGNANO MARITTIMO' già agganciato. Salto la selezione del dropdown.
INFO     | 2026-06-29 16:31:06,552 | SisterClient | 🤖 [GPT VISION] Codice analizzato per ROSIGNANO MARITTIMO FG 90 PART 4 -> Tentativo: 'zusonuri'
INFO     | 2026-06-29 16:31:08,293 | SisterClient |    ✅ Codice accettato o bypassato con successo al tentativo [1/2]!
INFO     | 2026-06-29 16:31:08,294 | CacheManager | Intercettazione del download per la visura: ROSIGNANO MARITTIMO_90_4_605_NCF
INFO     | 2026-06-29 16:31:12,019 | Orchestrator | Visura scaricata ed inserita in cache.
INFO     | 2026-06-29 16:31:12,020 | SisterClient | 🔄 Avvio della procedura di ritorno alla maschera principale...
INFO     | 2026-06-29 16:31:12,051 | SisterClient |    -> [Passo 1] Clic su bottone 'Indietro' strutturale.
INFO     | 2026-06-29 16:31:14,309 | SisterClient |    -> [Passo 2] Clic su bottone 'Indietro' strutturale.
INFO     | 2026-06-29 16:31:16,586 | SisterClient | ✅ Maschera principale agganciata con successo. Pronto per il prossimo job.
INFO     | 2026-06-29 16:31:16,587 | Orchestrator |    ⏳ Pausa mimetica: attendo 6.56 secondi prima del prossimo record...
INFO     | 2026-06-29 16:31:23,167 | Orchestrator | [38/167] Elaborazione chiave: ROSIGNANO MARITTIMO_90_5_NCF
INFO     | 2026-06-29 16:31:23,173 | SisterClient |    🎯 Form individuato nel Frame [0] (Tentativo radar 1/5). Verifica e iniezione dati...
INFO     | 2026-06-29 16:31:23,206 | SisterClient |    -> Comune 'ROSIGNANO MARITTIMO' già agganciato. Salto la selezione del dropdown.
INFO     | 2026-06-29 16:31:26,176 | SisterClient | 🤖 [GPT VISION] Codice analizzato per ROSIGNANO MARITTIMO FG 90 PART 5 -> Tentativo: 'gerdianu'
WARNING  | 2026-06-29 16:31:27,392 | SisterClient |    ⚠️ Tentativo [1/2] fallito (Codice errato). Sister ha rigenerato l'immagine.
INFO     | 2026-06-29 16:31:28,844 | SisterClient | 🤖 [GPT VISION] Codice analizzato per ROSIGNANO MARITTIMO FG 90 PART 5 -> Tentativo: 'ivornnii'
WARNING  | 2026-06-29 16:31:29,806 | SisterClient |    ⚠️ Tentativo [2/2] fallito (Codice errato). Sister ha rigenerato l'immagine.
ERROR    | 2026-06-29 16:31:29,807 | SisterClient |    ❌ Falliti 2 tentativi di codice consecutivi per la particella 5.
ERROR    | 2026-06-29 16:31:30,580 | Orchestrator | Anomalia riscontrata sul record: Codice di sicurezza errato per 2 volte consecutive. Record saltato.
INFO     | 2026-06-29 16:31:30,581 | SisterClient | 🔄 Avvio della procedura di ritorno alla maschera principale...
INFO     | 2026-06-29 16:31:30,599 | SisterClient | ✅ Maschera principale agganciata con successo. Pronto per il prossimo job.
INFO     | 2026-06-29 16:31:30,604 | Orchestrator |    ⏳ Pausa mimetica: attendo 6.80 secondi prima del prossimo record...
INFO     | 2026-06-29 16:31:37,426 | Orchestrator | [39/167] Elaborazione chiave: ROSIGNANO MARITTIMO_90_42_NCT
INFO     | 2026-06-29 16:31:37,428 | Orchestrator |    -> Job già  presente in cache (Skip).
INFO     | 2026-06-29 16:31:37,432 | Orchestrator | [40/167] Elaborazione chiave: ROSIGNANO MARITTIMO_90_63_610_NCF
INFO     | 2026-06-29 16:31:37,435 | Orchestrator |    -> Job già  presente in cache (Skip).
INFO     | 2026-06-29 16:31:37,438 | Orchestrator | [41/167] Elaborazione chiave: ROSIGNANO MARITTIMO_90_60_NCT
INFO     | 2026-06-29 16:31:37,445 | Orchestrator |    -> Job già  presente in cache (Skip).
INFO     | 2026-06-29 16:31:37,448 | Orchestrator | [42/167] Elaborazione chiave: ROSIGNANO MARITTIMO_90_9_NCT
INFO     | 2026-06-29 16:31:37,457 | Orchestrator |    -> Job già  presente in cache (Skip).
INFO     | 2026-06-29 16:31:37,462 | Orchestrator | [43/167] Elaborazione chiave: ROSIGNANO MARITTIMO_90_17_NCT
INFO     | 2026-06-29 16:31:37,464 | Orchestrator |    -> Job già  presente in cache (Skip).
INFO     | 2026-06-29 16:31:37,467 | Orchestrator | [44/167] Elaborazione chiave: ROSIGNANO MARITTIMO_90_7_NCT
INFO     | 2026-06-29 16:31:37,469 | Orchestrator |    -> Job già  presente in cache (Skip).
INFO     | 2026-06-29 16:31:37,471 | Orchestrator | [45/167] Elaborazione chiave: ROSIGNANO MARITTIMO_90_59_NCT
INFO     | 2026-06-29 16:31:37,473 | Orchestrator |    -> Job già  presente in cache (Skip).
INFO     | 2026-06-29 16:31:37,475 | Orchestrator | [46/167] Elaborazione chiave: ROSIGNANO MARITTIMO_90_47_602_NCF
INFO     | 2026-06-29 16:31:37,482 | SisterClient |    🎯 Form individuato nel Frame [0] (Tentativo radar 1/5). Verifica e iniezione dati...
INFO     | 2026-06-29 16:31:37,513 | SisterClient |    -> Comune 'ROSIGNANO MARITTIMO' già agganciato. Salto la selezione del dropdown.
INFO     | 2026-06-29 16:31:40,510 | SisterClient | 🤖 [GPT VISION] Codice analizzato per ROSIGNANO MARITTIMO FG 90 PART 47 -> Tentativo: 'zerubeta'
INFO     | 2026-06-29 16:31:41,660 | SisterClient |    ✅ Codice accettato o bypassato con successo al tentativo [1/2]!
INFO     | 2026-06-29 16:31:41,661 | CacheManager | Intercettazione del download per la visura: ROSIGNANO MARITTIMO_90_47_602_NCF
INFO     | 2026-06-29 16:31:46,041 | Orchestrator | Visura scaricata ed inserita in cache.
INFO     | 2026-06-29 16:31:46,043 | SisterClient | 🔄 Avvio della procedura di ritorno alla maschera principale...
INFO     | 2026-06-29 16:31:46,083 | SisterClient |    -> [Passo 1] Clic su bottone 'Indietro' strutturale.
INFO     | 2026-06-29 16:31:48,441 | SisterClient |    -> [Passo 2] Clic su bottone 'Indietro' strutturale.
INFO     | 2026-06-29 16:31:53,185 | SisterClient | ✅ Maschera principale agganciata con successo. Pronto per il prossimo job.
INFO     | 2026-06-29 16:31:53,188 | Orchestrator |    ⏳ Pausa mimetica: attendo 7.63 secondi prima del prossimo record...
INFO     | 2026-06-29 16:32:00,845 | Orchestrator | [47/167] Elaborazione chiave: ROSIGNANO MARITTIMO_90_21_NCT
INFO     | 2026-06-29 16:32:00,846 | Orchestrator |    -> Job già  presente in cache (Skip).
INFO     | 2026-06-29 16:32:00,855 | Orchestrator | [48/167] Elaborazione chiave: ROSIGNANO MARITTIMO_90_22_NCT
INFO     | 2026-06-29 16:32:00,858 | Orchestrator |    -> Job già  presente in cache (Skip).
INFO     | 2026-06-29 16:32:00,861 | Orchestrator | [49/167] Elaborazione chiave: ROSIGNANO MARITTIMO_90_11_NCT
INFO     | 2026-06-29 16:32:00,866 | Orchestrator |    -> Job già  presente in cache (Skip).
INFO     | 2026-06-29 16:32:00,868 | Orchestrator | [50/167] Elaborazione chiave: ROSIGNANO MARITTIMO_90_46_602_NCF
INFO     | 2026-06-29 16:32:00,886 | SisterClient |    🎯 Form individuato nel Frame [0] (Tentativo radar 1/5). Verifica e iniezione dati...
INFO     | 2026-06-29 16:32:00,936 | SisterClient |    -> Comune 'ROSIGNANO MARITTIMO' già agganciato. Salto la selezione del dropdown.
INFO     | 2026-06-29 16:32:02,840 | SisterClient |    🚀 [MASTER BYPASS] Pagina senza captcha rilevata! Applico un'esitazione dinamica di sicurezza...
INFO     | 2026-06-29 16:32:05,443 | SisterClient |    ✅ Codice accettato o bypassato con successo al tentativo [1/2]!
INFO     | 2026-06-29 16:32:05,444 | CacheManager | Intercettazione del download per la visura: ROSIGNANO MARITTIMO_90_46_602_NCF
INFO     | 2026-06-29 16:32:09,256 | Orchestrator | Visura scaricata ed inserita in cache.
INFO     | 2026-06-29 16:32:09,256 | SisterClient | 🔄 Avvio della procedura di ritorno alla maschera principale...
INFO     | 2026-06-29 16:32:09,289 | SisterClient |    -> [Passo 1] Clic su bottone 'Indietro' strutturale.
INFO     | 2026-06-29 16:32:11,554 | SisterClient |    -> [Passo 2] Clic su bottone 'Indietro' strutturale.
INFO     | 2026-06-29 16:32:14,080 | SisterClient | ✅ Maschera principale agganciata con successo. Pronto per il prossimo job.
INFO     | 2026-06-29 16:32:14,081 | Orchestrator |    ⏳ Pausa mimetica: attendo 4.75 secondi prima del prossimo record...
INFO     | 2026-06-29 16:32:18,838 | Orchestrator | [51/167] Elaborazione chiave: ROSIGNANO MARITTIMO_90_23_NCT
INFO     | 2026-06-29 16:32:18,839 | Orchestrator |    -> Job già  presente in cache (Skip).
INFO     | 2026-06-29 16:32:18,842 | Orchestrator | [52/167] Elaborazione chiave: ROSIGNANO MARITTIMO_90_51_NCT
INFO     | 2026-06-29 16:32:18,853 | Orchestrator |    -> Job già  presente in cache (Skip).
INFO     | 2026-06-29 16:32:18,855 | Orchestrator | [53/167] Elaborazione chiave: ROSIGNANO MARITTIMO_90_13_AA_NCT
INFO     | 2026-06-29 16:32:18,864 | SisterClient |    🎯 Form individuato nel Frame [0] (Tentativo radar 1/5). Verifica e iniezione dati...
INFO     | 2026-06-29 16:32:19,934 | SisterClient |    -> Comune 'ROSIGNANO MARITTIMO' già agganciato. Salto la selezione del dropdown.
INFO     | 2026-06-29 16:32:23,236 | SisterClient | 🤖 [GPT VISION] Codice analizzato per ROSIGNANO MARITTIMO FG 90 PART 13 -> Tentativo: 'zesiute'
INFO     | 2026-06-29 16:32:24,461 | SisterClient |    ✅ Codice accettato o bypassato con successo al tentativo [1/2]!
INFO     | 2026-06-29 16:32:24,462 | CacheManager | Intercettazione del download per la visura: ROSIGNANO MARITTIMO_90_13_AA_NCT
INFO     | 2026-06-29 16:32:28,695 | Orchestrator | Visura scaricata ed inserita in cache.
INFO     | 2026-06-29 16:32:28,696 | SisterClient | 🔄 Avvio della procedura di ritorno alla maschera principale...
INFO     | 2026-06-29 16:32:28,724 | SisterClient |    -> [Passo 1] Clic su bottone 'Indietro' strutturale.
INFO     | 2026-06-29 16:32:30,973 | SisterClient |    -> [Passo 2] Clic su bottone 'Indietro' strutturale.
INFO     | 2026-06-29 16:32:33,329 | SisterClient | ✅ Maschera principale agganciata con successo. Pronto per il prossimo job.
INFO     | 2026-06-29 16:32:33,330 | Orchestrator |    ⏳ Pausa mimetica: attendo 6.39 secondi prima del prossimo record...
INFO     | 2026-06-29 16:32:39,732 | Orchestrator | [54/167] Elaborazione chiave: ROSIGNANO MARITTIMO_90_13_AB_NCT
INFO     | 2026-06-29 16:32:39,740 | SisterClient |    🎯 Form individuato nel Frame [0] (Tentativo radar 1/5). Verifica e iniezione dati...
INFO     | 2026-06-29 16:32:39,776 | SisterClient |    -> Comune 'ROSIGNANO MARITTIMO' già agganciato. Salto la selezione del dropdown.
INFO     | 2026-06-29 16:32:43,335 | SisterClient | 🤖 [GPT VISION] Codice analizzato per ROSIGNANO MARITTIMO FG 90 PART 13 -> Tentativo: 'zefugna'
INFO     | 2026-06-29 16:32:44,590 | SisterClient |    ✅ Codice accettato o bypassato con successo al tentativo [1/2]!
INFO     | 2026-06-29 16:32:44,591 | CacheManager | Intercettazione del download per la visura: ROSIGNANO MARITTIMO_90_13_AB_NCT
INFO     | 2026-06-29 16:32:48,368 | Orchestrator | Visura scaricata ed inserita in cache.
INFO     | 2026-06-29 16:32:48,369 | SisterClient | 🔄 Avvio della procedura di ritorno alla maschera principale...
INFO     | 2026-06-29 16:32:48,400 | SisterClient |    -> [Passo 1] Clic su bottone 'Indietro' strutturale.
INFO     | 2026-06-29 16:32:50,618 | SisterClient |    -> [Passo 2] Clic su bottone 'Indietro' strutturale.
INFO     | 2026-06-29 16:32:53,161 | SisterClient | ✅ Maschera principale agganciata con successo. Pronto per il prossimo job.
INFO     | 2026-06-29 16:32:53,162 | Orchestrator |    ⏳ Pausa mimetica: attendo 4.37 secondi prima del prossimo record...
INFO     | 2026-06-29 16:32:57,555 | Orchestrator | [55/167] Elaborazione chiave: ROSIGNANO MARITTIMO_92_5_AA_NCT
INFO     | 2026-06-29 16:32:57,556 | Orchestrator |    -> Job già  presente in cache (Skip).
INFO     | 2026-06-29 16:32:57,567 | Orchestrator | [56/167] Elaborazione chiave: ROSIGNANO MARITTIMO_92_5_AB_NCT
INFO     | 2026-06-29 16:32:57,570 | Orchestrator |    -> Job già  presente in cache (Skip).
INFO     | 2026-06-29 16:32:57,574 | Orchestrator | [57/167] Elaborazione chiave: ROSIGNANO MARITTIMO_92_6_NCT
INFO     | 2026-06-29 16:32:57,584 | SisterClient |    🎯 Form individuato nel Frame [0] (Tentativo radar 1/5). Verifica e iniezione dati...
INFO     | 2026-06-29 16:32:57,621 | SisterClient |    -> Comune 'ROSIGNANO MARITTIMO' già agganciato. Salto la selezione del dropdown.
INFO     | 2026-06-29 16:33:01,147 | SisterClient | 🤖 [GPT VISION] Codice analizzato per ROSIGNANO MARITTIMO FG 92 PART 6 -> Tentativo: 'uscurrap'
WARNING  | 2026-06-29 16:33:02,274 | SisterClient |    ⚠️ Tentativo [1/2] fallito (Codice errato). Sister ha rigenerato l'immagine.
INFO     | 2026-06-29 16:33:04,597 | SisterClient | 🤖 [GPT VISION] Codice analizzato per ROSIGNANO MARITTIMO FG 92 PART 6 -> Tentativo: 'tresuate'
WARNING  | 2026-06-29 16:33:05,702 | SisterClient |    ⚠️ Tentativo [2/2] fallito (Codice errato). Sister ha rigenerato l'immagine.
ERROR    | 2026-06-29 16:33:05,703 | SisterClient |    ❌ Falliti 2 tentativi di codice consecutivi per la particella 6.
ERROR    | 2026-06-29 16:33:06,642 | Orchestrator | Anomalia riscontrata sul record: Codice di sicurezza errato per 2 volte consecutive. Record saltato.
INFO     | 2026-06-29 16:33:06,649 | SisterClient | 🔄 Avvio della procedura di ritorno alla maschera principale...
INFO     | 2026-06-29 16:33:06,689 | SisterClient | ✅ Maschera principale agganciata con successo. Pronto per il prossimo job.
INFO     | 2026-06-29 16:33:06,691 | Orchestrator |    ⏳ Pausa mimetica: attendo 8.42 secondi prima del prossimo record...
INFO     | 2026-06-29 16:33:15,133 | Orchestrator | [58/167] Elaborazione chiave: ROSIGNANO MARITTIMO_92_10_AA_NCT
INFO     | 2026-06-29 16:33:15,139 | SisterClient |    🎯 Form individuato nel Frame [0] (Tentativo radar 1/5). Verifica e iniezione dati...
INFO     | 2026-06-29 16:33:15,180 | SisterClient |    -> Comune 'ROSIGNANO MARITTIMO' già agganciato. Salto la selezione del dropdown.
INFO     | 2026-06-29 16:33:21,222 | SisterClient | 🤖 [GPT VISION] Codice analizzato per ROSIGNANO MARITTIMO FG 92 PART 10 -> Tentativo: 'non posso aiutarti con questo.'
WARNING  | 2026-06-29 16:33:22,240 | SisterClient |    ⚠️ Tentativo [1/2] fallito (Codice errato). Sister ha rigenerato l'immagine.
INFO     | 2026-06-29 16:33:24,776 | SisterClient | 🤖 [GPT VISION] Codice analizzato per ROSIGNANO MARITTIMO FG 92 PART 10 -> Tentativo: 'porveze'
INFO     | 2026-06-29 16:33:25,934 | SisterClient |    ✅ Codice accettato o bypassato con successo al tentativo [2/2]!
INFO     | 2026-06-29 16:33:25,935 | CacheManager | Intercettazione del download per la visura: ROSIGNANO MARITTIMO_92_10_AA_NCT
INFO     | 2026-06-29 16:33:29,868 | Orchestrator | Visura scaricata ed inserita in cache.
INFO     | 2026-06-29 16:33:29,869 | SisterClient | 🔄 Avvio della procedura di ritorno alla maschera principale...
INFO     | 2026-06-29 16:33:29,903 | SisterClient |    -> [Passo 1] Clic su bottone 'Indietro' strutturale.
INFO     | 2026-06-29 16:33:32,205 | SisterClient |    -> [Passo 2] Clic su bottone 'Indietro' strutturale.
INFO     | 2026-06-29 16:33:34,656 | SisterClient | ✅ Maschera principale agganciata con successo. Pronto per il prossimo job.
INFO     | 2026-06-29 16:33:34,657 | Orchestrator |    ⏳ Pausa mimetica: attendo 6.77 secondi prima del prossimo record...
INFO     | 2026-06-29 16:33:41,459 | Orchestrator | [59/167] Elaborazione chiave: ROSIGNANO MARITTIMO_92_10_AB_NCT
INFO     | 2026-06-29 16:33:41,462 | Orchestrator |    -> Job già  presente in cache (Skip).
INFO     | 2026-06-29 16:33:41,465 | Orchestrator | [60/167] Elaborazione chiave: ROSIGNANO MARITTIMO_92_9_NCT
INFO     | 2026-06-29 16:33:41,477 | SisterClient |    🎯 Form individuato nel Frame [0] (Tentativo radar 1/5). Verifica e iniezione dati...
INFO     | 2026-06-29 16:33:41,528 | SisterClient |    -> Comune 'ROSIGNANO MARITTIMO' già agganciato. Salto la selezione del dropdown.
INFO     | 2026-06-29 16:33:43,273 | SisterClient |    🚀 [MASTER BYPASS] Pagina senza captcha rilevata! Applico un'esitazione dinamica di sicurezza...
INFO     | 2026-06-29 16:33:46,112 | SisterClient |    ✅ Codice accettato o bypassato con successo al tentativo [1/2]!
INFO     | 2026-06-29 16:33:46,115 | CacheManager | Intercettazione del download per la visura: ROSIGNANO MARITTIMO_92_9_NCT
INFO     | 2026-06-29 16:33:50,100 | Orchestrator | Visura scaricata ed inserita in cache.
INFO     | 2026-06-29 16:33:50,101 | SisterClient | 🔄 Avvio della procedura di ritorno alla maschera principale...
INFO     | 2026-06-29 16:33:50,152 | SisterClient |    -> [Passo 1] Clic su bottone 'Indietro' strutturale.
INFO     | 2026-06-29 16:33:52,588 | SisterClient |    -> [Passo 2] Clic su bottone 'Indietro' strutturale.
INFO     | 2026-06-29 16:33:54,938 | SisterClient | ✅ Maschera principale agganciata con successo. Pronto per il prossimo job.
INFO     | 2026-06-29 16:33:54,939 | Orchestrator |    ⏳ Pausa mimetica: attendo 5.42 secondi prima del prossimo record...
INFO     | 2026-06-29 16:34:00,370 | Orchestrator | [61/167] Elaborazione chiave: ROSIGNANO MARITTIMO_92_44_NCT
INFO     | 2026-06-29 16:34:00,371 | Orchestrator |    -> Job già  presente in cache (Skip).
INFO     | 2026-06-29 16:34:00,374 | Orchestrator | [62/167] Elaborazione chiave: ROSIGNANO MARITTIMO_92_11_AA_NCT
INFO     | 2026-06-29 16:34:00,376 | Orchestrator |    -> Job già  presente in cache (Skip).
INFO     | 2026-06-29 16:34:00,387 | Orchestrator | [63/167] Elaborazione chiave: ROSIGNANO MARITTIMO_92_11_AB_NCT
INFO     | 2026-06-29 16:34:00,397 | SisterClient |    🎯 Form individuato nel Frame [0] (Tentativo radar 1/5). Verifica e iniezione dati...
INFO     | 2026-06-29 16:34:00,444 | SisterClient |    -> Comune 'ROSIGNANO MARITTIMO' già agganciato. Salto la selezione del dropdown.
INFO     | 2026-06-29 16:34:04,541 | SisterClient | 🤖 [GPT VISION] Codice analizzato per ROSIGNANO MARITTIMO FG 92 PART 11 -> Tentativo: 'cobaduro'
INFO     | 2026-06-29 16:34:05,673 | SisterClient |    ✅ Codice accettato o bypassato con successo al tentativo [1/2]!
INFO     | 2026-06-29 16:34:05,675 | CacheManager | Intercettazione del download per la visura: ROSIGNANO MARITTIMO_92_11_AB_NCT
INFO     | 2026-06-29 16:34:10,765 | Orchestrator | Visura scaricata ed inserita in cache.
INFO     | 2026-06-29 16:34:10,766 | SisterClient | 🔄 Avvio della procedura di ritorno alla maschera principale...
INFO     | 2026-06-29 16:34:10,796 | SisterClient |    -> [Passo 1] Clic su bottone 'Indietro' strutturale.
INFO     | 2026-06-29 16:34:13,073 | SisterClient |    -> [Passo 2] Clic su bottone 'Indietro' strutturale.
INFO     | 2026-06-29 16:34:15,528 | SisterClient | ✅ Maschera principale agganciata con successo. Pronto per il prossimo job.
INFO     | 2026-06-29 16:34:15,529 | Orchestrator |    ⏳ Pausa mimetica: attendo 8.57 secondi prima del prossimo record...
INFO     | 2026-06-29 16:34:24,118 | Orchestrator | [64/167] Elaborazione chiave: ROSIGNANO MARITTIMO_92_11_AC_NCT
INFO     | 2026-06-29 16:34:24,128 | SisterClient |    🎯 Form individuato nel Frame [0] (Tentativo radar 1/5). Verifica e iniezione dati...
INFO     | 2026-06-29 16:34:24,162 | SisterClient |    -> Comune 'ROSIGNANO MARITTIMO' già agganciato. Salto la selezione del dropdown.
INFO     | 2026-06-29 16:34:27,446 | SisterClient | 🤖 [GPT VISION] Codice analizzato per ROSIGNANO MARITTIMO FG 92 PART 11 -> Tentativo: 'srungeli'
INFO     | 2026-06-29 16:34:28,549 | SisterClient |    ✅ Codice accettato o bypassato con successo al tentativo [1/2]!
INFO     | 2026-06-29 16:34:28,550 | CacheManager | Intercettazione del download per la visura: ROSIGNANO MARITTIMO_92_11_AC_NCT
INFO     | 2026-06-29 16:34:32,669 | Orchestrator | Visura scaricata ed inserita in cache.
INFO     | 2026-06-29 16:34:32,671 | SisterClient | 🔄 Avvio della procedura di ritorno alla maschera principale...
INFO     | 2026-06-29 16:34:32,765 | SisterClient |    -> [Passo 1] Clic su bottone 'Indietro' strutturale.
INFO     | 2026-06-29 16:34:35,192 | SisterClient |    -> [Passo 2] Clic su bottone 'Indietro' strutturale.
INFO     | 2026-06-29 16:34:37,662 | SisterClient | ✅ Maschera principale agganciata con successo. Pronto per il prossimo job.
INFO     | 2026-06-29 16:34:37,664 | Orchestrator |    ⏳ Pausa mimetica: attendo 3.28 secondi prima del prossimo record...
INFO     | 2026-06-29 16:34:40,962 | Orchestrator | [65/167] Elaborazione chiave: ROSIGNANO MARITTIMO_92_39_NCT
INFO     | 2026-06-29 16:34:40,996 | SisterClient |    🎯 Form individuato nel Frame [0] (Tentativo radar 1/5). Verifica e iniezione dati...
INFO     | 2026-06-29 16:34:41,159 | SisterClient |    -> Comune 'ROSIGNANO MARITTIMO' già agganciato. Salto la selezione del dropdown.
INFO     | 2026-06-29 16:34:45,331 | SisterClient | 🤖 [GPT VISION] Codice analizzato per ROSIGNANO MARITTIMO FG 92 PART 39 -> Tentativo: 'voruidano'
WARNING  | 2026-06-29 16:34:46,327 | SisterClient |    ⚠️ Tentativo [1/2] fallito (Codice errato). Sister ha rigenerato l'immagine.
INFO     | 2026-06-29 16:34:47,813 | SisterClient | 🤖 [GPT VISION] Codice analizzato per ROSIGNANO MARITTIMO FG 92 PART 39 -> Tentativo: 'sopive'
INFO     | 2026-06-29 16:34:49,184 | SisterClient |    ✅ Codice accettato o bypassato con successo al tentativo [2/2]!
INFO     | 2026-06-29 16:34:49,185 | CacheManager | Intercettazione del download per la visura: ROSIGNANO MARITTIMO_92_39_NCT
INFO     | 2026-06-29 16:34:53,119 | Orchestrator | Visura scaricata ed inserita in cache.
INFO     | 2026-06-29 16:34:53,119 | SisterClient | 🔄 Avvio della procedura di ritorno alla maschera principale...
INFO     | 2026-06-29 16:34:53,202 | SisterClient |    -> [Passo 1] Clic su bottone 'Indietro' strutturale.
INFO     | 2026-06-29 16:34:55,440 | SisterClient |    -> [Passo 2] Clic su bottone 'Indietro' strutturale.
INFO     | 2026-06-29 16:34:57,781 | SisterClient | ✅ Maschera principale agganciata con successo. Pronto per il prossimo job.
INFO     | 2026-06-29 16:34:57,782 | Orchestrator |    ⏳ Pausa mimetica: attendo 7.02 secondi prima del prossimo record...
INFO     | 2026-06-29 16:35:04,812 | Orchestrator | [66/167] Elaborazione chiave: ROSIGNANO MARITTIMO_98_138_NCT
INFO     | 2026-06-29 16:35:04,819 | SisterClient |    🎯 Form individuato nel Frame [0] (Tentativo radar 1/5). Verifica e iniezione dati...
INFO     | 2026-06-29 16:35:04,868 | SisterClient |    -> Comune 'ROSIGNANO MARITTIMO' già agganciato. Salto la selezione del dropdown.
INFO     | 2026-06-29 16:35:08,117 | SisterClient | 🤖 [GPT VISION] Codice analizzato per ROSIGNANO MARITTIMO FG 98 PART 138 -> Tentativo: 'errtinash'
WARNING  | 2026-06-29 16:35:09,156 | SisterClient |    ⚠️ Tentativo [1/2] fallito (Codice errato). Sister ha rigenerato l'immagine.
INFO     | 2026-06-29 16:35:11,208 | SisterClient | 🤖 [GPT VISION] Codice analizzato per ROSIGNANO MARITTIMO FG 98 PART 138 -> Tentativo: 'cenirate'
WARNING  | 2026-06-29 16:35:12,320 | SisterClient |    ⚠️ Tentativo [2/2] fallito (Codice errato). Sister ha rigenerato l'immagine.
ERROR    | 2026-06-29 16:35:12,321 | SisterClient |    ❌ Falliti 2 tentativi di codice consecutivi per la particella 138.
ERROR    | 2026-06-29 16:35:13,197 | Orchestrator | Anomalia riscontrata sul record: Codice di sicurezza errato per 2 volte consecutive. Record saltato.
INFO     | 2026-06-29 16:35:13,207 | SisterClient | 🔄 Avvio della procedura di ritorno alla maschera principale...
INFO     | 2026-06-29 16:35:13,239 | SisterClient | ✅ Maschera principale agganciata con successo. Pronto per il prossimo job.
INFO     | 2026-06-29 16:35:13,240 | Orchestrator |    ⏳ Pausa mimetica: attendo 7.80 secondi prima del prossimo record...
INFO     | 2026-06-29 16:35:21,064 | Orchestrator | [67/167] Elaborazione chiave: ROSIGNANO MARITTIMO_98_139_NCT
INFO     | 2026-06-29 16:35:21,069 | SisterClient |    🎯 Form individuato nel Frame [0] (Tentativo radar 1/5). Verifica e iniezione dati...
INFO     | 2026-06-29 16:35:21,117 | SisterClient |    -> Comune 'ROSIGNANO MARITTIMO' già agganciato. Salto la selezione del dropdown.
INFO     | 2026-06-29 16:35:24,585 | SisterClient | 🤖 [GPT VISION] Codice analizzato per ROSIGNANO MARITTIMO FG 98 PART 139 -> Tentativo: 'cumerma'
WARNING  | 2026-06-29 16:35:25,787 | SisterClient |    ⚠️ Tentativo [1/2] fallito (Codice errato). Sister ha rigenerato l'immagine.
INFO     | 2026-06-29 16:35:27,668 | SisterClient | 🤖 [GPT VISION] Codice analizzato per ROSIGNANO MARITTIMO FG 98 PART 139 -> Tentativo: 'duttani'
INFO     | 2026-06-29 16:35:28,839 | SisterClient |    ✅ Codice accettato o bypassato con successo al tentativo [2/2]!
INFO     | 2026-06-29 16:35:28,841 | CacheManager | Intercettazione del download per la visura: ROSIGNANO MARITTIMO_98_139_NCT
INFO     | 2026-06-29 16:35:33,150 | Orchestrator | Visura scaricata ed inserita in cache.
INFO     | 2026-06-29 16:35:33,150 | SisterClient | 🔄 Avvio della procedura di ritorno alla maschera principale...
INFO     | 2026-06-29 16:35:33,190 | SisterClient |    -> [Passo 1] Clic su bottone 'Indietro' strutturale.
INFO     | 2026-06-29 16:35:35,457 | SisterClient |    -> [Passo 2] Clic su bottone 'Indietro' strutturale.
INFO     | 2026-06-29 16:35:37,767 | SisterClient | ✅ Maschera principale agganciata con successo. Pronto per il prossimo job.
INFO     | 2026-06-29 16:35:37,767 | Orchestrator |    ⏳ Pausa mimetica: attendo 2.23 secondi prima del prossimo record...
INFO     | 2026-06-29 16:35:40,012 | Orchestrator | [68/167] Elaborazione chiave: ROSIGNANO MARITTIMO_98_154_NCT
INFO     | 2026-06-29 16:35:40,019 | SisterClient |    🎯 Form individuato nel Frame [0] (Tentativo radar 1/5). Verifica e iniezione dati...
INFO     | 2026-06-29 16:35:40,062 | SisterClient |    -> Comune 'ROSIGNANO MARITTIMO' già agganciato. Salto la selezione del dropdown.
INFO     | 2026-06-29 16:35:43,586 | SisterClient | 🤖 [GPT VISION] Codice analizzato per ROSIGNANO MARITTIMO FG 98 PART 154 -> Tentativo: 'pidonatu'
INFO     | 2026-06-29 16:35:44,729 | SisterClient |    ✅ Codice accettato o bypassato con successo al tentativo [1/2]!
INFO     | 2026-06-29 16:35:44,730 | CacheManager | Intercettazione del download per la visura: ROSIGNANO MARITTIMO_98_154_NCT
INFO     | 2026-06-29 16:35:48,637 | Orchestrator | Visura scaricata ed inserita in cache.
INFO     | 2026-06-29 16:35:48,638 | SisterClient | 🔄 Avvio della procedura di ritorno alla maschera principale...
INFO     | 2026-06-29 16:35:48,692 | SisterClient |    -> [Passo 1] Clic su bottone 'Indietro' strutturale.
INFO     | 2026-06-29 16:35:50,986 | SisterClient |    -> [Passo 2] Clic su bottone 'Indietro' strutturale.
INFO     | 2026-06-29 16:35:53,279 | SisterClient | ✅ Maschera principale agganciata con successo. Pronto per il prossimo job.
INFO     | 2026-06-29 16:35:53,280 | Orchestrator |    ⏳ Pausa mimetica: attendo 4.49 secondi prima del prossimo record...
INFO     | 2026-06-29 16:35:57,788 | Orchestrator | [69/167] Elaborazione chiave: ROSIGNANO MARITTIMO_98_155_NCT
INFO     | 2026-06-29 16:35:57,793 | SisterClient |    🎯 Form individuato nel Frame [0] (Tentativo radar 1/5). Verifica e iniezione dati...
INFO     | 2026-06-29 16:35:57,834 | SisterClient |    -> Comune 'ROSIGNANO MARITTIMO' già agganciato. Salto la selezione del dropdown.
INFO     | 2026-06-29 16:36:01,221 | SisterClient | 🤖 [GPT VISION] Codice analizzato per ROSIGNANO MARITTIMO FG 98 PART 155 -> Tentativo: 'buviolui'
INFO     | 2026-06-29 16:36:02,412 | SisterClient |    ✅ Codice accettato o bypassato con successo al tentativo [1/2]!
INFO     | 2026-06-29 16:36:02,413 | CacheManager | Intercettazione del download per la visura: ROSIGNANO MARITTIMO_98_155_NCT
INFO     | 2026-06-29 16:36:06,321 | Orchestrator | Visura scaricata ed inserita in cache.
INFO     | 2026-06-29 16:36:06,322 | SisterClient | 🔄 Avvio della procedura di ritorno alla maschera principale...
INFO     | 2026-06-29 16:36:06,361 | SisterClient |    -> [Passo 1] Clic su bottone 'Indietro' strutturale.
INFO     | 2026-06-29 16:36:08,607 | SisterClient |    -> [Passo 2] Clic su bottone 'Indietro' strutturale.
INFO     | 2026-06-29 16:36:10,895 | SisterClient | ✅ Maschera principale agganciata con successo. Pronto per il prossimo job.
INFO     | 2026-06-29 16:36:10,895 | Orchestrator |    ⏳ Pausa mimetica: attendo 3.97 secondi prima del prossimo record...
INFO     | 2026-06-29 16:36:14,880 | Orchestrator | [70/167] Elaborazione chiave: ROSIGNANO MARITTIMO_98_44_NCF
INFO     | 2026-06-29 16:36:14,887 | SisterClient |    🎯 Form individuato nel Frame [0] (Tentativo radar 1/5). Verifica e iniezione dati...
INFO     | 2026-06-29 16:36:15,971 | SisterClient |    -> Comune 'ROSIGNANO MARITTIMO' già agganciato. Salto la selezione del dropdown.
INFO     | 2026-06-29 16:36:17,558 | SisterClient |    🚀 [MASTER BYPASS] Pagina senza captcha rilevata! Applico un'esitazione dinamica di sicurezza...
INFO     | 2026-06-29 16:36:20,078 | SisterClient |    ✅ Codice accettato o bypassato con successo al tentativo [1/2]!
INFO     | 2026-06-29 16:36:20,078 | CacheManager | Intercettazione del download per la visura: ROSIGNANO MARITTIMO_98_44_NCF
INFO     | 2026-06-29 16:36:23,980 | Orchestrator | Visura scaricata ed inserita in cache.
INFO     | 2026-06-29 16:36:23,981 | SisterClient | 🔄 Avvio della procedura di ritorno alla maschera principale...
INFO     | 2026-06-29 16:36:24,019 | SisterClient |    -> [Passo 1] Clic su bottone 'Indietro' strutturale.
INFO     | 2026-06-29 16:36:26,332 | SisterClient |    -> [Passo 2] Clic su bottone 'Indietro' strutturale.
INFO     | 2026-06-29 16:36:28,633 | SisterClient | ✅ Maschera principale agganciata con successo. Pronto per il prossimo job.
INFO     | 2026-06-29 16:36:28,634 | Orchestrator |    ⏳ Pausa mimetica: attendo 6.19 secondi prima del prossimo record...
INFO     | 2026-06-29 16:36:34,846 | Orchestrator | [71/167] Elaborazione chiave: ROSIGNANO MARITTIMO_98_153_NCT
INFO     | 2026-06-29 16:36:34,846 | Orchestrator |    -> Job già  presente in cache (Skip).
INFO     | 2026-06-29 16:36:34,858 | Orchestrator | [72/167] Elaborazione chiave: ROSIGNANO MARITTIMO_98_8_AA_NCT
INFO     | 2026-06-29 16:36:34,868 | SisterClient |    🎯 Form individuato nel Frame [0] (Tentativo radar 1/5). Verifica e iniezione dati...
INFO     | 2026-06-29 16:36:35,933 | SisterClient |    -> Comune 'ROSIGNANO MARITTIMO' già agganciato. Salto la selezione del dropdown.
INFO     | 2026-06-29 16:36:39,825 | SisterClient | 🤖 [GPT VISION] Codice analizzato per ROSIGNANO MARITTIMO FG 98 PART 8 -> Tentativo: 'chiesuna'
INFO     | 2026-06-29 16:36:40,980 | SisterClient |    ✅ Codice accettato o bypassato con successo al tentativo [1/2]!
INFO     | 2026-06-29 16:36:40,981 | CacheManager | Intercettazione del download per la visura: ROSIGNANO MARITTIMO_98_8_AA_NCT
INFO     | 2026-06-29 16:36:45,258 | Orchestrator | Visura scaricata ed inserita in cache.
INFO     | 2026-06-29 16:36:45,263 | SisterClient | 🔄 Avvio della procedura di ritorno alla maschera principale...
INFO     | 2026-06-29 16:36:45,314 | SisterClient |    -> [Passo 1] Clic su bottone 'Indietro' strutturale.
INFO     | 2026-06-29 16:36:47,588 | SisterClient |    -> [Passo 2] Clic su bottone 'Indietro' strutturale.
INFO     | 2026-06-29 16:36:49,872 | SisterClient | ✅ Maschera principale agganciata con successo. Pronto per il prossimo job.
INFO     | 2026-06-29 16:36:49,873 | Orchestrator |    ⏳ Pausa mimetica: attendo 4.79 secondi prima del prossimo record...
INFO     | 2026-06-29 16:36:54,669 | Orchestrator | [73/167] Elaborazione chiave: ROSIGNANO MARITTIMO_98_8_AB_NCT
INFO     | 2026-06-29 16:36:54,675 | SisterClient |    🎯 Form individuato nel Frame [0] (Tentativo radar 1/5). Verifica e iniezione dati...
INFO     | 2026-06-29 16:36:54,720 | SisterClient |    -> Comune 'ROSIGNANO MARITTIMO' già agganciato. Salto la selezione del dropdown.
INFO     | 2026-06-29 16:36:57,982 | SisterClient | 🤖 [GPT VISION] Codice analizzato per ROSIGNANO MARITTIMO FG 98 PART 8 -> Tentativo: 'lesulpa'
INFO     | 2026-06-29 16:36:59,290 | SisterClient |    ✅ Codice accettato o bypassato con successo al tentativo [1/2]!
INFO     | 2026-06-29 16:36:59,291 | CacheManager | Intercettazione del download per la visura: ROSIGNANO MARITTIMO_98_8_AB_NCT
INFO     | 2026-06-29 16:37:03,671 | Orchestrator | Visura scaricata ed inserita in cache.
INFO     | 2026-06-29 16:37:03,672 | SisterClient | 🔄 Avvio della procedura di ritorno alla maschera principale...
INFO     | 2026-06-29 16:37:03,720 | SisterClient |    -> [Passo 1] Clic su bottone 'Indietro' strutturale.
INFO     | 2026-06-29 16:37:05,995 | SisterClient |    -> [Passo 2] Clic su bottone 'Indietro' strutturale.
INFO     | 2026-06-29 16:37:08,504 | SisterClient | ✅ Maschera principale agganciata con successo. Pronto per il prossimo job.
INFO     | 2026-06-29 16:37:08,505 | Orchestrator |    ⏳ Pausa mimetica: attendo 6.12 secondi prima del prossimo record...
INFO     | 2026-06-29 16:37:14,642 | Orchestrator | [74/167] Elaborazione chiave: ROSIGNANO MARITTIMO_98_40_NCT
INFO     | 2026-06-29 16:37:14,664 | SisterClient |    🎯 Form individuato nel Frame [0] (Tentativo radar 1/5). Verifica e iniezione dati...
INFO     | 2026-06-29 16:37:14,822 | SisterClient |    -> Comune 'ROSIGNANO MARITTIMO' già agganciato. Salto la selezione del dropdown.
INFO     | 2026-06-29 16:37:39,446 | SisterClient | 🤖 [GPT VISION] Codice analizzato per ROSIGNANO MARITTIMO FG 98 PART 40 -> Tentativo: 'qovaglea'
ERROR    | 2026-06-29 16:37:40,726 | Orchestrator | Anomalia riscontrata sul record: Il server di Sister ha risposto con Errore 500 (NullPointerException). Richiesto Hard Reset.
INFO     | 2026-06-29 16:37:40,763 | SisterClient | 🔄 Avvio della procedura di ritorno alla maschera principale...
WARNING  | 2026-06-29 16:37:40,815 | SisterClient |    -> [Passo 1] Nessun bottone rilevato (schermata di errore). Eseguo go_back() nativo...
INFO     | 2026-06-29 16:37:43,577 | SisterClient |    -> [Passo 2] Clic su bottone 'Indietro' strutturale.
WARNING  | 2026-06-29 16:37:46,047 | SisterClient |    -> [Passo 3] Nessun bottone rilevato (schermata di errore). Eseguo go_back() nativo...
INFO     | 2026-06-29 16:37:48,378 | SisterClient |    -> [Passo 4] Clic su bottone 'Indietro' strutturale.
WARNING  | 2026-06-29 16:37:50,809 | SisterClient |    -> [Passo 5] Nessun bottone rilevato (schermata di errore). Eseguo go_back() nativo...
WARNING  | 2026-06-29 16:37:52,978 | SisterClient |    🚨 Navigazione a ritroso fallita dopo 5 tentativi. Tento ricaricamento radice strutturale...
INFO     | 2026-06-29 16:37:52,980 | SisterClient |    -> Reset transazione server: vado alla radice dei servizi...
INFO     | 2026-06-29 16:37:55,385 | SisterClient |    -> Rigenerazione maschera pulita: vado a https://sister3.agenziaentrate.gov.it/Visure/SceltaLink.do?lista=IMM&codUfficio=LI
ERROR    | 2026-06-29 16:37:58,832 | Orchestrator | Impossibile ripristinare il modulo: Browser de-sincronizzato: forzato ricaricamento radice d'emergenza per resettare lo stato applicativo.
INFO     | 2026-06-29 16:37:58,834 | Orchestrator |    ⏳ Pausa mimetica: attendo 3.25 secondi prima del prossimo record...
INFO     | 2026-06-29 16:38:02,101 | Orchestrator | [75/167] Elaborazione chiave: ROSIGNANO MARITTIMO_98_161_NCT
INFO     | 2026-06-29 16:38:02,106 | Orchestrator |    -> Job già  presente in cache (Skip).
INFO     | 2026-06-29 16:38:02,108 | Orchestrator | [76/167] Elaborazione chiave: ROSIGNANO MARITTIMO_98_162_NCT
ERROR    | 2026-06-29 16:38:07,203 | Orchestrator | Anomalia riscontrata sul record: Impossibile agganciare la maschera nei frame per l'iniezione dei parametri (Timeout rendering struttura).
INFO     | 2026-06-29 16:38:07,206 | SisterClient | 🔄 Avvio della procedura di ritorno alla maschera principale...
WARNING  | 2026-06-29 16:38:07,216 | SisterClient |    -> [Passo 1] Nessun bottone rilevato (schermata di errore). Eseguo go_back() nativo...
WARNING  | 2026-06-29 16:38:09,790 | SisterClient |    -> [Passo 2] Nessun bottone rilevato (schermata di errore). Eseguo go_back() nativo...
INFO     | 2026-06-29 16:38:12,024 | SisterClient |    -> [Passo 3] Clic su bottone 'Indietro' strutturale.
WARNING  | 2026-06-29 16:38:14,545 | SisterClient |    -> [Passo 4] Nessun bottone rilevato (schermata di errore). Eseguo go_back() nativo...
INFO     | 2026-06-29 16:38:16,766 | SisterClient |    -> [Passo 5] Clic su bottone 'Indietro' strutturale.
WARNING  | 2026-06-29 16:38:19,161 | SisterClient |    🚨 Navigazione a ritroso fallita dopo 5 tentativi. Tento ricaricamento radice strutturale...
INFO     | 2026-06-29 16:38:19,163 | SisterClient |    -> Reset transazione server: vado alla radice dei servizi...
INFO     | 2026-06-29 16:38:21,494 | SisterClient |    -> Rigenerazione maschera pulita: vado a https://sister3.agenziaentrate.gov.it/Visure/SceltaLink.do?lista=IMM&codUfficio=LI
ERROR    | 2026-06-29 16:38:24,663 | Orchestrator | Impossibile ripristinare il modulo: Browser de-sincronizzato: forzato ricaricamento radice d'emergenza per resettare lo stato applicativo.
INFO     | 2026-06-29 16:38:24,664 | Orchestrator |    ⏳ Pausa mimetica: attendo 6.92 secondi prima del prossimo record...
INFO     | 2026-06-29 16:38:31,608 | Orchestrator | [77/167] Elaborazione chiave: ROSIGNANO MARITTIMO_98_163_NCT
INFO     | 2026-06-29 16:38:31,610 | Orchestrator |    -> Job già  presente in cache (Skip).
INFO     | 2026-06-29 16:38:31,613 | Orchestrator | [78/167] Elaborazione chiave: ROSIGNANO MARITTIMO_98_46_NCF
ERROR    | 2026-06-29 16:38:36,705 | Orchestrator | Anomalia riscontrata sul record: Impossibile agganciare la maschera nei frame per l'iniezione dei parametri (Timeout rendering struttura).
INFO     | 2026-06-29 16:38:36,710 | SisterClient | 🔄 Avvio della procedura di ritorno alla maschera principale...
WARNING  | 2026-06-29 16:38:36,720 | SisterClient |    -> [Passo 1] Nessun bottone rilevato (schermata di errore). Eseguo go_back() nativo...
WARNING  | 2026-06-29 16:38:38,928 | SisterClient |    -> [Passo 2] Nessun bottone rilevato (schermata di errore). Eseguo go_back() nativo...
WARNING  | 2026-06-29 16:38:41,062 | SisterClient |    -> [Passo 3] Nessun bottone rilevato (schermata di errore). Eseguo go_back() nativo...
INFO     | 2026-06-29 16:38:43,357 | SisterClient |    -> [Passo 4] Clic su bottone 'Indietro' strutturale.
WARNING  | 2026-06-29 16:38:46,705 | SisterClient |    -> [Passo 5] Nessun bottone rilevato (schermata di errore). Eseguo go_back() nativo...
WARNING  | 2026-06-29 16:38:49,065 | SisterClient |    🚨 Navigazione a ritroso fallita dopo 5 tentativi. Tento ricaricamento radice strutturale...
INFO     | 2026-06-29 16:38:49,067 | SisterClient |    -> Reset transazione server: vado alla radice dei servizi...
INFO     | 2026-06-29 16:38:51,368 | SisterClient |    -> Rigenerazione maschera pulita: vado a https://sister3.agenziaentrate.gov.it/Visure/SceltaLink.do?lista=IMM&codUfficio=LI
ERROR    | 2026-06-29 16:38:54,684 | Orchestrator | Impossibile ripristinare il modulo: Browser de-sincronizzato: forzato ricaricamento radice d'emergenza per resettare lo stato applicativo.
INFO     | 2026-06-29 16:38:54,685 | Orchestrator |    ⏳ Pausa mimetica: attendo 2.62 secondi prima del prossimo record...
CRITICAL | 2026-06-29 16:38:57,050 | Orchestrator | Automazione interrotta o completata prematuramente: Page.wait_for_timeout: Target page, context or browser has been closed
INFO     | 2026-06-29 16:38:57,054 | Orchestrator | === [FASE 3] FINALIZZAZIONE OUTPUT E REPORTING ===
INFO     | 2026-06-29 16:38:57,060 | FolderBuilder | Avvio smistamento strutturato delle visure secondo il layout dinamico del cliente...
DEBUG    | 2026-06-29 16:38:57,085 | FolderBuilder | Smistato strutturato: LI-ROSIGNANO MARITTIMO-81-1145.pdf -> Campo FV 13
DEBUG    | 2026-06-29 16:38:57,089 | FolderBuilder | Smistato strutturato: LI-ROSIGNANO MARITTIMO-81-1145.pdf -> Campo FV 13\opere di invarianza idraulica
DEBUG    | 2026-06-29 16:38:57,094 | FolderBuilder | Smistato strutturato: LI-ROSIGNANO MARITTIMO-81-1148.pdf -> Campo FV 13
DEBUG    | 2026-06-29 16:38:57,097 | FolderBuilder | Smistato strutturato: LI-ROSIGNANO MARITTIMO-81-1148.pdf -> Campo FV 13\opere di invarianza idraulica
DEBUG    | 2026-06-29 16:38:57,102 | FolderBuilder | Smistato strutturato: LI-ROSIGNANO MARITTIMO-81-259-AA.pdf -> Campo FV 13
DEBUG    | 2026-06-29 16:38:57,105 | FolderBuilder | Smistato strutturato: LI-ROSIGNANO MARITTIMO-81-259-AB.pdf -> Campo FV 13
DEBUG    | 2026-06-29 16:38:57,111 | FolderBuilder | Smistato strutturato: LI-ROSIGNANO MARITTIMO-81-262.pdf -> Campo FV 13
DEBUG    | 2026-06-29 16:38:57,114 | FolderBuilder | Smistato strutturato: LI-ROSIGNANO MARITTIMO-81-262.pdf -> Campo FV 13\opere di invarianza idraulica
DEBUG    | 2026-06-29 16:38:57,117 | FolderBuilder | Smistato strutturato: LI-ROSIGNANO MARITTIMO-81-1151.pdf -> Campo FV 13
DEBUG    | 2026-06-29 16:38:57,121 | FolderBuilder | Smistato strutturato: LI-ROSIGNANO MARITTIMO-81-1154.pdf -> Campo FV 13
DEBUG    | 2026-06-29 16:38:57,125 | FolderBuilder | Smistato strutturato: LI-ROSIGNANO MARITTIMO-81-1157.pdf -> Campo FV 13
DEBUG    | 2026-06-29 16:38:57,128 | FolderBuilder | Smistato strutturato: LI-ROSIGNANO MARITTIMO-81-1157.pdf -> Campo FV 13\opere accessorie di invarianza idraulica
DEBUG    | 2026-06-29 16:38:57,132 | FolderBuilder | Smistato strutturato: LI-ROSIGNANO MARITTIMO-81-1157.pdf -> Campo FV 13\cabine
DEBUG    | 2026-06-29 16:38:57,136 | FolderBuilder | Smistato strutturato: LI-ROSIGNANO MARITTIMO-81-1157.pdf -> Campo FV 13\opere di invarianza idraulica
DEBUG    | 2026-06-29 16:38:57,140 | FolderBuilder | Smistato strutturato: LI-ROSIGNANO MARITTIMO-81-1157.pdf -> Campo FV 13\cancelli ingresso
DEBUG    | 2026-06-29 16:38:57,143 | FolderBuilder | Smistato strutturato: LI-ROSIGNANO MARITTIMO-81-1157.pdf -> Campo FV 13\strade accesso esistenti
DEBUG    | 2026-06-29 16:38:57,147 | FolderBuilder | Smistato strutturato: LI-ROSIGNANO MARITTIMO-81-1160.pdf -> Campo FV 13
DEBUG    | 2026-06-29 16:38:57,150 | FolderBuilder | Smistato strutturato: LI-ROSIGNANO MARITTIMO-81-1160.pdf -> Campo FV 13\opere accessorie di invarianza idraulica
DEBUG    | 2026-06-29 16:38:57,153 | FolderBuilder | Smistato strutturato: LI-ROSIGNANO MARITTIMO-81-1160.pdf -> Campo FV 13\opere di invarianza idraulica
DEBUG    | 2026-06-29 16:38:57,156 | FolderBuilder | Smistato strutturato: LI-ROSIGNANO MARITTIMO-81-1160.pdf -> Campo FV 13\cancelli ingresso
DEBUG    | 2026-06-29 16:38:57,158 | FolderBuilder | Smistato strutturato: LI-ROSIGNANO MARITTIMO-81-1160.pdf -> Campo FV 13\strade accesso esistenti
DEBUG    | 2026-06-29 16:38:57,161 | FolderBuilder | Smistato strutturato: LI-ROSIGNANO MARITTIMO-81-1160.pdf -> Campo FV 13\stradelle in progetto esterne impianto
DEBUG    | 2026-06-29 16:38:57,164 | FolderBuilder | Smistato strutturato: LI-ROSIGNANO MARITTIMO-81-1165.pdf -> Campo FV 13
DEBUG    | 2026-06-29 16:38:57,167 | FolderBuilder | Smistato strutturato: LI-ROSIGNANO MARITTIMO-81-1165.pdf -> Campo FV 13\opere accessorie di invarianza idraulica
DEBUG    | 2026-06-29 16:38:57,170 | FolderBuilder | Smistato strutturato: LI-ROSIGNANO MARITTIMO-81-1165.pdf -> Campo FV 13\strade accesso esistenti
DEBUG    | 2026-06-29 16:38:57,172 | FolderBuilder | Smistato strutturato: LI-ROSIGNANO MARITTIMO-81-1165.pdf -> Campo FV 13\opere di invarianza idraulica
DEBUG    | 2026-06-29 16:38:57,179 | FolderBuilder | Smistato strutturato: LI-ROSIGNANO MARITTIMO-86-717.pdf -> Campo FV 14
DEBUG    | 2026-06-29 16:38:57,183 | FolderBuilder | Smistato strutturato: LI-ROSIGNANO MARITTIMO-86-709.pdf -> Campo FV 14
DEBUG    | 2026-06-29 16:38:57,187 | FolderBuilder | Smistato strutturato: LI-ROSIGNANO MARITTIMO-86-706.pdf -> Campo FV 14
DEBUG    | 2026-06-29 16:38:57,191 | FolderBuilder | Smistato strutturato: LI-ROSIGNANO MARITTIMO-86-799.pdf -> Campo FV 14
DEBUG    | 2026-06-29 16:38:57,196 | FolderBuilder | Smistato strutturato: LI-ROSIGNANO MARITTIMO-86-799.pdf -> Campo FV 14\strade accesso esistenti
DEBUG    | 2026-06-29 16:38:57,200 | FolderBuilder | Smistato strutturato: LI-ROSIGNANO MARITTIMO-86-714.pdf -> Campo FV 14
DEBUG    | 2026-06-29 16:38:57,203 | FolderBuilder | Smistato strutturato: LI-ROSIGNANO MARITTIMO-86-712.pdf -> Campo FV 14
DEBUG    | 2026-06-29 16:38:57,206 | FolderBuilder | Smistato strutturato: LI-ROSIGNANO MARITTIMO-86-712.pdf -> Campo FV 14\opere accessorie di invarianza idraulica
DEBUG    | 2026-06-29 16:38:57,210 | FolderBuilder | Smistato strutturato: LI-ROSIGNANO MARITTIMO-86-712.pdf -> Campo FV 14\strade accesso esistenti
DEBUG    | 2026-06-29 16:38:57,213 | FolderBuilder | Smistato strutturato: LI-ROSIGNANO MARITTIMO-86-712.pdf -> Campo FV 14\opere di invarianza idraulica
DEBUG    | 2026-06-29 16:38:57,218 | FolderBuilder | Smistato strutturato: LI-ROSIGNANO MARITTIMO-86-713.pdf -> Campo FV 14
DEBUG    | 2026-06-29 16:38:57,220 | FolderBuilder | Smistato strutturato: LI-ROSIGNANO MARITTIMO-86-713.pdf -> Campo FV 14\opere accessorie di invarianza idraulica
DEBUG    | 2026-06-29 16:38:57,222 | FolderBuilder | Smistato strutturato: LI-ROSIGNANO MARITTIMO-86-713.pdf -> Campo FV 14\strade accesso esistenti
DEBUG    | 2026-06-29 16:38:57,225 | FolderBuilder | Smistato strutturato: LI-ROSIGNANO MARITTIMO-86-713.pdf -> Campo FV 14\opere di invarianza idraulica
DEBUG    | 2026-06-29 16:38:57,228 | FolderBuilder | Smistato strutturato: LI-ROSIGNANO MARITTIMO-86-707.pdf -> Campo FV 14
DEBUG    | 2026-06-29 16:38:57,230 | FolderBuilder | Smistato strutturato: LI-ROSIGNANO MARITTIMO-86-707.pdf -> Campo FV 14\opere di invarianza idraulica
DEBUG    | 2026-06-29 16:38:57,234 | FolderBuilder | Smistato strutturato: LI-ROSIGNANO MARITTIMO-86-710-AA.pdf -> Campo FV 14
DEBUG    | 2026-06-29 16:38:57,237 | FolderBuilder | Smistato strutturato: LI-ROSIGNANO MARITTIMO-86-710-AA.pdf -> Campo FV 14\opere di invarianza idraulica
DEBUG    | 2026-06-29 16:38:57,240 | FolderBuilder | Smistato strutturato: LI-ROSIGNANO MARITTIMO-86-710-AB.pdf -> Campo FV 14
DEBUG    | 2026-06-29 16:38:57,243 | FolderBuilder | Smistato strutturato: LI-ROSIGNANO MARITTIMO-86-710-AB.pdf -> Campo FV 14\opere di invarianza idraulica
WARNING  | 2026-06-29 16:38:57,243 | FolderBuilder | File PDF non trovato in cache per la chiave: ROSIGNANO MARITTIMO_86_796_NCT (Impossibile smistare)
DEBUG    | 2026-06-29 16:38:57,247 | FolderBuilder | Smistato strutturato: LI-ROSIGNANO MARITTIMO-86-782.pdf -> Campo FV 14
DEBUG    | 2026-06-29 16:38:57,250 | FolderBuilder | Smistato strutturato: LI-ROSIGNANO MARITTIMO-86-782.pdf -> Campo FV 14\opere di invarianza idraulica
DEBUG    | 2026-06-29 16:38:57,254 | FolderBuilder | Smistato strutturato: LI-ROSIGNANO MARITTIMO-86-59.pdf -> Campo FV 14
DEBUG    | 2026-06-29 16:38:57,258 | FolderBuilder | Smistato strutturato: LI-ROSIGNANO MARITTIMO-86-59.pdf -> Campo FV 14\opere di invarianza idraulica
DEBUG    | 2026-06-29 16:38:57,263 | FolderBuilder | Smistato strutturato: LI-ROSIGNANO MARITTIMO-86-720.pdf -> Campo FV 14
DEBUG    | 2026-06-29 16:38:57,268 | FolderBuilder | Smistato strutturato: LI-ROSIGNANO MARITTIMO-86-722.pdf -> Campo FV 14
DEBUG    | 2026-06-29 16:38:57,270 | FolderBuilder | Smistato strutturato: LI-ROSIGNANO MARITTIMO-86-722.pdf -> Campo FV 14\opere accessorie di invarianza idraulica
DEBUG    | 2026-06-29 16:38:57,273 | FolderBuilder | Smistato strutturato: LI-ROSIGNANO MARITTIMO-86-722.pdf -> Campo FV 14\cabine
DEBUG    | 2026-06-29 16:38:57,277 | FolderBuilder | Smistato strutturato: LI-ROSIGNANO MARITTIMO-86-722.pdf -> Campo FV 14\opere di invarianza idraulica
DEBUG    | 2026-06-29 16:38:57,281 | FolderBuilder | Smistato strutturato: LI-ROSIGNANO MARITTIMO-86-722.pdf -> Campo FV 14\cancelli ingresso
DEBUG    | 2026-06-29 16:38:57,283 | FolderBuilder | Smistato strutturato: LI-ROSIGNANO MARITTIMO-86-722.pdf -> Campo FV 14\strade accesso esistenti
DEBUG    | 2026-06-29 16:38:57,286 | FolderBuilder | Smistato strutturato: LI-ROSIGNANO MARITTIMO-86-722.pdf -> Campo FV 14\stradelle in progetto esterne impianto
DEBUG    | 2026-06-29 16:38:57,289 | FolderBuilder | Smistato strutturato: LI-ROSIGNANO MARITTIMO-86-723.pdf -> Campo FV 14
DEBUG    | 2026-06-29 16:38:57,292 | FolderBuilder | Smistato strutturato: LI-ROSIGNANO MARITTIMO-86-723.pdf -> Campo FV 14\opere di invarianza idraulica
DEBUG    | 2026-06-29 16:38:57,296 | FolderBuilder | Smistato strutturato: LI-ROSIGNANO MARITTIMO-86-719.pdf -> Campo FV 14
DEBUG    | 2026-06-29 16:38:57,299 | FolderBuilder | Smistato strutturato: LI-ROSIGNANO MARITTIMO-86-719.pdf -> Campo FV 14\opere di invarianza idraulica
DEBUG    | 2026-06-29 16:38:57,303 | FolderBuilder | Smistato strutturato: LI-ROSIGNANO MARITTIMO-86-124.pdf -> Campo FV 14
DEBUG    | 2026-06-29 16:38:57,306 | FolderBuilder | Smistato strutturato: LI-ROSIGNANO MARITTIMO-86-124.pdf -> Campo FV 14\opere di invarianza idraulica
DEBUG    | 2026-06-29 16:38:57,316 | FolderBuilder | Smistato strutturato: LI-ROSIGNANO MARITTIMO-86-68.pdf -> Campo FV 14
DEBUG    | 2026-06-29 16:38:57,323 | FolderBuilder | Smistato strutturato: LI-ROSIGNANO MARITTIMO-86-68.pdf -> Campo FV 14\cabine
DEBUG    | 2026-06-29 16:38:57,325 | FolderBuilder | Smistato strutturato: LI-ROSIGNANO MARITTIMO-86-68.pdf -> Campo FV 14\opere di invarianza idraulica
DEBUG    | 2026-06-29 16:38:57,346 | FolderBuilder | Smistato strutturato: LI-ROSIGNANO MARITTIMO-86-87.pdf -> Campo FV 14
DEBUG    | 2026-06-29 16:38:57,349 | FolderBuilder | Smistato strutturato: LI-ROSIGNANO MARITTIMO-86-87.pdf -> Campo FV 14\opere accessorie di invarianza idraulica
DEBUG    | 2026-06-29 16:38:57,352 | FolderBuilder | Smistato strutturato: LI-ROSIGNANO MARITTIMO-86-87.pdf -> Campo FV 14\opere di invarianza idraulica
DEBUG    | 2026-06-29 16:38:57,356 | FolderBuilder | Smistato strutturato: LI-ROSIGNANO MARITTIMO-86-87.pdf -> Campo FV 14\cancelli ingresso
DEBUG    | 2026-06-29 16:38:57,358 | FolderBuilder | Smistato strutturato: LI-ROSIGNANO MARITTIMO-86-87.pdf -> Campo FV 14\strade accesso esistenti
DEBUG    | 2026-06-29 16:38:57,362 | FolderBuilder | Smistato strutturato: LI-ROSIGNANO MARITTIMO-86-86-AA.pdf -> Campo FV 14
DEBUG    | 2026-06-29 16:38:57,364 | FolderBuilder | Smistato strutturato: LI-ROSIGNANO MARITTIMO-86-86-AA.pdf -> Campo FV 14\opere di invarianza idraulica
DEBUG    | 2026-06-29 16:38:57,367 | FolderBuilder | Smistato strutturato: LI-ROSIGNANO MARITTIMO-86-86-AB.pdf -> Campo FV 14
DEBUG    | 2026-06-29 16:38:57,370 | FolderBuilder | Smistato strutturato: LI-ROSIGNANO MARITTIMO-86-86-AB.pdf -> Campo FV 14\opere di invarianza idraulica
DEBUG    | 2026-06-29 16:38:57,374 | FolderBuilder | Smistato strutturato: LI-ROSIGNANO MARITTIMO-86-765-601.pdf -> Campo FV 14
DEBUG    | 2026-06-29 16:38:57,379 | FolderBuilder | Smistato strutturato: LI-ROSIGNANO MARITTIMO-86-765-601.pdf -> Campo FV 14\opere di invarianza idraulica
WARNING  | 2026-06-29 16:38:57,379 | FolderBuilder | File PDF non trovato in cache per la chiave: ROSIGNANO MARITTIMO_86_606_AA_NCT (Impossibile smistare)
DEBUG    | 2026-06-29 16:38:57,387 | FolderBuilder | Smistato strutturato: LI-ROSIGNANO MARITTIMO-86-606-AB.pdf -> Campo FV 14
DEBUG    | 2026-06-29 16:38:57,390 | FolderBuilder | Smistato strutturato: LI-ROSIGNANO MARITTIMO-86-606-AB.pdf -> Campo FV 14\strade accesso esistenti
DEBUG    | 2026-06-29 16:38:57,394 | FolderBuilder | Smistato strutturato: LI-ROSIGNANO MARITTIMO-86-606-AB.pdf -> Campo FV 14\stradelle in progetto esterne impianto
DEBUG    | 2026-06-29 16:38:57,397 | FolderBuilder | Smistato strutturato: LI-ROSIGNANO MARITTIMO-86-606-AB.pdf -> Campo FV 14\opere di invarianza idraulica
DEBUG    | 2026-06-29 16:38:57,401 | FolderBuilder | Smistato strutturato: LI-ROSIGNANO MARITTIMO-90-62.pdf -> Campo FV 1
DEBUG    | 2026-06-29 16:38:57,404 | FolderBuilder | Smistato strutturato: LI-ROSIGNANO MARITTIMO-90-62.pdf -> Campo FV 1\opere di invarianza idraulica
DEBUG    | 2026-06-29 16:38:57,407 | FolderBuilder | Smistato strutturato: LI-ROSIGNANO MARITTIMO-90-62.pdf -> Campo FV 1\cancelli ingresso
DEBUG    | 2026-06-29 16:38:57,411 | FolderBuilder | Smistato strutturato: LI-ROSIGNANO MARITTIMO-90-62.pdf -> Campo FV 1\strade accesso esistenti
DEBUG    | 2026-06-29 16:38:57,414 | FolderBuilder | Smistato strutturato: LI-ROSIGNANO MARITTIMO-90-62.pdf -> Campo FV 1\stradelle in progetto esterne impianto
DEBUG    | 2026-06-29 16:38:57,418 | FolderBuilder | Smistato strutturato: LI-ROSIGNANO MARITTIMO-90-4-605.pdf -> Campo FV 1
DEBUG    | 2026-06-29 16:38:57,420 | FolderBuilder | Smistato strutturato: LI-ROSIGNANO MARITTIMO-90-4-605.pdf -> Campo FV 1\opere accessorie di invarianza idraulica
DEBUG    | 2026-06-29 16:38:57,422 | FolderBuilder | Smistato strutturato: LI-ROSIGNANO MARITTIMO-90-4-605.pdf -> Campo FV 1\strade accesso esistenti
DEBUG    | 2026-06-29 16:38:57,425 | FolderBuilder | Smistato strutturato: LI-ROSIGNANO MARITTIMO-90-4-605.pdf -> Campo FV 1\opere di invarianza idraulica
WARNING  | 2026-06-29 16:38:57,426 | FolderBuilder | File PDF non trovato in cache per la chiave: ROSIGNANO MARITTIMO_90_5_NCF (Impossibile smistare)
DEBUG    | 2026-06-29 16:38:57,430 | FolderBuilder | Smistato strutturato: LI-ROSIGNANO MARITTIMO-90-42.pdf -> Campo FV 1
DEBUG    | 2026-06-29 16:38:57,433 | FolderBuilder | Smistato strutturato: LI-ROSIGNANO MARITTIMO-90-63-610.pdf -> Campo FV 1
DEBUG    | 2026-06-29 16:38:57,438 | FolderBuilder | Smistato strutturato: LI-ROSIGNANO MARITTIMO-90-60.pdf -> Campo FV 1
DEBUG    | 2026-06-29 16:38:57,444 | FolderBuilder | Smistato strutturato: LI-ROSIGNANO MARITTIMO-90-9.pdf -> Campo FV 1
DEBUG    | 2026-06-29 16:38:57,448 | FolderBuilder | Smistato strutturato: LI-ROSIGNANO MARITTIMO-90-17.pdf -> Campo FV 1
DEBUG    | 2026-06-29 16:38:57,451 | FolderBuilder | Smistato strutturato: LI-ROSIGNANO MARITTIMO-90-17.pdf -> Campo FV 1\strade accesso esistenti
DEBUG    | 2026-06-29 16:38:57,453 | FolderBuilder | Smistato strutturato: LI-ROSIGNANO MARITTIMO-90-17.pdf -> Campo FV 1\stradelle in progetto esterne impianto
DEBUG    | 2026-06-29 16:38:57,457 | FolderBuilder | Smistato strutturato: LI-ROSIGNANO MARITTIMO-90-17.pdf -> Campo FV 1\cancelli ingresso
DEBUG    | 2026-06-29 16:38:57,461 | FolderBuilder | Smistato strutturato: LI-ROSIGNANO MARITTIMO-90-7.pdf -> Campo FV 1
DEBUG    | 2026-06-29 16:38:57,464 | FolderBuilder | Smistato strutturato: LI-ROSIGNANO MARITTIMO-90-59.pdf -> Campo FV 1
DEBUG    | 2026-06-29 16:38:57,467 | FolderBuilder | Smistato strutturato: LI-ROSIGNANO MARITTIMO-90-59.pdf -> Campo FV 1\opere di invarianza idraulica
DEBUG    | 2026-06-29 16:38:57,471 | FolderBuilder | Smistato strutturato: LI-ROSIGNANO MARITTIMO-90-47-602.pdf -> Campo FV 1
DEBUG    | 2026-06-29 16:38:57,474 | FolderBuilder | Smistato strutturato: LI-ROSIGNANO MARITTIMO-90-21.pdf -> Campo FV 1
DEBUG    | 2026-06-29 16:38:57,478 | FolderBuilder | Smistato strutturato: LI-ROSIGNANO MARITTIMO-90-22.pdf -> Campo FV 1
DEBUG    | 2026-06-29 16:38:57,480 | FolderBuilder | Smistato strutturato: LI-ROSIGNANO MARITTIMO-90-22.pdf -> Campo FV 1\cabine
DEBUG    | 2026-06-29 16:38:57,485 | FolderBuilder | Smistato strutturato: LI-ROSIGNANO MARITTIMO-90-11.pdf -> Campo FV 1
DEBUG    | 2026-06-29 16:38:57,488 | FolderBuilder | Smistato strutturato: LI-ROSIGNANO MARITTIMO-90-11.pdf -> Campo FV 1\opere accessorie di invarianza idraulica
DEBUG    | 2026-06-29 16:38:57,491 | FolderBuilder | Smistato strutturato: LI-ROSIGNANO MARITTIMO-90-11.pdf -> Campo FV 1\cabine
DEBUG    | 2026-06-29 16:38:57,493 | FolderBuilder | Smistato strutturato: LI-ROSIGNANO MARITTIMO-90-11.pdf -> Campo FV 1\opere di invarianza idraulica
DEBUG    | 2026-06-29 16:38:57,496 | FolderBuilder | Smistato strutturato: LI-ROSIGNANO MARITTIMO-90-11.pdf -> Campo FV 1\strade accesso esistenti
DEBUG    | 2026-06-29 16:38:57,500 | FolderBuilder | Smistato strutturato: LI-ROSIGNANO MARITTIMO-90-46-602.pdf -> Campo FV 1
DEBUG    | 2026-06-29 16:38:57,502 | FolderBuilder | Smistato strutturato: LI-ROSIGNANO MARITTIMO-90-46-602.pdf -> Campo FV 1\strade accesso esistenti
DEBUG    | 2026-06-29 16:38:57,505 | FolderBuilder | Smistato strutturato: LI-ROSIGNANO MARITTIMO-90-23.pdf -> Campo FV 1
DEBUG    | 2026-06-29 16:38:57,510 | FolderBuilder | Smistato strutturato: LI-ROSIGNANO MARITTIMO-90-23.pdf -> Campo FV 1\strade accesso esistenti
DEBUG    | 2026-06-29 16:38:57,515 | FolderBuilder | Smistato strutturato: LI-ROSIGNANO MARITTIMO-90-51.pdf -> Campo FV 17
DEBUG    | 2026-06-29 16:38:57,517 | FolderBuilder | Smistato strutturato: LI-ROSIGNANO MARITTIMO-90-51.pdf -> Campo FV 17\opere accessorie di invarianza idraulica
DEBUG    | 2026-06-29 16:38:57,520 | FolderBuilder | Smistato strutturato: LI-ROSIGNANO MARITTIMO-90-51.pdf -> Campo FV 17\cabine
DEBUG    | 2026-06-29 16:38:57,524 | FolderBuilder | Smistato strutturato: LI-ROSIGNANO MARITTIMO-90-51.pdf -> Campo FV 17\opere di invarianza idraulica
DEBUG    | 2026-06-29 16:38:57,527 | FolderBuilder | Smistato strutturato: LI-ROSIGNANO MARITTIMO-90-51.pdf -> Campo FV 17\cancelli ingresso
DEBUG    | 2026-06-29 16:38:57,530 | FolderBuilder | Smistato strutturato: LI-ROSIGNANO MARITTIMO-90-51.pdf -> Campo FV 17\strade accesso esistenti
DEBUG    | 2026-06-29 16:38:57,532 | FolderBuilder | Smistato strutturato: LI-ROSIGNANO MARITTIMO-90-51.pdf -> Campo FV 17\stradelle in progetto esterne impianto
DEBUG    | 2026-06-29 16:38:57,535 | FolderBuilder | Smistato strutturato: LI-ROSIGNANO MARITTIMO-90-13-AA.pdf -> Campo FV 17
DEBUG    | 2026-06-29 16:38:57,538 | FolderBuilder | Smistato strutturato: LI-ROSIGNANO MARITTIMO-90-13-AA.pdf -> Campo FV 17\opere accessorie di invarianza idraulica
DEBUG    | 2026-06-29 16:38:57,540 | FolderBuilder | Smistato strutturato: LI-ROSIGNANO MARITTIMO-90-13-AA.pdf -> Campo FV 17\strade accesso esistenti
DEBUG    | 2026-06-29 16:38:57,542 | FolderBuilder | Smistato strutturato: LI-ROSIGNANO MARITTIMO-90-13-AA.pdf -> Campo FV 17\opere di invarianza idraulica
DEBUG    | 2026-06-29 16:38:57,545 | FolderBuilder | Smistato strutturato: LI-ROSIGNANO MARITTIMO-90-13-AB.pdf -> Campo FV 17
DEBUG    | 2026-06-29 16:38:57,548 | FolderBuilder | Smistato strutturato: LI-ROSIGNANO MARITTIMO-90-13-AB.pdf -> Campo FV 17\opere accessorie di invarianza idraulica
DEBUG    | 2026-06-29 16:38:57,550 | FolderBuilder | Smistato strutturato: LI-ROSIGNANO MARITTIMO-90-13-AB.pdf -> Campo FV 17\strade accesso esistenti
DEBUG    | 2026-06-29 16:38:57,553 | FolderBuilder | Smistato strutturato: LI-ROSIGNANO MARITTIMO-90-13-AB.pdf -> Campo FV 17\opere di invarianza idraulica
DEBUG    | 2026-06-29 16:38:57,557 | FolderBuilder | Smistato strutturato: LI-ROSIGNANO MARITTIMO-92-5-AA.pdf -> Campo FV 2
DEBUG    | 2026-06-29 16:38:57,560 | FolderBuilder | Smistato strutturato: LI-ROSIGNANO MARITTIMO-92-5-AA.pdf -> Campo FV 2\opere accessorie di invarianza idraulica
DEBUG    | 2026-06-29 16:38:57,563 | FolderBuilder | Smistato strutturato: LI-ROSIGNANO MARITTIMO-92-5-AA.pdf -> Campo FV 2\strade accesso esistenti
DEBUG    | 2026-06-29 16:38:57,567 | FolderBuilder | Smistato strutturato: LI-ROSIGNANO MARITTIMO-92-5-AB.pdf -> Campo FV 2
DEBUG    | 2026-06-29 16:38:57,570 | FolderBuilder | Smistato strutturato: LI-ROSIGNANO MARITTIMO-92-5-AB.pdf -> Campo FV 2\opere accessorie di invarianza idraulica
DEBUG    | 2026-06-29 16:38:57,572 | FolderBuilder | Smistato strutturato: LI-ROSIGNANO MARITTIMO-92-5-AB.pdf -> Campo FV 2\strade accesso esistenti
WARNING  | 2026-06-29 16:38:57,572 | FolderBuilder | File PDF non trovato in cache per la chiave: ROSIGNANO MARITTIMO_92_6_NCT (Impossibile smistare)
DEBUG    | 2026-06-29 16:38:57,576 | FolderBuilder | Smistato strutturato: LI-ROSIGNANO MARITTIMO-92-10-AA.pdf -> Campo FV 2
DEBUG    | 2026-06-29 16:38:57,580 | FolderBuilder | Smistato strutturato: LI-ROSIGNANO MARITTIMO-92-10-AB.pdf -> Campo FV 2
DEBUG    | 2026-06-29 16:38:57,585 | FolderBuilder | Smistato strutturato: LI-ROSIGNANO MARITTIMO-92-9.pdf -> Campo FV 2
DEBUG    | 2026-06-29 16:38:57,588 | FolderBuilder | Smistato strutturato: LI-ROSIGNANO MARITTIMO-92-9.pdf -> Campo FV 2\opere di invarianza idraulica
DEBUG    | 2026-06-29 16:38:57,592 | FolderBuilder | Smistato strutturato: LI-ROSIGNANO MARITTIMO-92-44.pdf -> Campo FV 2
DEBUG    | 2026-06-29 16:38:57,597 | FolderBuilder | Smistato strutturato: LI-ROSIGNANO MARITTIMO-92-11-AA.pdf -> Campo FV 2
DEBUG    | 2026-06-29 16:38:57,601 | FolderBuilder | Smistato strutturato: LI-ROSIGNANO MARITTIMO-92-11-AA.pdf -> Campo FV 2\cabine
DEBUG    | 2026-06-29 16:38:57,603 | FolderBuilder | Smistato strutturato: LI-ROSIGNANO MARITTIMO-92-11-AA.pdf -> Campo FV 2\opere di invarianza idraulica
DEBUG    | 2026-06-29 16:38:57,607 | FolderBuilder | Smistato strutturato: LI-ROSIGNANO MARITTIMO-92-11-AA.pdf -> Campo FV 2\cancelli ingresso
DEBUG    | 2026-06-29 16:38:57,611 | FolderBuilder | Smistato strutturato: LI-ROSIGNANO MARITTIMO-92-11-AA.pdf -> Campo FV 2\stradelle in progetto esterne impianto
DEBUG    | 2026-06-29 16:38:57,615 | FolderBuilder | Smistato strutturato: LI-ROSIGNANO MARITTIMO-92-11-AB.pdf -> Campo FV 2
DEBUG    | 2026-06-29 16:38:57,620 | FolderBuilder | Smistato strutturato: LI-ROSIGNANO MARITTIMO-92-11-AB.pdf -> Campo FV 2\stradelle in progetto esterne impianto
DEBUG    | 2026-06-29 16:38:57,623 | FolderBuilder | Smistato strutturato: LI-ROSIGNANO MARITTIMO-92-11-AB.pdf -> Campo FV 2\opere di invarianza idraulica
DEBUG    | 2026-06-29 16:38:57,626 | FolderBuilder | Smistato strutturato: LI-ROSIGNANO MARITTIMO-92-11-AC.pdf -> Campo FV 2
DEBUG    | 2026-06-29 16:38:57,629 | FolderBuilder | Smistato strutturato: LI-ROSIGNANO MARITTIMO-92-11-AC.pdf -> Campo FV 2\stradelle in progetto esterne impianto
DEBUG    | 2026-06-29 16:38:57,633 | FolderBuilder | Smistato strutturato: LI-ROSIGNANO MARITTIMO-92-11-AC.pdf -> Campo FV 2\opere di invarianza idraulica
DEBUG    | 2026-06-29 16:38:57,637 | FolderBuilder | Smistato strutturato: LI-ROSIGNANO MARITTIMO-92-39.pdf -> Campo FV 2
WARNING  | 2026-06-29 16:38:57,637 | FolderBuilder | File PDF non trovato in cache per la chiave: ROSIGNANO MARITTIMO_98_138_NCT (Impossibile smistare)
DEBUG    | 2026-06-29 16:38:57,643 | FolderBuilder | Smistato strutturato: LI-ROSIGNANO MARITTIMO-98-139.pdf -> Campo FV 3+4
DEBUG    | 2026-06-29 16:38:57,647 | FolderBuilder | Smistato strutturato: LI-ROSIGNANO MARITTIMO-98-154.pdf -> Campo FV 3+4
DEBUG    | 2026-06-29 16:38:57,670 | FolderBuilder | Smistato strutturato: LI-ROSIGNANO MARITTIMO-98-154.pdf -> Campo FV 3+4\strade accesso esistenti
DEBUG    | 2026-06-29 16:38:57,675 | FolderBuilder | Smistato strutturato: LI-ROSIGNANO MARITTIMO-98-154.pdf -> Campo FV 3+4\opere di invarianza idraulica
DEBUG    | 2026-06-29 16:38:57,681 | FolderBuilder | Smistato strutturato: LI-ROSIGNANO MARITTIMO-98-155.pdf -> Campo FV 3+4
DEBUG    | 2026-06-29 16:38:57,686 | FolderBuilder | Smistato strutturato: LI-ROSIGNANO MARITTIMO-98-155.pdf -> Campo FV 3+4\strade accesso esistenti
DEBUG    | 2026-06-29 16:38:57,690 | FolderBuilder | Smistato strutturato: LI-ROSIGNANO MARITTIMO-98-44.pdf -> Campo FV 3+4
DEBUG    | 2026-06-29 16:38:57,694 | FolderBuilder | Smistato strutturato: LI-ROSIGNANO MARITTIMO-98-44.pdf -> Campo FV 3+4\strade accesso esistenti
DEBUG    | 2026-06-29 16:38:57,699 | FolderBuilder | Smistato strutturato: LI-ROSIGNANO MARITTIMO-98-153.pdf -> Campo FV 3+4
DEBUG    | 2026-06-29 16:38:57,703 | FolderBuilder | Smistato strutturato: LI-ROSIGNANO MARITTIMO-98-153.pdf -> Campo FV 3+4\opere accessorie di invarianza idraulica
DEBUG    | 2026-06-29 16:38:57,707 | FolderBuilder | Smistato strutturato: LI-ROSIGNANO MARITTIMO-98-153.pdf -> Campo FV 3+4\cabine
DEBUG    | 2026-06-29 16:38:57,711 | FolderBuilder | Smistato strutturato: LI-ROSIGNANO MARITTIMO-98-153.pdf -> Campo FV 3+4\opere di invarianza idraulica
DEBUG    | 2026-06-29 16:38:57,715 | FolderBuilder | Smistato strutturato: LI-ROSIGNANO MARITTIMO-98-153.pdf -> Campo FV 3+4\cancelli ingresso
DEBUG    | 2026-06-29 16:38:57,718 | FolderBuilder | Smistato strutturato: LI-ROSIGNANO MARITTIMO-98-153.pdf -> Campo FV 3+4\strade accesso esistenti
DEBUG    | 2026-06-29 16:38:57,723 | FolderBuilder | Smistato strutturato: LI-ROSIGNANO MARITTIMO-98-8-AA.pdf -> Campo FV 3+4
DEBUG    | 2026-06-29 16:38:57,728 | FolderBuilder | Smistato strutturato: LI-ROSIGNANO MARITTIMO-98-8-AA.pdf -> Campo FV 3+4\opere di invarianza idraulica
DEBUG    | 2026-06-29 16:38:57,732 | FolderBuilder | Smistato strutturato: LI-ROSIGNANO MARITTIMO-98-8-AB.pdf -> Campo FV 3+4
DEBUG    | 2026-06-29 16:38:57,735 | FolderBuilder | Smistato strutturato: LI-ROSIGNANO MARITTIMO-98-8-AB.pdf -> Campo FV 3+4\opere di invarianza idraulica
WARNING  | 2026-06-29 16:38:57,735 | FolderBuilder | File PDF non trovato in cache per la chiave: ROSIGNANO MARITTIMO_98_40_NCT (Impossibile smistare)
DEBUG    | 2026-06-29 16:38:57,740 | FolderBuilder | Smistato strutturato: LI-ROSIGNANO MARITTIMO-98-161.pdf -> Campo FV 3+4
DEBUG    | 2026-06-29 16:38:57,746 | FolderBuilder | Smistato strutturato: LI-ROSIGNANO MARITTIMO-98-161.pdf -> Campo FV 3+4\opere accessorie di invarianza idraulica
DEBUG    | 2026-06-29 16:38:57,750 | FolderBuilder | Smistato strutturato: LI-ROSIGNANO MARITTIMO-98-161.pdf -> Campo FV 3+4\cabine
DEBUG    | 2026-06-29 16:38:57,753 | FolderBuilder | Smistato strutturato: LI-ROSIGNANO MARITTIMO-98-161.pdf -> Campo FV 3+4\opere di invarianza idraulica
DEBUG    | 2026-06-29 16:38:57,756 | FolderBuilder | Smistato strutturato: LI-ROSIGNANO MARITTIMO-98-161.pdf -> Campo FV 3+4\strade accesso esistenti
WARNING  | 2026-06-29 16:38:57,756 | FolderBuilder | File PDF non trovato in cache per la chiave: ROSIGNANO MARITTIMO_98_162_NCT (Impossibile smistare)
DEBUG    | 2026-06-29 16:38:57,763 | FolderBuilder | Smistato strutturato: LI-ROSIGNANO MARITTIMO-98-163.pdf -> Campo FV 3+4
DEBUG    | 2026-06-29 16:38:57,766 | FolderBuilder | Smistato strutturato: LI-ROSIGNANO MARITTIMO-98-163.pdf -> Campo FV 3+4\opere accessorie di invarianza idraulica
DEBUG    | 2026-06-29 16:38:57,771 | FolderBuilder | Smistato strutturato: LI-ROSIGNANO MARITTIMO-98-163.pdf -> Campo FV 3+4\cabine
DEBUG    | 2026-06-29 16:38:57,773 | FolderBuilder | Smistato strutturato: LI-ROSIGNANO MARITTIMO-98-163.pdf -> Campo FV 3+4\opere di invarianza idraulica
DEBUG    | 2026-06-29 16:38:57,778 | FolderBuilder | Smistato strutturato: LI-ROSIGNANO MARITTIMO-98-163.pdf -> Campo FV 3+4\cancelli ingresso
DEBUG    | 2026-06-29 16:38:57,784 | FolderBuilder | Smistato strutturato: LI-ROSIGNANO MARITTIMO-98-163.pdf -> Campo FV 3+4\strade accesso esistenti
DEBUG    | 2026-06-29 16:38:57,788 | FolderBuilder | Smistato strutturato: LI-ROSIGNANO MARITTIMO-98-163.pdf -> Campo FV 3+4\stradelle in progetto esterne impianto
WARNING  | 2026-06-29 16:38:57,788 | FolderBuilder | File PDF non trovato in cache per la chiave: ROSIGNANO MARITTIMO_98_46_NCF (Impossibile smistare)
WARNING  | 2026-06-29 16:38:57,789 | FolderBuilder | File PDF non trovato in cache per la chiave: ROSIGNANO MARITTIMO_98_45_NCT (Impossibile smistare)
DEBUG    | 2026-06-29 16:38:57,803 | FolderBuilder | Smistato strutturato: LI-ROSIGNANO MARITTIMO-98-85.pdf -> Campo FV 5
DEBUG    | 2026-06-29 16:38:57,805 | FolderBuilder | Smistato strutturato: LI-ROSIGNANO MARITTIMO-98-85.pdf -> Campo FV 5\opere accessorie di invarianza idraulica
DEBUG    | 2026-06-29 16:38:57,808 | FolderBuilder | Smistato strutturato: LI-ROSIGNANO MARITTIMO-98-85.pdf -> Campo FV 5\cabine
DEBUG    | 2026-06-29 16:38:57,814 | FolderBuilder | Smistato strutturato: LI-ROSIGNANO MARITTIMO-98-85.pdf -> Campo FV 5\opere di invarianza idraulica
DEBUG    | 2026-06-29 16:38:57,817 | FolderBuilder | Smistato strutturato: LI-ROSIGNANO MARITTIMO-98-85.pdf -> Campo FV 5\cancelli ingresso
DEBUG    | 2026-06-29 16:38:57,819 | FolderBuilder | Smistato strutturato: LI-ROSIGNANO MARITTIMO-98-85.pdf -> Campo FV 5\strade accesso esistenti
DEBUG    | 2026-06-29 16:38:57,822 | FolderBuilder | Smistato strutturato: LI-ROSIGNANO MARITTIMO-98-85.pdf -> Campo FV 5\stradelle in progetto esterne impianto
DEBUG    | 2026-06-29 16:38:57,825 | FolderBuilder | Smistato strutturato: LI-ROSIGNANO MARITTIMO-98-86.pdf -> Campo FV 5
DEBUG    | 2026-06-29 16:38:57,831 | FolderBuilder | Smistato strutturato: LI-ROSIGNANO MARITTIMO-98-86.pdf -> Campo FV 5\opere accessorie di invarianza idraulica
DEBUG    | 2026-06-29 16:38:57,834 | FolderBuilder | Smistato strutturato: LI-ROSIGNANO MARITTIMO-98-86.pdf -> Campo FV 5\cabine
DEBUG    | 2026-06-29 16:38:57,839 | FolderBuilder | Smistato strutturato: LI-ROSIGNANO MARITTIMO-98-86.pdf -> Campo FV 5\opere di invarianza idraulica
DEBUG    | 2026-06-29 16:38:57,845 | FolderBuilder | Smistato strutturato: LI-ROSIGNANO MARITTIMO-98-86.pdf -> Campo FV 5\strade accesso esistenti
WARNING  | 2026-06-29 16:38:57,845 | FolderBuilder | File PDF non trovato in cache per la chiave: ROSIGNANO MARITTIMO_98_87_NCT (Impossibile smistare)
WARNING  | 2026-06-29 16:38:57,846 | FolderBuilder | File PDF non trovato in cache per la chiave: ROSIGNANO MARITTIMO_102_302_NCT (Impossibile smistare)
WARNING  | 2026-06-29 16:38:57,848 | FolderBuilder | File PDF non trovato in cache per la chiave: ROSIGNANO MARITTIMO_102_303_NCT (Impossibile smistare)
WARNING  | 2026-06-29 16:38:57,850 | FolderBuilder | File PDF non trovato in cache per la chiave: ROSIGNANO MARITTIMO_102_300_NCT (Impossibile smistare)
DEBUG    | 2026-06-29 16:38:57,855 | FolderBuilder | Smistato strutturato: LI-ROSIGNANO MARITTIMO-102-301.pdf -> Campo FV 5
DEBUG    | 2026-06-29 16:38:57,860 | FolderBuilder | Smistato strutturato: LI-ROSIGNANO MARITTIMO-102-301.pdf -> Campo FV 5\opere accessorie di invarianza idraulica
DEBUG    | 2026-06-29 16:38:57,865 | FolderBuilder | Smistato strutturato: LI-ROSIGNANO MARITTIMO-102-301.pdf -> Campo FV 5\cabine
DEBUG    | 2026-06-29 16:38:57,869 | FolderBuilder | Smistato strutturato: LI-ROSIGNANO MARITTIMO-102-301.pdf -> Campo FV 5\opere di invarianza idraulica
DEBUG    | 2026-06-29 16:38:57,873 | FolderBuilder | Smistato strutturato: LI-ROSIGNANO MARITTIMO-102-301.pdf -> Campo FV 5\cancelli ingresso
DEBUG    | 2026-06-29 16:38:57,876 | FolderBuilder | Smistato strutturato: LI-ROSIGNANO MARITTIMO-102-301.pdf -> Campo FV 5\strade accesso esistenti
DEBUG    | 2026-06-29 16:38:57,881 | FolderBuilder | Smistato strutturato: LI-ROSIGNANO MARITTIMO-102-301.pdf -> Campo FV 5\stradelle in progetto esterne impianto
WARNING  | 2026-06-29 16:38:57,882 | FolderBuilder | File PDF non trovato in cache per la chiave: ROSIGNANO MARITTIMO_102_350_NCF (Impossibile smistare)
DEBUG    | 2026-06-29 16:38:57,885 | FolderBuilder | Smistato strutturato: LI-ROSIGNANO MARITTIMO-98-79.pdf -> Campo FV 7
DEBUG    | 2026-06-29 16:38:57,889 | FolderBuilder | Smistato strutturato: LI-ROSIGNANO MARITTIMO-98-79.pdf -> Campo FV 7\opere accessorie di invarianza idraulica
DEBUG    | 2026-06-29 16:38:57,893 | FolderBuilder | Smistato strutturato: LI-ROSIGNANO MARITTIMO-98-79.pdf -> Campo FV 7\opere di invarianza idraulica
DEBUG    | 2026-06-29 16:38:57,898 | FolderBuilder | Smistato strutturato: LI-ROSIGNANO MARITTIMO-98-79.pdf -> Campo FV 7\cancelli ingresso
DEBUG    | 2026-06-29 16:38:57,901 | FolderBuilder | Smistato strutturato: LI-ROSIGNANO MARITTIMO-98-79.pdf -> Campo FV 7\strade accesso esistenti
DEBUG    | 2026-06-29 16:38:57,903 | FolderBuilder | Smistato strutturato: LI-ROSIGNANO MARITTIMO-98-79.pdf -> Campo FV 7\stradelle in progetto esterne impianto
DEBUG    | 2026-06-29 16:38:57,906 | FolderBuilder | Smistato strutturato: LI-ROSIGNANO MARITTIMO-98-81.pdf -> Campo FV 7
DEBUG    | 2026-06-29 16:38:57,910 | FolderBuilder | Smistato strutturato: LI-ROSIGNANO MARITTIMO-98-81.pdf -> Campo FV 7\opere accessorie di invarianza idraulica
DEBUG    | 2026-06-29 16:38:57,913 | FolderBuilder | Smistato strutturato: LI-ROSIGNANO MARITTIMO-98-81.pdf -> Campo FV 7\cabine
DEBUG    | 2026-06-29 16:38:57,916 | FolderBuilder | Smistato strutturato: LI-ROSIGNANO MARITTIMO-98-81.pdf -> Campo FV 7\opere di invarianza idraulica
DEBUG    | 2026-06-29 16:38:57,919 | FolderBuilder | Smistato strutturato: LI-ROSIGNANO MARITTIMO-98-81.pdf -> Campo FV 7\cancelli ingresso
DEBUG    | 2026-06-29 16:38:57,921 | FolderBuilder | Smistato strutturato: LI-ROSIGNANO MARITTIMO-98-81.pdf -> Campo FV 7\strade accesso esistenti
DEBUG    | 2026-06-29 16:38:57,924 | FolderBuilder | Smistato strutturato: LI-ROSIGNANO MARITTIMO-98-81.pdf -> Campo FV 7\stradelle in progetto esterne impianto
WARNING  | 2026-06-29 16:38:57,924 | FolderBuilder | File PDF non trovato in cache per la chiave: ROSIGNANO MARITTIMO_98_101_NCF (Impossibile smistare)
WARNING  | 2026-06-29 16:38:57,924 | FolderBuilder | File PDF non trovato in cache per la chiave: ROSIGNANO MARITTIMO_98_13_AA_NCT (Impossibile smistare)
WARNING  | 2026-06-29 16:38:57,926 | FolderBuilder | File PDF non trovato in cache per la chiave: ROSIGNANO MARITTIMO_98_13_AB_NCT (Impossibile smistare)
DEBUG    | 2026-06-29 16:38:57,933 | FolderBuilder | Smistato strutturato: LI-ROSIGNANO MARITTIMO-98-16.pdf -> Campo AGRO 7
DEBUG    | 2026-06-29 16:38:57,936 | FolderBuilder | Smistato strutturato: LI-ROSIGNANO MARITTIMO-98-16.pdf -> Campo AGRO 7\opere accessorie di invarianza idraulica
DEBUG    | 2026-06-29 16:38:57,939 | FolderBuilder | Smistato strutturato: LI-ROSIGNANO MARITTIMO-98-16.pdf -> Campo AGRO 7\cabine
DEBUG    | 2026-06-29 16:38:57,941 | FolderBuilder | Smistato strutturato: LI-ROSIGNANO MARITTIMO-98-16.pdf -> Campo AGRO 7\opere di invarianza idraulica
DEBUG    | 2026-06-29 16:38:57,946 | FolderBuilder | Smistato strutturato: LI-ROSIGNANO MARITTIMO-98-16.pdf -> Campo AGRO 7\cancelli ingresso
DEBUG    | 2026-06-29 16:38:57,949 | FolderBuilder | Smistato strutturato: LI-ROSIGNANO MARITTIMO-98-16.pdf -> Campo AGRO 7\strade accesso esistenti
DEBUG    | 2026-06-29 16:38:57,952 | FolderBuilder | Smistato strutturato: LI-ROSIGNANO MARITTIMO-98-16.pdf -> Campo AGRO 7\stradelle in progetto esterne impianto
WARNING  | 2026-06-29 16:38:57,952 | FolderBuilder | File PDF non trovato in cache per la chiave: ROSIGNANO MARITTIMO_98_4_AA_NCT (Impossibile smistare)
WARNING  | 2026-06-29 16:38:57,953 | FolderBuilder | File PDF non trovato in cache per la chiave: ROSIGNANO MARITTIMO_98_4_AB_NCT (Impossibile smistare)
WARNING  | 2026-06-29 16:38:57,954 | FolderBuilder | File PDF non trovato in cache per la chiave: ROSIGNANO MARITTIMO_98_17_AA_NCT (Impossibile smistare)
WARNING  | 2026-06-29 16:38:57,962 | FolderBuilder | File PDF non trovato in cache per la chiave: ROSIGNANO MARITTIMO_98_17_AB_NCT (Impossibile smistare)
DEBUG    | 2026-06-29 16:38:57,968 | FolderBuilder | Smistato strutturato: LI-ROSIGNANO MARITTIMO-98-171.pdf -> Campo AGRO 9
DEBUG    | 2026-06-29 16:38:57,970 | FolderBuilder | Smistato strutturato: LI-ROSIGNANO MARITTIMO-98-171.pdf -> Campo AGRO 9\cabine
DEBUG    | 2026-06-29 16:38:57,973 | FolderBuilder | Smistato strutturato: LI-ROSIGNANO MARITTIMO-98-171.pdf -> Campo AGRO 9\opere di invarianza idraulica
DEBUG    | 2026-06-29 16:38:57,981 | FolderBuilder | Smistato strutturato: LI-ROSIGNANO MARITTIMO-98-171.pdf -> Campo AGRO 9\cancelli ingresso
DEBUG    | 2026-06-29 16:38:57,984 | FolderBuilder | Smistato strutturato: LI-ROSIGNANO MARITTIMO-98-171.pdf -> Campo AGRO 9\stradelle in progetto esterne impianto
WARNING  | 2026-06-29 16:38:57,984 | FolderBuilder | File PDF non trovato in cache per la chiave: ROSIGNANO MARITTIMO_98_29_AA_NCT (Impossibile smistare)
WARNING  | 2026-06-29 16:38:57,985 | FolderBuilder | File PDF non trovato in cache per la chiave: ROSIGNANO MARITTIMO_98_29_AB_NCT (Impossibile smistare)
DEBUG    | 2026-06-29 16:38:57,989 | FolderBuilder | Smistato strutturato: LI-ROSIGNANO MARITTIMO-98-142-AA.pdf -> Campo AGRO 9
DEBUG    | 2026-06-29 16:38:57,994 | FolderBuilder | Smistato strutturato: LI-ROSIGNANO MARITTIMO-98-142-AA.pdf -> Campo AGRO 9\cabine
DEBUG    | 2026-06-29 16:38:58,002 | FolderBuilder | Smistato strutturato: LI-ROSIGNANO MARITTIMO-98-142-AA.pdf -> Campo AGRO 9\cancelli ingresso
DEBUG    | 2026-06-29 16:38:58,005 | FolderBuilder | Smistato strutturato: LI-ROSIGNANO MARITTIMO-98-142-AA.pdf -> Campo AGRO 9\opere di invarianza idraulica
WARNING  | 2026-06-29 16:38:58,005 | FolderBuilder | File PDF non trovato in cache per la chiave: ROSIGNANO MARITTIMO_98_142_AB_NCT (Impossibile smistare)
WARNING  | 2026-06-29 16:38:58,006 | FolderBuilder | File PDF non trovato in cache per la chiave: ROSIGNANO MARITTIMO_98_31_AA_NCT (Impossibile smistare)
WARNING  | 2026-06-29 16:38:58,008 | FolderBuilder | File PDF non trovato in cache per la chiave: ROSIGNANO MARITTIMO_98_31_AB_NCT (Impossibile smistare)
DEBUG    | 2026-06-29 16:38:58,016 | FolderBuilder | Smistato strutturato: LI-ROSIGNANO MARITTIMO-98-144.pdf -> Campo AGRO 9
DEBUG    | 2026-06-29 16:38:58,020 | FolderBuilder | Smistato strutturato: LI-ROSIGNANO MARITTIMO-98-144.pdf -> Campo AGRO 9\opere accessorie di invarianza idraulica
DEBUG    | 2026-06-29 16:38:58,023 | FolderBuilder | Smistato strutturato: LI-ROSIGNANO MARITTIMO-98-144.pdf -> Campo AGRO 9\opere di invarianza idraulica
DEBUG    | 2026-06-29 16:38:58,027 | FolderBuilder | Smistato strutturato: LI-ROSIGNANO MARITTIMO-98-144.pdf -> Campo AGRO 9\cancelli ingresso
DEBUG    | 2026-06-29 16:38:58,032 | FolderBuilder | Smistato strutturato: LI-ROSIGNANO MARITTIMO-98-144.pdf -> Campo AGRO 9\strade accesso esistenti
DEBUG    | 2026-06-29 16:38:58,036 | FolderBuilder | Smistato strutturato: LI-ROSIGNANO MARITTIMO-98-144.pdf -> Campo AGRO 9\stradelle in progetto esterne impianto
WARNING  | 2026-06-29 16:38:58,036 | FolderBuilder | File PDF non trovato in cache per la chiave: ROSIGNANO MARITTIMO_98_32_NCT (Impossibile smistare)
WARNING  | 2026-06-29 16:38:58,037 | FolderBuilder | File PDF non trovato in cache per la chiave: ROSIGNANO MARITTIMO_98_114_NCT (Impossibile smistare)
DEBUG    | 2026-06-29 16:38:58,042 | FolderBuilder | Smistato strutturato: LI-ROSIGNANO MARITTIMO-98-146.pdf -> Campo FV 8
DEBUG    | 2026-06-29 16:38:58,048 | FolderBuilder | Smistato strutturato: LI-ROSIGNANO MARITTIMO-98-146.pdf -> Campo FV 8\cabine
DEBUG    | 2026-06-29 16:38:58,052 | FolderBuilder | Smistato strutturato: LI-ROSIGNANO MARITTIMO-98-146.pdf -> Campo FV 8\opere di invarianza idraulica
DEBUG    | 2026-06-29 16:38:58,056 | FolderBuilder | Smistato strutturato: LI-ROSIGNANO MARITTIMO-98-146.pdf -> Campo FV 8\cancelli ingresso
DEBUG    | 2026-06-29 16:38:58,059 | FolderBuilder | Smistato strutturato: LI-ROSIGNANO MARITTIMO-98-146.pdf -> Campo FV 8\strade accesso esistenti
DEBUG    | 2026-06-29 16:38:58,064 | FolderBuilder | Smistato strutturato: LI-ROSIGNANO MARITTIMO-98-146.pdf -> Campo FV 8\stradelle in progetto esterne impianto
WARNING  | 2026-06-29 16:38:58,064 | FolderBuilder | File PDF non trovato in cache per la chiave: ROSIGNANO MARITTIMO_98_168_NCT (Impossibile smistare)
WARNING  | 2026-06-29 16:38:58,064 | FolderBuilder | File PDF non trovato in cache per la chiave: ROSIGNANO MARITTIMO_98_118_NCT (Impossibile smistare)
WARNING  | 2026-06-29 16:38:58,066 | FolderBuilder | File PDF non trovato in cache per la chiave: ROSIGNANO MARITTIMO_81_1138_NCT (Impossibile smistare)
WARNING  | 2026-06-29 16:38:58,067 | FolderBuilder | File PDF non trovato in cache per la chiave: ROSIGNANO MARITTIMO_81_1143_NCF (Impossibile smistare)
WARNING  | 2026-06-29 16:38:58,068 | FolderBuilder | File PDF non trovato in cache per la chiave: ROSIGNANO MARITTIMO_86_673_NCF (Impossibile smistare)
WARNING  | 2026-06-29 16:38:58,070 | FolderBuilder | File PDF non trovato in cache per la chiave: ROSIGNANO MARITTIMO_86_50_NCT (Impossibile smistare)
WARNING  | 2026-06-29 16:38:58,071 | FolderBuilder | File PDF non trovato in cache per la chiave: ROSIGNANO MARITTIMO_86_49_NCT (Impossibile smistare)
WARNING  | 2026-06-29 16:38:58,081 | FolderBuilder | File PDF non trovato in cache per la chiave: ROSIGNANO MARITTIMO_86_35_NCT (Impossibile smistare)
WARNING  | 2026-06-29 16:38:58,083 | FolderBuilder | File PDF non trovato in cache per la chiave: ROSIGNANO MARITTIMO_86_543_NCT (Impossibile smistare)
WARNING  | 2026-06-29 16:38:58,084 | FolderBuilder | File PDF non trovato in cache per la chiave: ROSIGNANO MARITTIMO_86_581_NCT (Impossibile smistare)
WARNING  | 2026-06-29 16:38:58,086 | FolderBuilder | File PDF non trovato in cache per la chiave: ROSIGNANO MARITTIMO_86_584_610_NCT (Impossibile smistare)
WARNING  | 2026-06-29 16:38:58,088 | FolderBuilder | File PDF non trovato in cache per la chiave: ROSIGNANO MARITTIMO_86_589_AA_NCT (Impossibile smistare)
WARNING  | 2026-06-29 16:38:58,089 | FolderBuilder | File PDF non trovato in cache per la chiave: ROSIGNANO MARITTIMO_86_589_AB_NCT (Impossibile smistare)
WARNING  | 2026-06-29 16:38:58,090 | FolderBuilder | File PDF non trovato in cache per la chiave: ROSIGNANO MARITTIMO_86_44_NCF (Impossibile smistare)
WARNING  | 2026-06-29 16:38:58,092 | FolderBuilder | File PDF non trovato in cache per la chiave: ROSIGNANO MARITTIMO_86_583_NCT (Impossibile smistare)
WARNING  | 2026-06-29 16:38:58,102 | FolderBuilder | File PDF non trovato in cache per la chiave: ROSIGNANO MARITTIMO_86_907_NCT (Impossibile smistare)
WARNING  | 2026-06-29 16:38:58,103 | FolderBuilder | File PDF non trovato in cache per la chiave: ROSIGNANO MARITTIMO_86_908_NCT (Impossibile smistare)
WARNING  | 2026-06-29 16:38:58,111 | FolderBuilder | File PDF non trovato in cache per la chiave: ROSIGNANO MARITTIMO_86_797_NCT (Impossibile smistare)
WARNING  | 2026-06-29 16:38:58,122 | FolderBuilder | File PDF non trovato in cache per la chiave: ROSIGNANO MARITTIMO_86_120_NCT (Impossibile smistare)
WARNING  | 2026-06-29 16:38:58,124 | FolderBuilder | File PDF non trovato in cache per la chiave: ROSIGNANO MARITTIMO_86_798_NCT (Impossibile smistare)
WARNING  | 2026-06-29 16:38:58,126 | FolderBuilder | File PDF non trovato in cache per la chiave: ROSIGNANO MARITTIMO_86_111_NCT (Impossibile smistare)
WARNING  | 2026-06-29 16:38:58,128 | FolderBuilder | File PDF non trovato in cache per la chiave: ROSIGNANO MARITTIMO_86_107_NCT (Impossibile smistare)
WARNING  | 2026-06-29 16:38:58,130 | FolderBuilder | File PDF non trovato in cache per la chiave: ROSIGNANO MARITTIMO_86_63_617_NCF (Impossibile smistare)
WARNING  | 2026-06-29 16:38:58,132 | FolderBuilder | File PDF non trovato in cache per la chiave: ROSIGNANO MARITTIMO_86_913_601_NCF (Impossibile smistare)
WARNING  | 2026-06-29 16:38:58,133 | FolderBuilder | File PDF non trovato in cache per la chiave: ROSIGNANO MARITTIMO_91_337_601_NCF (Impossibile smistare)
WARNING  | 2026-06-29 16:38:58,134 | FolderBuilder | File PDF non trovato in cache per la chiave: ROSIGNANO MARITTIMO_91_179_612_NCF (Impossibile smistare)
WARNING  | 2026-06-29 16:38:58,136 | FolderBuilder | File PDF non trovato in cache per la chiave: ROSIGNANO MARITTIMO_91_179_613_NCF (Impossibile smistare)
WARNING  | 2026-06-29 16:38:58,143 | FolderBuilder | File PDF non trovato in cache per la chiave: ROSIGNANO MARITTIMO_91_179_614_NCF (Impossibile smistare)
WARNING  | 2026-06-29 16:38:58,146 | FolderBuilder | File PDF non trovato in cache per la chiave: ROSIGNANO MARITTIMO_91_179_608_NCF (Impossibile smistare)
WARNING  | 2026-06-29 16:38:58,155 | FolderBuilder | File PDF non trovato in cache per la chiave: ROSIGNANO MARITTIMO_91_81_605_NCF (Impossibile smistare)
WARNING  | 2026-06-29 16:38:58,157 | FolderBuilder | File PDF non trovato in cache per la chiave: ROSIGNANO MARITTIMO_91_81_625_NCF (Impossibile smistare)
WARNING  | 2026-06-29 16:38:58,160 | FolderBuilder | File PDF non trovato in cache per la chiave: ROSIGNANO MARITTIMO_91_314_NCT (Impossibile smistare)
WARNING  | 2026-06-29 16:38:58,162 | FolderBuilder | File PDF non trovato in cache per la chiave: ROSIGNANO MARITTIMO_91_291_610_NCT (Impossibile smistare)
WARNING  | 2026-06-29 16:38:58,165 | FolderBuilder | File PDF non trovato in cache per la chiave: ROSIGNANO MARITTIMO_85_3_NCF (Impossibile smistare)
WARNING  | 2026-06-29 16:38:58,167 | FolderBuilder | File PDF non trovato in cache per la chiave: ROSIGNANO MARITTIMO_90_69_NCT (Impossibile smistare)
WARNING  | 2026-06-29 16:38:58,169 | FolderBuilder | File PDF non trovato in cache per la chiave: ROSIGNANO MARITTIMO_92_46_NCT (Impossibile smistare)
WARNING  | 2026-06-29 16:38:58,171 | FolderBuilder | File PDF non trovato in cache per la chiave: ROSIGNANO MARITTIMO_92_45_NCT (Impossibile smistare)
WARNING  | 2026-06-29 16:38:58,173 | FolderBuilder | File PDF non trovato in cache per la chiave: ROSIGNANO MARITTIMO_92_26_NCT (Impossibile smistare)
WARNING  | 2026-06-29 16:38:58,175 | FolderBuilder | File PDF non trovato in cache per la chiave: ROSIGNANO MARITTIMO_92_22_NCT (Impossibile smistare)
WARNING  | 2026-06-29 16:38:58,189 | FolderBuilder | File PDF non trovato in cache per la chiave: ROSIGNANO MARITTIMO_98_56_NCF (Impossibile smistare)
WARNING  | 2026-06-29 16:38:58,191 | FolderBuilder | File PDF non trovato in cache per la chiave: ROSIGNANO MARITTIMO_98_19_NCT (Impossibile smistare)
WARNING  | 2026-06-29 16:38:58,193 | FolderBuilder | File PDF non trovato in cache per la chiave: ROSIGNANO MARITTIMO_98_102_NCF (Impossibile smistare)
WARNING  | 2026-06-29 16:38:58,195 | FolderBuilder | File PDF non trovato in cache per la chiave: ROSIGNANO MARITTIMO_98_80_601_NCF (Impossibile smistare)
WARNING  | 2026-06-29 16:38:58,197 | FolderBuilder | File PDF non trovato in cache per la chiave: ROSIGNANO MARITTIMO_98_95_NCT (Impossibile smistare)
WARNING  | 2026-06-29 16:38:58,199 | FolderBuilder | File PDF non trovato in cache per la chiave: ROSIGNANO MARITTIMO_90_25_602_NCF (Impossibile smistare)
WARNING  | 2026-06-29 16:38:58,201 | FolderBuilder | File PDF non trovato in cache per la chiave: ROSIGNANO MARITTIMO_86_540_NCF (Impossibile smistare)
WARNING  | 2026-06-29 16:38:58,203 | FolderBuilder | File PDF non trovato in cache per la chiave: ROSIGNANO MARITTIMO_86_591_NCF (Impossibile smistare)
WARNING  | 2026-06-29 16:38:58,204 | FolderBuilder | File PDF non trovato in cache per la chiave: ROSIGNANO MARITTIMO_86_594_NCF (Impossibile smistare)
WARNING  | 2026-06-29 16:38:58,205 | FolderBuilder | File PDF non trovato in cache per la chiave: ROSIGNANO MARITTIMO_86_597_NCT (Impossibile smistare)
WARNING  | 2026-06-29 16:38:58,207 | FolderBuilder | File PDF non trovato in cache per la chiave: ROSIGNANO MARITTIMO_86_599_NCT (Impossibile smistare)
WARNING  | 2026-06-29 16:38:58,209 | FolderBuilder | File PDF non trovato in cache per la chiave: ROSIGNANO MARITTIMO_86_794_NCT (Impossibile smistare)
WARNING  | 2026-06-29 16:38:58,211 | FolderBuilder | File PDF non trovato in cache per la chiave: ROSIGNANO MARITTIMO_86_544_NCT (Impossibile smistare)
WARNING  | 2026-06-29 16:38:58,213 | FolderBuilder | File PDF non trovato in cache per la chiave: ROSIGNANO MARITTIMO_86_545_NCT (Impossibile smistare)
WARNING  | 2026-06-29 16:38:58,215 | FolderBuilder | File PDF non trovato in cache per la chiave: ROSIGNANO MARITTIMO_86_550_NCT (Impossibile smistare)
WARNING  | 2026-06-29 16:38:58,217 | FolderBuilder | File PDF non trovato in cache per la chiave: ROSIGNANO MARITTIMO_86_520_NCF (Impossibile smistare)
WARNING  | 2026-06-29 16:38:58,218 | FolderBuilder | File PDF non trovato in cache per la chiave: ROSIGNANO MARITTIMO_86_521_NCF (Impossibile smistare)
WARNING  | 2026-06-29 16:38:58,219 | FolderBuilder | File PDF non trovato in cache per la chiave: ROSIGNANO MARITTIMO_86_604_NCF (Impossibile smistare)
WARNING  | 2026-06-29 16:38:58,220 | FolderBuilder | File PDF non trovato in cache per la chiave: ROSIGNANO MARITTIMO_98_117_AA_NCT (Impossibile smistare)
WARNING  | 2026-06-29 16:38:58,222 | FolderBuilder | File PDF non trovato in cache per la chiave: ROSIGNANO MARITTIMO_98_117_AB_NCT (Impossibile smistare)
INFO     | 2026-06-29 16:38:58,223 | FolderBuilder | Smistamento completato. Effettuate 243 copie conformi nel nuovo layout d'impianto.
INFO     | 2026-06-29 16:38:58,226 | Reporters    | Avvio generazione del report unificato delle eccezioni...
INFO     | 2026-06-29 16:38:58,618 | Reporters    | ✅ Report delle eccezioni salvato con successo in: report_eccezioni_20260629_163858.xlsx
INFO     | 2026-06-29 16:38:58,619 | Reporters    |    📊 Riepilogo anomalie -> Totale: 41
INFO     | 2026-06-29 16:38:58,621 | Orchestrator | ============================================================
INFO     | 2026-06-29 16:38:58,624 | Orchestrator |          Workflow terminato. Risorse salvate e consolidate!
INFO     | 2026-06-29 16:38:58,626 | Orchestrator | ============================================================
INFO     | 2026-06-29 16:39:06,505 | Orchestrator | === [FASE 1] CARICAMENTO DATI LOCALI ===
INFO     | 2026-06-29 16:39:06,760 | Orchestrator | Righe valide: 446 | Job unici da elaborare: 167
INFO     | 2026-06-29 16:39:06,767 | Orchestrator | === [FASE 2] AVVIO AUTOMAZIONE SISTER ===
INFO     | 2026-06-29 16:39:44,894 | Orchestrator |  Finestra corretta agganciata: https://sister3.agenziaentrate.gov.it/Visure/SceltaLink.do?lista=IMM&codUfficio=LI
INFO     | 2026-06-29 16:39:44,899 | Orchestrator | [1/167] Elaborazione chiave: ROSIGNANO MARITTIMO_81_1145_NCT
INFO     | 2026-06-29 16:39:44,905 | Orchestrator |    -> Job già  presente in cache (Skip).
INFO     | 2026-06-29 16:39:44,906 | Orchestrator | [2/167] Elaborazione chiave: ROSIGNANO MARITTIMO_81_1148_NCT
INFO     | 2026-06-29 16:39:44,908 | Orchestrator |    -> Job già  presente in cache (Skip).
INFO     | 2026-06-29 16:39:44,917 | Orchestrator | [3/167] Elaborazione chiave: ROSIGNANO MARITTIMO_81_259_AA_NCT
INFO     | 2026-06-29 16:39:44,919 | Orchestrator |    -> Job già  presente in cache (Skip).
INFO     | 2026-06-29 16:39:44,929 | Orchestrator | [4/167] Elaborazione chiave: ROSIGNANO MARITTIMO_81_259_AB_NCT
INFO     | 2026-06-29 16:39:44,939 | Orchestrator |    -> Job già  presente in cache (Skip).
INFO     | 2026-06-29 16:39:44,956 | Orchestrator | [5/167] Elaborazione chiave: ROSIGNANO MARITTIMO_81_262_NCT
INFO     | 2026-06-29 16:39:44,958 | Orchestrator |    -> Job già  presente in cache (Skip).
INFO     | 2026-06-29 16:39:44,961 | Orchestrator | [6/167] Elaborazione chiave: ROSIGNANO MARITTIMO_81_1151_NCT
INFO     | 2026-06-29 16:39:44,964 | Orchestrator |    -> Job già  presente in cache (Skip).
INFO     | 2026-06-29 16:39:44,966 | Orchestrator | [7/167] Elaborazione chiave: ROSIGNANO MARITTIMO_81_1154_NCT
INFO     | 2026-06-29 16:39:44,968 | Orchestrator |    -> Job già  presente in cache (Skip).
INFO     | 2026-06-29 16:39:44,969 | Orchestrator | [8/167] Elaborazione chiave: ROSIGNANO MARITTIMO_81_1157_NCT
INFO     | 2026-06-29 16:39:44,971 | Orchestrator |    -> Job già  presente in cache (Skip).
INFO     | 2026-06-29 16:39:44,980 | Orchestrator | [9/167] Elaborazione chiave: ROSIGNANO MARITTIMO_81_1160_NCT
INFO     | 2026-06-29 16:39:44,986 | Orchestrator |    -> Job già  presente in cache (Skip).
INFO     | 2026-06-29 16:39:44,994 | Orchestrator | [10/167] Elaborazione chiave: ROSIGNANO MARITTIMO_81_1165_NCT
INFO     | 2026-06-29 16:39:45,002 | Orchestrator |    -> Job già  presente in cache (Skip).
INFO     | 2026-06-29 16:39:45,009 | Orchestrator | [11/167] Elaborazione chiave: ROSIGNANO MARITTIMO_86_717_NCT
INFO     | 2026-06-29 16:39:45,012 | Orchestrator |    -> Job già  presente in cache (Skip).
INFO     | 2026-06-29 16:39:45,018 | Orchestrator | [12/167] Elaborazione chiave: ROSIGNANO MARITTIMO_86_709_NCT
INFO     | 2026-06-29 16:39:45,020 | Orchestrator |    -> Job già  presente in cache (Skip).
INFO     | 2026-06-29 16:39:45,028 | Orchestrator | [13/167] Elaborazione chiave: ROSIGNANO MARITTIMO_86_706_NCT
INFO     | 2026-06-29 16:39:45,036 | Orchestrator |    -> Job già  presente in cache (Skip).
INFO     | 2026-06-29 16:39:45,042 | Orchestrator | [14/167] Elaborazione chiave: ROSIGNANO MARITTIMO_86_799_NCT
INFO     | 2026-06-29 16:39:45,045 | Orchestrator |    -> Job già  presente in cache (Skip).
INFO     | 2026-06-29 16:39:45,051 | Orchestrator | [15/167] Elaborazione chiave: ROSIGNANO MARITTIMO_86_714_NCT
INFO     | 2026-06-29 16:39:45,058 | Orchestrator |    -> Job già  presente in cache (Skip).
INFO     | 2026-06-29 16:39:45,061 | Orchestrator | [16/167] Elaborazione chiave: ROSIGNANO MARITTIMO_86_712_NCT
INFO     | 2026-06-29 16:39:45,068 | Orchestrator |    -> Job già  presente in cache (Skip).
INFO     | 2026-06-29 16:39:45,074 | Orchestrator | [17/167] Elaborazione chiave: ROSIGNANO MARITTIMO_86_713_NCT
INFO     | 2026-06-29 16:39:45,076 | Orchestrator |    -> Job già  presente in cache (Skip).
INFO     | 2026-06-29 16:39:45,078 | Orchestrator | [18/167] Elaborazione chiave: ROSIGNANO MARITTIMO_86_707_NCT
INFO     | 2026-06-29 16:39:45,080 | Orchestrator |    -> Job già  presente in cache (Skip).
INFO     | 2026-06-29 16:39:45,082 | Orchestrator | [19/167] Elaborazione chiave: ROSIGNANO MARITTIMO_86_710_AA_NCT
INFO     | 2026-06-29 16:39:45,083 | Orchestrator |    -> Job già  presente in cache (Skip).
INFO     | 2026-06-29 16:39:45,085 | Orchestrator | [20/167] Elaborazione chiave: ROSIGNANO MARITTIMO_86_710_AB_NCT
INFO     | 2026-06-29 16:39:45,087 | Orchestrator |    -> Job già  presente in cache (Skip).
INFO     | 2026-06-29 16:39:45,088 | Orchestrator | [21/167] Elaborazione chiave: ROSIGNANO MARITTIMO_86_796_NCT
INFO     | 2026-06-29 16:39:45,149 | SisterClient |    🎯 Form individuato nel Frame [0] (Tentativo radar 1/5). Verifica e iniezione dati...
INFO     | 2026-06-29 16:39:45,334 | SisterClient |    -> Cambio comune rilevato. Imposto: ROSIGNANO MARITTIMO...
INFO     | 2026-06-29 16:39:50,756 | SisterClient | 🤖 [GPT VISION] Codice analizzato per ROSIGNANO MARITTIMO FG 86 PART 796 -> Tentativo: 'ricaneri'
INFO     | 2026-06-29 16:39:52,303 | SisterClient |    ✅ Codice accettato o bypassato con successo al tentativo [1/2]!
INFO     | 2026-06-29 16:39:52,307 | CacheManager | Intercettazione del download per la visura: ROSIGNANO MARITTIMO_86_796_NCT
INFO     | 2026-06-29 16:39:57,128 | Orchestrator | Visura scaricata ed inserita in cache.
INFO     | 2026-06-29 16:39:57,133 | SisterClient | 🔄 Avvio della procedura di ritorno alla maschera principale...
INFO     | 2026-06-29 16:39:57,247 | SisterClient |    -> [Passo 1] Clic su bottone 'Indietro' strutturale.
INFO     | 2026-06-29 16:39:59,582 | SisterClient |    -> [Passo 2] Clic su bottone 'Indietro' strutturale.
INFO     | 2026-06-29 16:40:02,353 | SisterClient | ✅ Maschera principale agganciata con successo. Pronto per il prossimo job.
INFO     | 2026-06-29 16:40:02,358 | Orchestrator |    ⏳ Pausa mimetica: attendo 2.62 secondi prima del prossimo record...
INFO     | 2026-06-29 16:40:04,991 | Orchestrator | [22/167] Elaborazione chiave: ROSIGNANO MARITTIMO_86_782_NCT
INFO     | 2026-06-29 16:40:04,992 | Orchestrator |    -> Job già  presente in cache (Skip).
INFO     | 2026-06-29 16:40:05,007 | Orchestrator | [23/167] Elaborazione chiave: ROSIGNANO MARITTIMO_86_59_NCT
INFO     | 2026-06-29 16:40:05,023 | Orchestrator |    -> Job già  presente in cache (Skip).
INFO     | 2026-06-29 16:40:05,027 | Orchestrator | [24/167] Elaborazione chiave: ROSIGNANO MARITTIMO_86_720_NCT
INFO     | 2026-06-29 16:40:05,032 | Orchestrator |    -> Job già  presente in cache (Skip).
INFO     | 2026-06-29 16:40:05,052 | Orchestrator | [25/167] Elaborazione chiave: ROSIGNANO MARITTIMO_86_722_NCT
INFO     | 2026-06-29 16:40:05,070 | Orchestrator |    -> Job già  presente in cache (Skip).
INFO     | 2026-06-29 16:40:05,072 | Orchestrator | [26/167] Elaborazione chiave: ROSIGNANO MARITTIMO_86_723_NCT
INFO     | 2026-06-29 16:40:05,087 | Orchestrator |    -> Job già  presente in cache (Skip).
INFO     | 2026-06-29 16:40:05,104 | Orchestrator | [27/167] Elaborazione chiave: ROSIGNANO MARITTIMO_86_719_NCT
INFO     | 2026-06-29 16:40:05,109 | Orchestrator |    -> Job già  presente in cache (Skip).
INFO     | 2026-06-29 16:40:05,115 | Orchestrator | [28/167] Elaborazione chiave: ROSIGNANO MARITTIMO_86_124_NCT
INFO     | 2026-06-29 16:40:05,119 | Orchestrator |    -> Job già  presente in cache (Skip).
INFO     | 2026-06-29 16:40:05,133 | Orchestrator | [29/167] Elaborazione chiave: ROSIGNANO MARITTIMO_86_68_NCT
INFO     | 2026-06-29 16:40:05,138 | Orchestrator |    -> Job già  presente in cache (Skip).
INFO     | 2026-06-29 16:40:05,152 | Orchestrator | [30/167] Elaborazione chiave: ROSIGNANO MARITTIMO_86_87_NCT
INFO     | 2026-06-29 16:40:05,155 | Orchestrator |    -> Job già  presente in cache (Skip).
INFO     | 2026-06-29 16:40:05,158 | Orchestrator | [31/167] Elaborazione chiave: ROSIGNANO MARITTIMO_86_86_AA_NCT
INFO     | 2026-06-29 16:40:05,163 | Orchestrator |    -> Job già  presente in cache (Skip).
INFO     | 2026-06-29 16:40:05,165 | Orchestrator | [32/167] Elaborazione chiave: ROSIGNANO MARITTIMO_86_86_AB_NCT
INFO     | 2026-06-29 16:40:05,169 | Orchestrator |    -> Job già  presente in cache (Skip).
INFO     | 2026-06-29 16:40:05,171 | Orchestrator | [33/167] Elaborazione chiave: ROSIGNANO MARITTIMO_86_765_601_NCF
INFO     | 2026-06-29 16:40:05,173 | Orchestrator |    -> Job già  presente in cache (Skip).
INFO     | 2026-06-29 16:40:05,176 | Orchestrator | [34/167] Elaborazione chiave: ROSIGNANO MARITTIMO_86_606_AA_NCT
INFO     | 2026-06-29 16:40:05,187 | SisterClient |    🎯 Form individuato nel Frame [0] (Tentativo radar 1/5). Verifica e iniezione dati...
INFO     | 2026-06-29 16:40:05,247 | SisterClient |    -> Comune 'ROSIGNANO MARITTIMO' già agganciato. Salto la selezione del dropdown.
INFO     | 2026-06-29 16:40:09,253 | SisterClient | 🤖 [GPT VISION] Codice analizzato per ROSIGNANO MARITTIMO FG 86 PART 606 -> Tentativo: 'tipelci'
INFO     | 2026-06-29 16:40:10,770 | SisterClient |    ✅ Codice accettato o bypassato con successo al tentativo [1/2]!
INFO     | 2026-06-29 16:40:10,771 | CacheManager | Intercettazione del download per la visura: ROSIGNANO MARITTIMO_86_606_AA_NCT
INFO     | 2026-06-29 16:40:14,885 | Orchestrator | Visura scaricata ed inserita in cache.
INFO     | 2026-06-29 16:40:14,886 | SisterClient | 🔄 Avvio della procedura di ritorno alla maschera principale...
INFO     | 2026-06-29 16:40:14,953 | SisterClient |    -> [Passo 1] Clic su bottone 'Indietro' strutturale.
INFO     | 2026-06-29 16:40:17,446 | SisterClient |    -> [Passo 2] Clic su bottone 'Indietro' strutturale.
INFO     | 2026-06-29 16:40:20,290 | SisterClient | ✅ Maschera principale agganciata con successo. Pronto per il prossimo job.
INFO     | 2026-06-29 16:40:20,291 | Orchestrator |    ⏳ Pausa mimetica: attendo 6.68 secondi prima del prossimo record...
INFO     | 2026-06-29 16:40:26,980 | Orchestrator | [35/167] Elaborazione chiave: ROSIGNANO MARITTIMO_86_606_AB_NCT
INFO     | 2026-06-29 16:40:26,982 | Orchestrator |    -> Job già  presente in cache (Skip).
INFO     | 2026-06-29 16:40:26,985 | Orchestrator | [36/167] Elaborazione chiave: ROSIGNANO MARITTIMO_90_62_NCT
INFO     | 2026-06-29 16:40:26,998 | Orchestrator |    -> Job già  presente in cache (Skip).
INFO     | 2026-06-29 16:40:27,001 | Orchestrator | [37/167] Elaborazione chiave: ROSIGNANO MARITTIMO_90_4_605_NCF
INFO     | 2026-06-29 16:40:27,010 | Orchestrator |    -> Job già  presente in cache (Skip).
INFO     | 2026-06-29 16:40:27,013 | Orchestrator | [38/167] Elaborazione chiave: ROSIGNANO MARITTIMO_90_5_NCF
INFO     | 2026-06-29 16:40:27,027 | SisterClient |    🎯 Form individuato nel Frame [0] (Tentativo radar 1/5). Verifica e iniezione dati...
INFO     | 2026-06-29 16:40:28,100 | SisterClient |    -> Comune 'ROSIGNANO MARITTIMO' già agganciato. Salto la selezione del dropdown.
INFO     | 2026-06-29 16:40:31,451 | SisterClient | 🤖 [GPT VISION] Codice analizzato per ROSIGNANO MARITTIMO FG 90 PART 5 -> Tentativo: 'posalicuh'
WARNING  | 2026-06-29 16:40:32,622 | SisterClient |    ⚠️ Tentativo [1/2] fallito (Codice errato). Sister ha rigenerato l'immagine.
INFO     | 2026-06-29 16:40:34,075 | SisterClient | 🤖 [GPT VISION] Codice analizzato per ROSIGNANO MARITTIMO FG 90 PART 5 -> Tentativo: 'bavusse'
INFO     | 2026-06-29 16:40:35,294 | SisterClient |    ✅ Codice accettato o bypassato con successo al tentativo [2/2]!
INFO     | 2026-06-29 16:40:35,294 | CacheManager | Intercettazione del download per la visura: ROSIGNANO MARITTIMO_90_5_NCF
ERROR    | 2026-06-29 16:40:40,353 | Orchestrator | Anomalia riscontrata sul record: Impossibile completare il download del PDF (Documentazione non disponibile o schermata imprevista). Dettaglio: Locator.click: Timeout 5000ms exceeded.
Call log:
  - waiting for locator("input[type='submit'][name='metodo'][value='Salva']")
    - waiting for" https://sister3.agenziaentrate.gov.it/Visure/CheckRichiesta?par=VC&idRichiesta=2019182407&valRip=&uffSIT=1" navigation to finish...
    - navigated to "https://sister3.agenziaentrate.gov.it/Visure/CheckRichiesta?par=VC&idRichiesta=2019182407&valRip=&uffSIT=1"

INFO     | 2026-06-29 16:40:40,355 | SisterClient | 🔄 Avvio della procedura di ritorno alla maschera principale...
INFO     | 2026-06-29 16:40:40,369 | SisterClient |    -> [Passo 1] Clic su bottone 'Indietro' strutturale.
INFO     | 2026-06-29 16:40:42,787 | SisterClient |    -> [Passo 2] Clic su bottone 'Indietro' strutturale.
INFO     | 2026-06-29 16:40:45,174 | SisterClient | ✅ Maschera principale agganciata con successo. Pronto per il prossimo job.
INFO     | 2026-06-29 16:40:45,175 | Orchestrator |    ⏳ Pausa mimetica: attendo 8.05 secondi prima del prossimo record...
INFO     | 2026-06-29 16:40:53,243 | Orchestrator | [39/167] Elaborazione chiave: ROSIGNANO MARITTIMO_90_42_NCT
INFO     | 2026-06-29 16:40:53,244 | Orchestrator |    -> Job già  presente in cache (Skip).
INFO     | 2026-06-29 16:40:53,247 | Orchestrator | [40/167] Elaborazione chiave: ROSIGNANO MARITTIMO_90_63_610_NCF
INFO     | 2026-06-29 16:40:53,250 | Orchestrator |    -> Job già  presente in cache (Skip).
INFO     | 2026-06-29 16:40:53,252 | Orchestrator | [41/167] Elaborazione chiave: ROSIGNANO MARITTIMO_90_60_NCT
INFO     | 2026-06-29 16:40:53,256 | Orchestrator |    -> Job già  presente in cache (Skip).
INFO     | 2026-06-29 16:40:53,259 | Orchestrator | [42/167] Elaborazione chiave: ROSIGNANO MARITTIMO_90_9_NCT
INFO     | 2026-06-29 16:40:53,262 | Orchestrator |    -> Job già  presente in cache (Skip).
INFO     | 2026-06-29 16:40:53,265 | Orchestrator | [43/167] Elaborazione chiave: ROSIGNANO MARITTIMO_90_17_NCT
INFO     | 2026-06-29 16:40:53,267 | Orchestrator |    -> Job già  presente in cache (Skip).
INFO     | 2026-06-29 16:40:53,268 | Orchestrator | [44/167] Elaborazione chiave: ROSIGNANO MARITTIMO_90_7_NCT
INFO     | 2026-06-29 16:40:53,270 | Orchestrator |    -> Job già  presente in cache (Skip).
INFO     | 2026-06-29 16:40:53,272 | Orchestrator | [45/167] Elaborazione chiave: ROSIGNANO MARITTIMO_90_59_NCT
INFO     | 2026-06-29 16:40:53,275 | Orchestrator |    -> Job già  presente in cache (Skip).
INFO     | 2026-06-29 16:40:53,277 | Orchestrator | [46/167] Elaborazione chiave: ROSIGNANO MARITTIMO_90_47_602_NCF
INFO     | 2026-06-29 16:40:53,288 | Orchestrator |    -> Job già  presente in cache (Skip).
INFO     | 2026-06-29 16:40:53,299 | Orchestrator | [47/167] Elaborazione chiave: ROSIGNANO MARITTIMO_90_21_NCT
INFO     | 2026-06-29 16:40:53,301 | Orchestrator |    -> Job già  presente in cache (Skip).
INFO     | 2026-06-29 16:40:53,303 | Orchestrator | [48/167] Elaborazione chiave: ROSIGNANO MARITTIMO_90_22_NCT
INFO     | 2026-06-29 16:40:53,305 | Orchestrator |    -> Job già  presente in cache (Skip).
INFO     | 2026-06-29 16:40:53,307 | Orchestrator | [49/167] Elaborazione chiave: ROSIGNANO MARITTIMO_90_11_NCT
INFO     | 2026-06-29 16:40:53,310 | Orchestrator |    -> Job già  presente in cache (Skip).
INFO     | 2026-06-29 16:40:53,318 | Orchestrator | [50/167] Elaborazione chiave: ROSIGNANO MARITTIMO_90_46_602_NCF
INFO     | 2026-06-29 16:40:53,321 | Orchestrator |    -> Job già  presente in cache (Skip).
INFO     | 2026-06-29 16:40:53,322 | Orchestrator | [51/167] Elaborazione chiave: ROSIGNANO MARITTIMO_90_23_NCT
INFO     | 2026-06-29 16:40:53,325 | Orchestrator |    -> Job già  presente in cache (Skip).
INFO     | 2026-06-29 16:40:53,326 | Orchestrator | [52/167] Elaborazione chiave: ROSIGNANO MARITTIMO_90_51_NCT
INFO     | 2026-06-29 16:40:53,335 | Orchestrator |    -> Job già  presente in cache (Skip).
INFO     | 2026-06-29 16:40:53,337 | Orchestrator | [53/167] Elaborazione chiave: ROSIGNANO MARITTIMO_90_13_AA_NCT
INFO     | 2026-06-29 16:40:53,339 | Orchestrator |    -> Job già  presente in cache (Skip).
INFO     | 2026-06-29 16:40:53,345 | Orchestrator | [54/167] Elaborazione chiave: ROSIGNANO MARITTIMO_90_13_AB_NCT
INFO     | 2026-06-29 16:40:53,349 | Orchestrator |    -> Job già  presente in cache (Skip).
INFO     | 2026-06-29 16:40:53,350 | Orchestrator | [55/167] Elaborazione chiave: ROSIGNANO MARITTIMO_92_5_AA_NCT
INFO     | 2026-06-29 16:40:53,352 | Orchestrator |    -> Job già  presente in cache (Skip).
INFO     | 2026-06-29 16:40:53,354 | Orchestrator | [56/167] Elaborazione chiave: ROSIGNANO MARITTIMO_92_5_AB_NCT
INFO     | 2026-06-29 16:40:53,364 | Orchestrator |    -> Job già  presente in cache (Skip).
INFO     | 2026-06-29 16:40:53,365 | Orchestrator | [57/167] Elaborazione chiave: ROSIGNANO MARITTIMO_92_6_NCT
INFO     | 2026-06-29 16:40:53,373 | SisterClient |    🎯 Form individuato nel Frame [0] (Tentativo radar 1/5). Verifica e iniezione dati...
INFO     | 2026-06-29 16:40:54,440 | SisterClient |    -> Comune 'ROSIGNANO MARITTIMO' già agganciato. Salto la selezione del dropdown.
INFO     | 2026-06-29 16:40:57,569 | SisterClient | 🤖 [GPT VISION] Codice analizzato per ROSIGNANO MARITTIMO FG 92 PART 6 -> Tentativo: 'dorapute'
INFO     | 2026-06-29 16:40:58,778 | SisterClient |    ✅ Codice accettato o bypassato con successo al tentativo [1/2]!
INFO     | 2026-06-29 16:40:58,779 | CacheManager | Intercettazione del download per la visura: ROSIGNANO MARITTIMO_92_6_NCT
INFO     | 2026-06-29 16:41:03,173 | Orchestrator | Visura scaricata ed inserita in cache.
INFO     | 2026-06-29 16:41:03,173 | SisterClient | 🔄 Avvio della procedura di ritorno alla maschera principale...
INFO     | 2026-06-29 16:41:03,254 | SisterClient |    -> [Passo 1] Clic su bottone 'Indietro' strutturale.
INFO     | 2026-06-29 16:41:05,589 | SisterClient |    -> [Passo 2] Clic su bottone 'Indietro' strutturale.
INFO     | 2026-06-29 16:41:07,890 | SisterClient | ✅ Maschera principale agganciata con successo. Pronto per il prossimo job.
INFO     | 2026-06-29 16:41:07,891 | Orchestrator |    ⏳ Pausa mimetica: attendo 7.09 secondi prima del prossimo record...
INFO     | 2026-06-29 16:41:14,993 | Orchestrator | [58/167] Elaborazione chiave: ROSIGNANO MARITTIMO_92_10_AA_NCT
INFO     | 2026-06-29 16:41:14,997 | Orchestrator |    -> Job già  presente in cache (Skip).
INFO     | 2026-06-29 16:41:15,005 | Orchestrator | [59/167] Elaborazione chiave: ROSIGNANO MARITTIMO_92_10_AB_NCT
INFO     | 2026-06-29 16:41:15,008 | Orchestrator |    -> Job già  presente in cache (Skip).
INFO     | 2026-06-29 16:41:15,009 | Orchestrator | [60/167] Elaborazione chiave: ROSIGNANO MARITTIMO_92_9_NCT
INFO     | 2026-06-29 16:41:15,013 | Orchestrator |    -> Job già  presente in cache (Skip).
INFO     | 2026-06-29 16:41:15,022 | Orchestrator | [61/167] Elaborazione chiave: ROSIGNANO MARITTIMO_92_44_NCT
INFO     | 2026-06-29 16:41:15,029 | Orchestrator |    -> Job già  presente in cache (Skip).
INFO     | 2026-06-29 16:41:15,034 | Orchestrator | [62/167] Elaborazione chiave: ROSIGNANO MARITTIMO_92_11_AA_NCT
INFO     | 2026-06-29 16:41:15,046 | Orchestrator |    -> Job già  presente in cache (Skip).
INFO     | 2026-06-29 16:41:15,050 | Orchestrator | [63/167] Elaborazione chiave: ROSIGNANO MARITTIMO_92_11_AB_NCT
INFO     | 2026-06-29 16:41:15,052 | Orchestrator |    -> Job già  presente in cache (Skip).
INFO     | 2026-06-29 16:41:15,054 | Orchestrator | [64/167] Elaborazione chiave: ROSIGNANO MARITTIMO_92_11_AC_NCT
INFO     | 2026-06-29 16:41:15,057 | Orchestrator |    -> Job già  presente in cache (Skip).
INFO     | 2026-06-29 16:41:15,060 | Orchestrator | [65/167] Elaborazione chiave: ROSIGNANO MARITTIMO_92_39_NCT
INFO     | 2026-06-29 16:41:15,069 | Orchestrator |    -> Job già  presente in cache (Skip).
INFO     | 2026-06-29 16:41:15,071 | Orchestrator | [66/167] Elaborazione chiave: ROSIGNANO MARITTIMO_98_138_NCT
INFO     | 2026-06-29 16:41:15,100 | SisterClient |    🎯 Form individuato nel Frame [0] (Tentativo radar 1/5). Verifica e iniezione dati...
INFO     | 2026-06-29 16:41:15,137 | SisterClient |    -> Comune 'ROSIGNANO MARITTIMO' già agganciato. Salto la selezione del dropdown.
INFO     | 2026-06-29 16:41:26,760 | SisterClient | 🤖 [GPT VISION] Codice analizzato per ROSIGNANO MARITTIMO FG 98 PART 138 -> Tentativo: 'non riesco a vedere alcun testo nell'immagine fornita.'
WARNING  | 2026-06-29 16:41:27,846 | SisterClient |    ⚠️ Tentativo [1/2] fallito (Codice errato). Sister ha rigenerato l'immagine.
INFO     | 2026-06-29 16:41:29,834 | SisterClient | 🤖 [GPT VISION] Codice analizzato per ROSIGNANO MARITTIMO FG 98 PART 138 -> Tentativo: 'maturile'
WARNING  | 2026-06-29 16:41:30,971 | SisterClient |    ⚠️ Tentativo [2/2] fallito (Codice errato). Sister ha rigenerato l'immagine.
ERROR    | 2026-06-29 16:41:30,972 | SisterClient |    ❌ Falliti 2 tentativi di codice consecutivi per la particella 138.
ERROR    | 2026-06-29 16:41:31,918 | Orchestrator | Anomalia riscontrata sul record: Codice di sicurezza errato per 2 volte consecutive. Record saltato.
INFO     | 2026-06-29 16:41:31,919 | SisterClient | 🔄 Avvio della procedura di ritorno alla maschera principale...
INFO     | 2026-06-29 16:41:31,937 | SisterClient | ✅ Maschera principale agganciata con successo. Pronto per il prossimo job.
INFO     | 2026-06-29 16:41:31,937 | Orchestrator |    ⏳ Pausa mimetica: attendo 6.87 secondi prima del prossimo record...
INFO     | 2026-06-29 16:41:38,820 | Orchestrator | [67/167] Elaborazione chiave: ROSIGNANO MARITTIMO_98_139_NCT
INFO     | 2026-06-29 16:41:38,821 | Orchestrator |    -> Job già  presente in cache (Skip).
INFO     | 2026-06-29 16:41:38,823 | Orchestrator | [68/167] Elaborazione chiave: ROSIGNANO MARITTIMO_98_154_NCT
INFO     | 2026-06-29 16:41:38,832 | Orchestrator |    -> Job già  presente in cache (Skip).
INFO     | 2026-06-29 16:41:38,835 | Orchestrator | [69/167] Elaborazione chiave: ROSIGNANO MARITTIMO_98_155_NCT
INFO     | 2026-06-29 16:41:38,846 | Orchestrator |    -> Job già  presente in cache (Skip).
INFO     | 2026-06-29 16:41:38,848 | Orchestrator | [70/167] Elaborazione chiave: ROSIGNANO MARITTIMO_98_44_NCF
INFO     | 2026-06-29 16:41:38,851 | Orchestrator |    -> Job già  presente in cache (Skip).
INFO     | 2026-06-29 16:41:38,853 | Orchestrator | [71/167] Elaborazione chiave: ROSIGNANO MARITTIMO_98_153_NCT
INFO     | 2026-06-29 16:41:38,856 | Orchestrator |    -> Job già  presente in cache (Skip).
INFO     | 2026-06-29 16:41:38,857 | Orchestrator | [72/167] Elaborazione chiave: ROSIGNANO MARITTIMO_98_8_AA_NCT
INFO     | 2026-06-29 16:41:38,867 | Orchestrator |    -> Job già  presente in cache (Skip).
INFO     | 2026-06-29 16:41:38,869 | Orchestrator | [73/167] Elaborazione chiave: ROSIGNANO MARITTIMO_98_8_AB_NCT
INFO     | 2026-06-29 16:41:38,872 | Orchestrator |    -> Job già  presente in cache (Skip).
INFO     | 2026-06-29 16:41:38,873 | Orchestrator | [74/167] Elaborazione chiave: ROSIGNANO MARITTIMO_98_40_NCT
INFO     | 2026-06-29 16:41:38,881 | SisterClient |    🎯 Form individuato nel Frame [0] (Tentativo radar 1/5). Verifica e iniezione dati...
INFO     | 2026-06-29 16:41:38,915 | SisterClient |    -> Comune 'ROSIGNANO MARITTIMO' già agganciato. Salto la selezione del dropdown.
INFO     | 2026-06-29 16:41:41,825 | SisterClient | 🤖 [GPT VISION] Codice analizzato per ROSIGNANO MARITTIMO FG 98 PART 40 -> Tentativo: 'purati'
INFO     | 2026-06-29 16:41:43,175 | SisterClient |    ✅ Codice accettato o bypassato con successo al tentativo [1/2]!
INFO     | 2026-06-29 16:41:43,175 | CacheManager | Intercettazione del download per la visura: ROSIGNANO MARITTIMO_98_40_NCT
INFO     | 2026-06-29 16:41:47,035 | Orchestrator | Visura scaricata ed inserita in cache.
INFO     | 2026-06-29 16:41:47,036 | SisterClient | 🔄 Avvio della procedura di ritorno alla maschera principale...
INFO     | 2026-06-29 16:41:47,086 | SisterClient |    -> [Passo 1] Clic su bottone 'Indietro' strutturale.
INFO     | 2026-06-29 16:41:49,354 | SisterClient |    -> [Passo 2] Clic su bottone 'Indietro' strutturale.
INFO     | 2026-06-29 16:41:51,611 | SisterClient | ✅ Maschera principale agganciata con successo. Pronto per il prossimo job.
INFO     | 2026-06-29 16:41:51,612 | Orchestrator |    ⏳ Pausa mimetica: attendo 8.30 secondi prima del prossimo record...
INFO     | 2026-06-29 16:41:59,927 | Orchestrator | [75/167] Elaborazione chiave: ROSIGNANO MARITTIMO_98_161_NCT
INFO     | 2026-06-29 16:41:59,928 | Orchestrator |    -> Job già  presente in cache (Skip).
INFO     | 2026-06-29 16:41:59,938 | Orchestrator | [76/167] Elaborazione chiave: ROSIGNANO MARITTIMO_98_162_NCT
INFO     | 2026-06-29 16:41:59,948 | SisterClient |    🎯 Form individuato nel Frame [0] (Tentativo radar 1/5). Verifica e iniezione dati...
INFO     | 2026-06-29 16:41:59,985 | SisterClient |    -> Comune 'ROSIGNANO MARITTIMO' già agganciato. Salto la selezione del dropdown.
INFO     | 2026-06-29 16:42:02,086 | SisterClient |    🚀 [MASTER BYPASS] Pagina senza captcha rilevata! Applico un'esitazione dinamica di sicurezza...
INFO     | 2026-06-29 16:42:05,232 | SisterClient |    ✅ Codice accettato o bypassato con successo al tentativo [1/2]!
INFO     | 2026-06-29 16:42:05,233 | CacheManager | Intercettazione del download per la visura: ROSIGNANO MARITTIMO_98_162_NCT
INFO     | 2026-06-29 16:42:08,551 | Orchestrator | Visura scaricata ed inserita in cache.
INFO     | 2026-06-29 16:42:08,552 | SisterClient | 🔄 Avvio della procedura di ritorno alla maschera principale...
INFO     | 2026-06-29 16:42:08,616 | SisterClient |    -> [Passo 1] Clic su bottone 'Indietro' strutturale.
INFO     | 2026-06-29 16:42:10,978 | SisterClient |    -> [Passo 2] Clic su bottone 'Indietro' strutturale.
INFO     | 2026-06-29 16:42:13,428 | SisterClient | ✅ Maschera principale agganciata con successo. Pronto per il prossimo job.
INFO     | 2026-06-29 16:42:13,430 | Orchestrator |    ⏳ Pausa mimetica: attendo 2.98 secondi prima del prossimo record...
INFO     | 2026-06-29 16:42:16,423 | Orchestrator | [77/167] Elaborazione chiave: ROSIGNANO MARITTIMO_98_163_NCT
INFO     | 2026-06-29 16:42:16,424 | Orchestrator |    -> Job già  presente in cache (Skip).
INFO     | 2026-06-29 16:42:16,427 | Orchestrator | [78/167] Elaborazione chiave: ROSIGNANO MARITTIMO_98_46_NCF
INFO     | 2026-06-29 16:42:16,437 | SisterClient |    🎯 Form individuato nel Frame [0] (Tentativo radar 1/5). Verifica e iniezione dati...
INFO     | 2026-06-29 16:42:17,524 | SisterClient |    -> Comune 'ROSIGNANO MARITTIMO' già agganciato. Salto la selezione del dropdown.
INFO     | 2026-06-29 16:42:21,188 | SisterClient | 🤖 [GPT VISION] Codice analizzato per ROSIGNANO MARITTIMO FG 98 PART 46 -> Tentativo: 'qafiniiv'
WARNING  | 2026-06-29 16:42:22,163 | SisterClient |    ⚠️ Tentativo [1/2] fallito (Codice errato). Sister ha rigenerato l'immagine.
INFO     | 2026-06-29 16:42:23,536 | SisterClient | 🤖 [GPT VISION] Codice analizzato per ROSIGNANO MARITTIMO FG 98 PART 46 -> Tentativo: 'qumille'
WARNING  | 2026-06-29 16:42:24,709 | SisterClient |    ⚠️ Tentativo [2/2] fallito (Codice errato). Sister ha rigenerato l'immagine.
ERROR    | 2026-06-29 16:42:24,710 | SisterClient |    ❌ Falliti 2 tentativi di codice consecutivi per la particella 46.
ERROR    | 2026-06-29 16:42:25,498 | Orchestrator | Anomalia riscontrata sul record: Codice di sicurezza errato per 2 volte consecutive. Record saltato.
INFO     | 2026-06-29 16:42:25,503 | SisterClient | 🔄 Avvio della procedura di ritorno alla maschera principale...
INFO     | 2026-06-29 16:42:25,537 | SisterClient | ✅ Maschera principale agganciata con successo. Pronto per il prossimo job.
INFO     | 2026-06-29 16:42:25,538 | Orchestrator |    ⏳ Pausa mimetica: attendo 6.03 secondi prima del prossimo record...
INFO     | 2026-06-29 16:42:31,580 | Orchestrator | [79/167] Elaborazione chiave: ROSIGNANO MARITTIMO_98_45_NCT
INFO     | 2026-06-29 16:42:31,584 | SisterClient |    🎯 Form individuato nel Frame [0] (Tentativo radar 1/5). Verifica e iniezione dati...
INFO     | 2026-06-29 16:42:32,648 | SisterClient |    -> Comune 'ROSIGNANO MARITTIMO' già agganciato. Salto la selezione del dropdown.
INFO     | 2026-06-29 16:42:35,700 | SisterClient | 🤖 [GPT VISION] Codice analizzato per ROSIGNANO MARITTIMO FG 98 PART 45 -> Tentativo: 'bubitano'
INFO     | 2026-06-29 16:42:37,142 | SisterClient |    ✅ Codice accettato o bypassato con successo al tentativo [1/2]!
INFO     | 2026-06-29 16:42:37,143 | CacheManager | Intercettazione del download per la visura: ROSIGNANO MARITTIMO_98_45_NCT
INFO     | 2026-06-29 16:42:41,150 | Orchestrator | Visura scaricata ed inserita in cache.
INFO     | 2026-06-29 16:42:41,153 | SisterClient | 🔄 Avvio della procedura di ritorno alla maschera principale...
INFO     | 2026-06-29 16:42:41,557 | SisterClient |    -> [Passo 1] Clic su bottone 'Indietro' strutturale.
INFO     | 2026-06-29 16:42:43,947 | SisterClient |    -> [Passo 2] Clic su bottone 'Indietro' strutturale.
INFO     | 2026-06-29 16:42:46,204 | SisterClient | ✅ Maschera principale agganciata con successo. Pronto per il prossimo job.
INFO     | 2026-06-29 16:42:46,205 | Orchestrator |    ⏳ Pausa mimetica: attendo 4.76 secondi prima del prossimo record...
INFO     | 2026-06-29 16:42:50,980 | Orchestrator | [80/167] Elaborazione chiave: ROSIGNANO MARITTIMO_98_85_NCT
INFO     | 2026-06-29 16:42:50,981 | Orchestrator |    -> Job già  presente in cache (Skip).
INFO     | 2026-06-29 16:42:50,992 | Orchestrator | [81/167] Elaborazione chiave: ROSIGNANO MARITTIMO_98_86_NCT
INFO     | 2026-06-29 16:42:50,997 | Orchestrator |    -> Job già  presente in cache (Skip).
INFO     | 2026-06-29 16:42:51,000 | Orchestrator | [82/167] Elaborazione chiave: ROSIGNANO MARITTIMO_98_87_NCT
INFO     | 2026-06-29 16:42:51,015 | SisterClient |    🎯 Form individuato nel Frame [0] (Tentativo radar 1/5). Verifica e iniezione dati...
INFO     | 2026-06-29 16:42:51,048 | SisterClient |    -> Comune 'ROSIGNANO MARITTIMO' già agganciato. Salto la selezione del dropdown.
INFO     | 2026-06-29 16:42:54,112 | SisterClient | 🤖 [GPT VISION] Codice analizzato per ROSIGNANO MARITTIMO FG 98 PART 87 -> Tentativo: 'beciundde'
WARNING  | 2026-06-29 16:42:55,419 | SisterClient |    ⚠️ Tentativo [1/2] fallito (Codice errato). Sister ha rigenerato l'immagine.
INFO     | 2026-06-29 16:42:59,934 | SisterClient | 🤖 [GPT VISION] Codice analizzato per ROSIGNANO MARITTIMO FG 98 PART 87 -> Tentativo: 'qivnglia'
WARNING  | 2026-06-29 16:43:01,046 | SisterClient |    ⚠️ Tentativo [2/2] fallito (Codice errato). Sister ha rigenerato l'immagine.
ERROR    | 2026-06-29 16:43:01,047 | SisterClient |    ❌ Falliti 2 tentativi di codice consecutivi per la particella 87.
ERROR    | 2026-06-29 16:43:01,898 | Orchestrator | Anomalia riscontrata sul record: Codice di sicurezza errato per 2 volte consecutive. Record saltato.
INFO     | 2026-06-29 16:43:01,903 | SisterClient | 🔄 Avvio della procedura di ritorno alla maschera principale...
INFO     | 2026-06-29 16:43:01,920 | SisterClient | ✅ Maschera principale agganciata con successo. Pronto per il prossimo job.
INFO     | 2026-06-29 16:43:01,921 | Orchestrator |    ⏳ Pausa mimetica: attendo 5.99 secondi prima del prossimo record...
INFO     | 2026-06-29 16:43:07,931 | Orchestrator | [83/167] Elaborazione chiave: ROSIGNANO MARITTIMO_102_302_NCT
INFO     | 2026-06-29 16:43:07,936 | SisterClient |    🎯 Form individuato nel Frame [0] (Tentativo radar 1/5). Verifica e iniezione dati...
INFO     | 2026-06-29 16:43:07,971 | SisterClient |    -> Comune 'ROSIGNANO MARITTIMO' già agganciato. Salto la selezione del dropdown.
INFO     | 2026-06-29 16:43:11,287 | SisterClient | 🤖 [GPT VISION] Codice analizzato per ROSIGNANO MARITTIMO FG 102 PART 302 -> Tentativo: 'adersivi'
INFO     | 2026-06-29 16:43:12,763 | SisterClient |    ✅ Codice accettato o bypassato con successo al tentativo [1/2]!
INFO     | 2026-06-29 16:43:12,764 | CacheManager | Intercettazione del download per la visura: ROSIGNANO MARITTIMO_102_302_NCT
ERROR    | 2026-06-29 16:43:17,865 | Orchestrator | Anomalia riscontrata sul record: Impossibile completare il download del PDF (Documentazione non disponibile o schermata imprevista). Dettaglio: Locator.click: Timeout 5000ms exceeded.
Call log:
  - waiting for locator("input[type='submit'][name='metodo'][value='Salva']")
    - waiting for" https://sister3.agenziaentrate.gov.it/Visure/CheckRichiesta?par=VC&idRichiesta=2019184529&valRip=&uffSIT=1" navigation to finish...
    - navigated to "https://sister3.agenziaentrate.gov.it/Visure/CheckRichiesta?par=VC&idRichiesta=2019184529&valRip=&uffSIT=1"
    - locator resolved to <input type="submit" name="metodo" value="Salva"/>
  - attempting click action
    - waiting for element to be visible, enabled and stable
    - element is visible, enabled and stable
    - scrolling into view if needed
    - done scrolling
    - performing click action
    - click action done
    - waiting for scheduled navigations to finish

INFO     | 2026-06-29 16:43:17,868 | SisterClient | 🔄 Avvio della procedura di ritorno alla maschera principale...
INFO     | 2026-06-29 16:43:25,741 | SisterClient |    -> [Passo 1] Clic su bottone 'Indietro' strutturale.
WARNING  | 2026-06-29 16:43:27,964 | SisterClient |    -> [Passo 2] Nessun bottone rilevato (schermata di errore). Eseguo go_back() nativo...
INFO     | 2026-06-29 16:43:30,310 | SisterClient |    -> [Passo 3] Clic su bottone 'Indietro' strutturale.
WARNING  | 2026-06-29 16:43:32,447 | SisterClient |    -> [Passo 4] Nessun bottone rilevato (schermata di errore). Eseguo go_back() nativo...
INFO     | 2026-06-29 16:43:34,682 | SisterClient |    -> [Passo 5] Clic su bottone 'Indietro' strutturale.
WARNING  | 2026-06-29 16:43:36,805 | SisterClient |    🚨 Navigazione a ritroso fallita dopo 5 tentativi. Tento ricaricamento radice strutturale...
INFO     | 2026-06-29 16:43:36,806 | SisterClient |    -> Reset transazione server: vado alla radice dei servizi...
INFO     | 2026-06-29 16:43:39,079 | SisterClient |    -> Rigenerazione maschera pulita: vado a https://sister3.agenziaentrate.gov.it/Visure/SceltaLink.do?lista=IMM&codUfficio=LI
ERROR    | 2026-06-29 16:43:44,215 | Orchestrator | Impossibile ripristinare il modulo: Browser de-sincronizzato: forzato ricaricamento radice d'emergenza per resettare lo stato applicativo.
INFO     | 2026-06-29 16:43:44,216 | Orchestrator |    ⏳ Pausa mimetica: attendo 4.14 secondi prima del prossimo record...
INFO     | 2026-06-29 16:43:48,367 | Orchestrator | [84/167] Elaborazione chiave: ROSIGNANO MARITTIMO_102_303_NCT
ERROR    | 2026-06-29 16:43:53,429 | Orchestrator | Anomalia riscontrata sul record: Impossibile agganciare la maschera nei frame per l'iniezione dei parametri (Timeout rendering struttura).
INFO     | 2026-06-29 16:43:53,430 | SisterClient | 🔄 Avvio della procedura di ritorno alla maschera principale...
WARNING  | 2026-06-29 16:43:53,440 | SisterClient |    -> [Passo 1] Nessun bottone rilevato (schermata di errore). Eseguo go_back() nativo...
WARNING  | 2026-06-29 16:43:55,640 | SisterClient |    -> [Passo 2] Nessun bottone rilevato (schermata di errore). Eseguo go_back() nativo...
WARNING  | 2026-06-29 16:43:57,700 | SisterClient |    -> [Passo 3] Nessun bottone rilevato (schermata di errore). Eseguo go_back() nativo...
INFO     | 2026-06-29 16:43:59,990 | SisterClient |    -> [Passo 4] Clic su bottone 'Indietro' strutturale.
WARNING  | 2026-06-29 16:44:02,132 | SisterClient |    -> [Passo 5] Nessun bottone rilevato (schermata di errore). Eseguo go_back() nativo...
WARNING  | 2026-06-29 16:44:04,308 | SisterClient |    🚨 Navigazione a ritroso fallita dopo 5 tentativi. Tento ricaricamento radice strutturale...
INFO     | 2026-06-29 16:44:04,309 | SisterClient |    -> Reset transazione server: vado alla radice dei servizi...
INFO     | 2026-06-29 16:44:06,614 | SisterClient |    -> Rigenerazione maschera pulita: vado a https://sister3.agenziaentrate.gov.it/Visure/SceltaLink.do?lista=IMM&codUfficio=LI
ERROR    | 2026-06-29 16:44:09,805 | Orchestrator | Impossibile ripristinare il modulo: Browser de-sincronizzato: forzato ricaricamento radice d'emergenza per resettare lo stato applicativo.
INFO     | 2026-06-29 16:44:09,806 | Orchestrator |    ⏳ Pausa mimetica: attendo 5.03 secondi prima del prossimo record...
INFO     | 2026-06-29 16:44:14,847 | Orchestrator | [85/167] Elaborazione chiave: ROSIGNANO MARITTIMO_102_300_NCT
ERROR    | 2026-06-29 16:44:19,904 | Orchestrator | Anomalia riscontrata sul record: Impossibile agganciare la maschera nei frame per l'iniezione dei parametri (Timeout rendering struttura).
INFO     | 2026-06-29 16:44:19,907 | SisterClient | 🔄 Avvio della procedura di ritorno alla maschera principale...
WARNING  | 2026-06-29 16:44:19,918 | SisterClient |    -> [Passo 1] Nessun bottone rilevato (schermata di errore). Eseguo go_back() nativo...
WARNING  | 2026-06-29 16:44:22,088 | SisterClient |    -> [Passo 2] Nessun bottone rilevato (schermata di errore). Eseguo go_back() nativo...
INFO     | 2026-06-29 16:44:24,277 | SisterClient |    -> [Passo 3] Clic su bottone 'Indietro' strutturale.
WARNING  | 2026-06-29 16:44:26,414 | SisterClient |    -> [Passo 4] Nessun bottone rilevato (schermata di errore). Eseguo go_back() nativo...
INFO     | 2026-06-29 16:44:28,639 | SisterClient |    -> [Passo 5] Clic su bottone 'Indietro' strutturale.
WARNING  | 2026-06-29 16:44:30,739 | SisterClient |    🚨 Navigazione a ritroso fallita dopo 5 tentativi. Tento ricaricamento radice strutturale...
INFO     | 2026-06-29 16:44:30,740 | SisterClient |    -> Reset transazione server: vado alla radice dei servizi...
INFO     | 2026-06-29 16:44:33,009 | SisterClient |    -> Rigenerazione maschera pulita: vado a https://sister3.agenziaentrate.gov.it/Visure/SceltaLink.do?lista=IMM&codUfficio=LI
ERROR    | 2026-06-29 16:44:36,276 | Orchestrator | Impossibile ripristinare il modulo: Browser de-sincronizzato: forzato ricaricamento radice d'emergenza per resettare lo stato applicativo.
INFO     | 2026-06-29 16:44:36,277 | Orchestrator |    ⏳ Pausa mimetica: attendo 7.45 secondi prima del prossimo record...
INFO     | 2026-06-29 16:44:43,734 | Orchestrator | [86/167] Elaborazione chiave: ROSIGNANO MARITTIMO_102_301_NCT
INFO     | 2026-06-29 16:44:43,735 | Orchestrator |    -> Job già  presente in cache (Skip).
INFO     | 2026-06-29 16:44:43,743 | Orchestrator | [87/167] Elaborazione chiave: ROSIGNANO MARITTIMO_102_350_NCF
ERROR    | 2026-06-29 16:44:48,802 | Orchestrator | Anomalia riscontrata sul record: Impossibile agganciare la maschera nei frame per l'iniezione dei parametri (Timeout rendering struttura).
INFO     | 2026-06-29 16:44:48,804 | SisterClient | 🔄 Avvio della procedura di ritorno alla maschera principale...
WARNING  | 2026-06-29 16:44:48,815 | SisterClient |    -> [Passo 1] Nessun bottone rilevato (schermata di errore). Eseguo go_back() nativo...
WARNING  | 2026-06-29 16:44:51,043 | SisterClient |    -> [Passo 2] Nessun bottone rilevato (schermata di errore). Eseguo go_back() nativo...
WARNING  | 2026-06-29 16:44:53,092 | SisterClient |    -> [Passo 3] Nessun bottone rilevato (schermata di errore). Eseguo go_back() nativo...
INFO     | 2026-06-29 16:44:55,276 | SisterClient |    -> [Passo 4] Clic su bottone 'Indietro' strutturale.
WARNING  | 2026-06-29 16:44:57,428 | SisterClient |    -> [Passo 5] Nessun bottone rilevato (schermata di errore). Eseguo go_back() nativo...
WARNING  | 2026-06-29 16:44:59,575 | SisterClient |    🚨 Navigazione a ritroso fallita dopo 5 tentativi. Tento ricaricamento radice strutturale...
INFO     | 2026-06-29 16:44:59,577 | SisterClient |    -> Reset transazione server: vado alla radice dei servizi...
INFO     | 2026-06-29 16:45:01,911 | SisterClient |    -> Rigenerazione maschera pulita: vado a https://sister3.agenziaentrate.gov.it/Visure/SceltaLink.do?lista=IMM&codUfficio=LI
ERROR    | 2026-06-29 16:45:05,180 | Orchestrator | Impossibile ripristinare il modulo: Browser de-sincronizzato: forzato ricaricamento radice d'emergenza per resettare lo stato applicativo.
INFO     | 2026-06-29 16:45:05,181 | Orchestrator |    ⏳ Pausa mimetica: attendo 6.60 secondi prima del prossimo record...
CRITICAL | 2026-06-29 16:45:11,794 | Orchestrator | Rilevati 4 disallineamenti strutturali consecutivi del browser!
INFO     | 2026-06-29 16:48:09,710 | Orchestrator | === [FASE 1] CARICAMENTO DATI LOCALI ===
INFO     | 2026-06-29 16:48:09,964 | Orchestrator | Righe valide: 46 | Job unici da elaborare: 24
INFO     | 2026-06-29 16:48:09,965 | Orchestrator | === [FASE 2] AVVIO AUTOMAZIONE SISTER ===
CRITICAL | 2026-06-29 16:48:46,801 | Orchestrator | Automazione interrotta o completata prematuramente: Page.wait_for_timeout: Target page, context or browser has been closed
INFO     | 2026-06-29 16:48:46,803 | Orchestrator | === [FASE 3] FINALIZZAZIONE OUTPUT E REPORTING ===
INFO     | 2026-06-29 16:48:46,811 | FolderBuilder | Avvio smistamento strutturato delle visure secondo il layout dinamico del cliente...
DEBUG    | 2026-06-29 16:48:46,828 | FolderBuilder | Smistato strutturato: LI-ROSIGNANO MARITTIMO-81-1157.pdf -> Campo FV 13\cancelli ingresso
DEBUG    | 2026-06-29 16:48:46,833 | FolderBuilder | Smistato strutturato: LI-ROSIGNANO MARITTIMO-81-1157.pdf -> Campo FV 13\cabine
DEBUG    | 2026-06-29 16:48:46,838 | FolderBuilder | Smistato strutturato: LI-ROSIGNANO MARITTIMO-81-1160.pdf -> Campo FV 13
DEBUG    | 2026-06-29 16:48:46,841 | FolderBuilder | Smistato strutturato: LI-ROSIGNANO MARITTIMO-81-1160.pdf -> Campo FV 13\cancelli ingresso
DEBUG    | 2026-06-29 16:48:46,847 | FolderBuilder | Smistato strutturato: LI-ROSIGNANO MARITTIMO-86-722.pdf -> Campo FV 14\cancelli ingresso
DEBUG    | 2026-06-29 16:48:46,850 | FolderBuilder | Smistato strutturato: LI-ROSIGNANO MARITTIMO-86-722.pdf -> Campo FV 14\cabine
DEBUG    | 2026-06-29 16:48:46,854 | FolderBuilder | Smistato strutturato: LI-ROSIGNANO MARITTIMO-86-87.pdf -> Campo FV 14\cancelli ingresso
DEBUG    | 2026-06-29 16:48:46,860 | FolderBuilder | Smistato strutturato: LI-ROSIGNANO MARITTIMO-90-62.pdf -> Campo FV 1\cancelli ingresso
DEBUG    | 2026-06-29 16:48:46,864 | FolderBuilder | Smistato strutturato: LI-ROSIGNANO MARITTIMO-90-17.pdf -> Campo FV 1\cancelli ingresso
DEBUG    | 2026-06-29 16:48:46,869 | FolderBuilder | Smistato strutturato: LI-ROSIGNANO MARITTIMO-90-51.pdf -> Campo FV 17\cancelli ingresso
DEBUG    | 2026-06-29 16:48:46,872 | FolderBuilder | Smistato strutturato: LI-ROSIGNANO MARITTIMO-90-51.pdf -> Campo FV 17\cabine
DEBUG    | 2026-06-29 16:48:46,877 | FolderBuilder | Smistato strutturato: LI-ROSIGNANO MARITTIMO-92-11-AA.pdf -> Campo FV 2\cancelli ingresso
DEBUG    | 2026-06-29 16:48:46,880 | FolderBuilder | Smistato strutturato: LI-ROSIGNANO MARITTIMO-92-11-AA.pdf -> Campo FV 2\cabine
DEBUG    | 2026-06-29 16:48:46,885 | FolderBuilder | Smistato strutturato: LI-ROSIGNANO MARITTIMO-98-153.pdf -> Campo FV 3+4\cancelli ingresso
DEBUG    | 2026-06-29 16:48:46,888 | FolderBuilder | Smistato strutturato: LI-ROSIGNANO MARITTIMO-98-153.pdf -> Campo FV 3+4\cabine
DEBUG    | 2026-06-29 16:48:46,893 | FolderBuilder | Smistato strutturato: LI-ROSIGNANO MARITTIMO-98-163.pdf -> Campo FV 3+4\cancelli ingresso
DEBUG    | 2026-06-29 16:48:46,895 | FolderBuilder | Smistato strutturato: LI-ROSIGNANO MARITTIMO-98-163.pdf -> Campo FV 3+4\cabine
DEBUG    | 2026-06-29 16:48:46,898 | FolderBuilder | Smistato strutturato: LI-ROSIGNANO MARITTIMO-98-85.pdf -> Campo FV 5\cancelli ingresso
DEBUG    | 2026-06-29 16:48:46,901 | FolderBuilder | Smistato strutturato: LI-ROSIGNANO MARITTIMO-98-85.pdf -> Campo FV 5\cabine
DEBUG    | 2026-06-29 16:48:46,904 | FolderBuilder | Smistato strutturato: LI-ROSIGNANO MARITTIMO-102-301.pdf -> Campo FV 5\cancelli ingresso
DEBUG    | 2026-06-29 16:48:46,906 | FolderBuilder | Smistato strutturato: LI-ROSIGNANO MARITTIMO-102-301.pdf -> Campo FV 5\cabine
DEBUG    | 2026-06-29 16:48:46,910 | FolderBuilder | Smistato strutturato: LI-ROSIGNANO MARITTIMO-98-79.pdf -> Campo FV 7\cancelli ingresso
DEBUG    | 2026-06-29 16:48:46,914 | FolderBuilder | Smistato strutturato: LI-ROSIGNANO MARITTIMO-98-81.pdf -> Campo AGRO 7\cancelli ingresso
DEBUG    | 2026-06-29 16:48:46,916 | FolderBuilder | Smistato strutturato: LI-ROSIGNANO MARITTIMO-98-81.pdf -> Campo AGRO 7\cabine
DEBUG    | 2026-06-29 16:48:46,919 | FolderBuilder | Smistato strutturato: LI-ROSIGNANO MARITTIMO-98-16.pdf -> Campo AGRO 7\cancelli ingresso
DEBUG    | 2026-06-29 16:48:46,921 | FolderBuilder | Smistato strutturato: LI-ROSIGNANO MARITTIMO-98-16.pdf -> Campo AGRO 7\cabine
DEBUG    | 2026-06-29 16:48:46,925 | FolderBuilder | Smistato strutturato: LI-ROSIGNANO MARITTIMO-98-171.pdf -> Campo AGRO 9\cancelli ingresso
DEBUG    | 2026-06-29 16:48:46,928 | FolderBuilder | Smistato strutturato: LI-ROSIGNANO MARITTIMO-98-171.pdf -> Campo AGRO 9\cabine
DEBUG    | 2026-06-29 16:48:46,932 | FolderBuilder | Smistato strutturato: LI-ROSIGNANO MARITTIMO-98-142-AA.pdf -> Campo AGRO 9\cancelli ingresso
DEBUG    | 2026-06-29 16:48:46,934 | FolderBuilder | Smistato strutturato: LI-ROSIGNANO MARITTIMO-98-142-AA.pdf -> Campo AGRO 9\cabine
DEBUG    | 2026-06-29 16:48:46,938 | FolderBuilder | Smistato strutturato: LI-ROSIGNANO MARITTIMO-98-144.pdf -> Campo AGRO 9\cancelli ingresso
DEBUG    | 2026-06-29 16:48:46,941 | FolderBuilder | Smistato strutturato: LI-ROSIGNANO MARITTIMO-98-146.pdf -> Campo FV 8\cancelli ingresso
DEBUG    | 2026-06-29 16:48:46,943 | FolderBuilder | Smistato strutturato: LI-ROSIGNANO MARITTIMO-98-146.pdf -> Campo FV 8\cabine
WARNING  | 2026-06-29 16:48:46,944 | FolderBuilder | File PDF non trovato in cache per la chiave: ROSIGNANO MARITTIMO_86_583_NCT (Impossibile smistare)
DEBUG    | 2026-06-29 16:48:46,948 | FolderBuilder | Smistato strutturato: LI-ROSIGNANO MARITTIMO-86-68.pdf -> CABINA DI CAMPO - CAB Z-14.2\cabine
DEBUG    | 2026-06-29 16:48:46,951 | FolderBuilder | Smistato strutturato: LI-ROSIGNANO MARITTIMO-98-161.pdf -> CABINA DI CAMPO CAB Z-3\cabine
WARNING  | 2026-06-29 16:48:46,952 | FolderBuilder | File PDF non trovato in cache per la chiave: ROSIGNANO MARITTIMO_98_114_NCT (Impossibile smistare)
DEBUG    | 2026-06-29 16:48:46,958 | FolderBuilder | Smistato strutturato: LI-ROSIGNANO MARITTIMO-98-86.pdf -> CABINA DI CAMPO CAB Z-5.1\cabine
INFO     | 2026-06-29 16:48:46,958 | FolderBuilder | Smistamento completato. Effettuate 36 copie conformi nel nuovo layout d'impianto.
INFO     | 2026-06-29 16:48:46,958 | Reporters    | Avvio generazione del report unificato delle eccezioni...
INFO     | 2026-06-29 16:48:47,389 | Reporters    | ✅ Report delle eccezioni salvato con successo in: report_eccezioni_20260629_164846.xlsx
INFO     | 2026-06-29 16:48:47,390 | Reporters    |    📊 Riepilogo anomalie -> Totale: 421
INFO     | 2026-06-29 16:48:47,703 | Orchestrator | ============================================================
INFO     | 2026-06-29 16:48:47,939 | Orchestrator |          Workflow terminato. Risorse salvate e consolidate!
INFO     | 2026-06-29 16:48:47,943 | Orchestrator | ============================================================
INFO     | 2026-06-29 16:48:55,750 | Orchestrator | === [FASE 1] CARICAMENTO DATI LOCALI ===
INFO     | 2026-06-29 16:48:55,949 | Orchestrator | Righe valide: 446 | Job unici da elaborare: 167
INFO     | 2026-06-29 16:48:55,951 | Orchestrator | === [FASE 2] AVVIO AUTOMAZIONE SISTER ===
INFO     | 2026-06-29 16:49:46,582 | Orchestrator |  Finestra corretta agganciata: https://sister3.agenziaentrate.gov.it/Visure/SceltaLink.do?lista=IMM&codUfficio=LI
INFO     | 2026-06-29 16:49:46,588 | Orchestrator | [1/167] Elaborazione chiave: ROSIGNANO MARITTIMO_81_1145_NCT
INFO     | 2026-06-29 16:49:46,598 | Orchestrator |    -> Job già  presente in cache (Skip).
INFO     | 2026-06-29 16:49:46,598 | Orchestrator | [2/167] Elaborazione chiave: ROSIGNANO MARITTIMO_81_1148_NCT
INFO     | 2026-06-29 16:49:46,605 | Orchestrator |    -> Job già  presente in cache (Skip).
INFO     | 2026-06-29 16:49:46,612 | Orchestrator | [3/167] Elaborazione chiave: ROSIGNANO MARITTIMO_81_259_AA_NCT
INFO     | 2026-06-29 16:49:46,648 | Orchestrator |    -> Job già  presente in cache (Skip).
INFO     | 2026-06-29 16:49:46,665 | Orchestrator | [4/167] Elaborazione chiave: ROSIGNANO MARITTIMO_81_259_AB_NCT
INFO     | 2026-06-29 16:49:46,675 | Orchestrator |    -> Job già  presente in cache (Skip).
INFO     | 2026-06-29 16:49:46,682 | Orchestrator | [5/167] Elaborazione chiave: ROSIGNANO MARITTIMO_81_262_NCT
INFO     | 2026-06-29 16:49:46,724 | Orchestrator |    -> Job già  presente in cache (Skip).
INFO     | 2026-06-29 16:49:46,734 | Orchestrator | [6/167] Elaborazione chiave: ROSIGNANO MARITTIMO_81_1151_NCT
INFO     | 2026-06-29 16:49:46,742 | Orchestrator |    -> Job già  presente in cache (Skip).
INFO     | 2026-06-29 16:49:46,780 | Orchestrator | [7/167] Elaborazione chiave: ROSIGNANO MARITTIMO_81_1154_NCT
INFO     | 2026-06-29 16:49:46,832 | Orchestrator |    -> Job già  presente in cache (Skip).
INFO     | 2026-06-29 16:49:46,835 | Orchestrator | [8/167] Elaborazione chiave: ROSIGNANO MARITTIMO_81_1157_NCT
INFO     | 2026-06-29 16:49:46,838 | Orchestrator |    -> Job già  presente in cache (Skip).
INFO     | 2026-06-29 16:49:46,842 | Orchestrator | [9/167] Elaborazione chiave: ROSIGNANO MARITTIMO_81_1160_NCT
INFO     | 2026-06-29 16:49:46,849 | Orchestrator |    -> Job già  presente in cache (Skip).
INFO     | 2026-06-29 16:49:46,852 | Orchestrator | [10/167] Elaborazione chiave: ROSIGNANO MARITTIMO_81_1165_NCT
INFO     | 2026-06-29 16:49:46,856 | Orchestrator |    -> Job già  presente in cache (Skip).
INFO     | 2026-06-29 16:49:46,858 | Orchestrator | [11/167] Elaborazione chiave: ROSIGNANO MARITTIMO_86_717_NCT
INFO     | 2026-06-29 16:49:46,865 | Orchestrator |    -> Job già  presente in cache (Skip).
INFO     | 2026-06-29 16:49:46,871 | Orchestrator | [12/167] Elaborazione chiave: ROSIGNANO MARITTIMO_86_709_NCT
INFO     | 2026-06-29 16:49:46,874 | Orchestrator |    -> Job già  presente in cache (Skip).
INFO     | 2026-06-29 16:49:46,879 | Orchestrator | [13/167] Elaborazione chiave: ROSIGNANO MARITTIMO_86_706_NCT
INFO     | 2026-06-29 16:49:46,887 | Orchestrator |    -> Job già  presente in cache (Skip).
INFO     | 2026-06-29 16:49:46,889 | Orchestrator | [14/167] Elaborazione chiave: ROSIGNANO MARITTIMO_86_799_NCT
INFO     | 2026-06-29 16:49:46,895 | Orchestrator |    -> Job già  presente in cache (Skip).
INFO     | 2026-06-29 16:49:46,899 | Orchestrator | [15/167] Elaborazione chiave: ROSIGNANO MARITTIMO_86_714_NCT
INFO     | 2026-06-29 16:49:46,905 | Orchestrator |    -> Job già  presente in cache (Skip).
INFO     | 2026-06-29 16:49:46,908 | Orchestrator | [16/167] Elaborazione chiave: ROSIGNANO MARITTIMO_86_712_NCT
INFO     | 2026-06-29 16:49:46,916 | Orchestrator |    -> Job già  presente in cache (Skip).
INFO     | 2026-06-29 16:49:46,919 | Orchestrator | [17/167] Elaborazione chiave: ROSIGNANO MARITTIMO_86_713_NCT
INFO     | 2026-06-29 16:49:46,923 | Orchestrator |    -> Job già  presente in cache (Skip).
INFO     | 2026-06-29 16:49:46,924 | Orchestrator | [18/167] Elaborazione chiave: ROSIGNANO MARITTIMO_86_707_NCT
INFO     | 2026-06-29 16:49:46,929 | Orchestrator |    -> Job già  presente in cache (Skip).
INFO     | 2026-06-29 16:49:46,935 | Orchestrator | [19/167] Elaborazione chiave: ROSIGNANO MARITTIMO_86_710_AA_NCT
INFO     | 2026-06-29 16:49:46,939 | Orchestrator |    -> Job già  presente in cache (Skip).
INFO     | 2026-06-29 16:49:46,942 | Orchestrator | [20/167] Elaborazione chiave: ROSIGNANO MARITTIMO_86_710_AB_NCT
INFO     | 2026-06-29 16:49:46,947 | Orchestrator |    -> Job già  presente in cache (Skip).
INFO     | 2026-06-29 16:49:46,951 | Orchestrator | [21/167] Elaborazione chiave: ROSIGNANO MARITTIMO_86_796_NCT
INFO     | 2026-06-29 16:49:46,955 | Orchestrator |    -> Job già  presente in cache (Skip).
INFO     | 2026-06-29 16:49:46,956 | Orchestrator | [22/167] Elaborazione chiave: ROSIGNANO MARITTIMO_86_782_NCT
INFO     | 2026-06-29 16:49:46,961 | Orchestrator |    -> Job già  presente in cache (Skip).
INFO     | 2026-06-29 16:49:46,965 | Orchestrator | [23/167] Elaborazione chiave: ROSIGNANO MARITTIMO_86_59_NCT
INFO     | 2026-06-29 16:49:46,968 | Orchestrator |    -> Job già  presente in cache (Skip).
INFO     | 2026-06-29 16:49:46,971 | Orchestrator | [24/167] Elaborazione chiave: ROSIGNANO MARITTIMO_86_720_NCT
INFO     | 2026-06-29 16:49:46,974 | Orchestrator |    -> Job già  presente in cache (Skip).
INFO     | 2026-06-29 16:49:46,977 | Orchestrator | [25/167] Elaborazione chiave: ROSIGNANO MARITTIMO_86_722_NCT
INFO     | 2026-06-29 16:49:46,981 | Orchestrator |    -> Job già  presente in cache (Skip).
INFO     | 2026-06-29 16:49:46,985 | Orchestrator | [26/167] Elaborazione chiave: ROSIGNANO MARITTIMO_86_723_NCT
INFO     | 2026-06-29 16:49:46,992 | Orchestrator |    -> Job già  presente in cache (Skip).
INFO     | 2026-06-29 16:49:46,994 | Orchestrator | [27/167] Elaborazione chiave: ROSIGNANO MARITTIMO_86_719_NCT
INFO     | 2026-06-29 16:49:46,998 | Orchestrator |    -> Job già  presente in cache (Skip).
INFO     | 2026-06-29 16:49:47,002 | Orchestrator | [28/167] Elaborazione chiave: ROSIGNANO MARITTIMO_86_124_NCT
INFO     | 2026-06-29 16:49:47,006 | Orchestrator |    -> Job già  presente in cache (Skip).
INFO     | 2026-06-29 16:49:47,008 | Orchestrator | [29/167] Elaborazione chiave: ROSIGNANO MARITTIMO_86_68_NCT
INFO     | 2026-06-29 16:49:47,035 | Orchestrator |    -> Job già  presente in cache (Skip).
INFO     | 2026-06-29 16:49:47,106 | Orchestrator | [30/167] Elaborazione chiave: ROSIGNANO MARITTIMO_86_87_NCT
INFO     | 2026-06-29 16:49:47,111 | Orchestrator |    -> Job già  presente in cache (Skip).
INFO     | 2026-06-29 16:49:47,113 | Orchestrator | [31/167] Elaborazione chiave: ROSIGNANO MARITTIMO_86_86_AA_NCT
INFO     | 2026-06-29 16:49:47,116 | Orchestrator |    -> Job già  presente in cache (Skip).
INFO     | 2026-06-29 16:49:47,117 | Orchestrator | [32/167] Elaborazione chiave: ROSIGNANO MARITTIMO_86_86_AB_NCT
INFO     | 2026-06-29 16:49:47,120 | Orchestrator |    -> Job già  presente in cache (Skip).
INFO     | 2026-06-29 16:49:47,123 | Orchestrator | [33/167] Elaborazione chiave: ROSIGNANO MARITTIMO_86_765_601_NCF
INFO     | 2026-06-29 16:49:47,126 | Orchestrator |    -> Job già  presente in cache (Skip).
INFO     | 2026-06-29 16:49:47,128 | Orchestrator | [34/167] Elaborazione chiave: ROSIGNANO MARITTIMO_86_606_AA_NCT
INFO     | 2026-06-29 16:49:47,133 | Orchestrator |    -> Job già  presente in cache (Skip).
INFO     | 2026-06-29 16:49:47,138 | Orchestrator | [35/167] Elaborazione chiave: ROSIGNANO MARITTIMO_86_606_AB_NCT
INFO     | 2026-06-29 16:49:47,140 | Orchestrator |    -> Job già  presente in cache (Skip).
INFO     | 2026-06-29 16:49:47,142 | Orchestrator | [36/167] Elaborazione chiave: ROSIGNANO MARITTIMO_90_62_NCT
INFO     | 2026-06-29 16:49:47,145 | Orchestrator |    -> Job già  presente in cache (Skip).
INFO     | 2026-06-29 16:49:47,150 | Orchestrator | [37/167] Elaborazione chiave: ROSIGNANO MARITTIMO_90_4_605_NCF
INFO     | 2026-06-29 16:49:47,174 | Orchestrator |    -> Job già  presente in cache (Skip).
INFO     | 2026-06-29 16:49:47,179 | Orchestrator | [38/167] Elaborazione chiave: ROSIGNANO MARITTIMO_90_5_NCF
INFO     | 2026-06-29 16:49:47,312 | SisterClient |    🎯 Form individuato nel Frame [0] (Tentativo radar 1/5). Verifica e iniezione dati...
INFO     | 2026-06-29 16:49:48,450 | SisterClient |    -> Cambio comune rilevato. Imposto: ROSIGNANO MARITTIMO...
INFO     | 2026-06-29 16:49:56,436 | SisterClient | 🤖 [GPT VISION] Codice analizzato per ROSIGNANO MARITTIMO FG 90 PART 5 -> Tentativo: 'gescrite'
WARNING  | 2026-06-29 16:49:57,509 | SisterClient |    ⚠️ Tentativo [1/2] fallito (Codice errato). Sister ha rigenerato l'immagine.
INFO     | 2026-06-29 16:49:59,246 | SisterClient | 🤖 [GPT VISION] Codice analizzato per ROSIGNANO MARITTIMO FG 90 PART 5 -> Tentativo: 'pobaceru'
INFO     | 2026-06-29 16:50:00,589 | SisterClient |    ✅ Codice accettato o bypassato con successo al tentativo [2/2]!
INFO     | 2026-06-29 16:50:00,590 | CacheManager | Intercettazione del download per la visura: ROSIGNANO MARITTIMO_90_5_NCF
ERROR    | 2026-06-29 16:50:05,615 | Orchestrator | Anomalia riscontrata sul record: Impossibile completare il download del PDF (Documentazione non disponibile o schermata imprevista). Dettaglio: Locator.click: Timeout 5000ms exceeded.
Call log:
  - waiting for locator("input[type='submit'][name='metodo'][value='Salva']")
    - waiting for" https://sister3.agenziaentrate.gov.it/Visure/CheckRichiesta?par=VC&idRichiesta=2019189497&valRip=&uffSIT=1" navigation to finish...
    - navigated to "https://sister3.agenziaentrate.gov.it/Visure/CheckRichiesta?par=VC&idRichiesta=2019189497&valRip=&uffSIT=1"

INFO     | 2026-06-29 16:50:05,617 | SisterClient | 🔄 Avvio della procedura di ritorno alla maschera principale...
INFO     | 2026-06-29 16:50:05,640 | SisterClient |    -> [Passo 1] Clic su bottone 'Indietro' strutturale.
INFO     | 2026-06-29 16:50:07,904 | SisterClient |    -> [Passo 2] Clic su bottone 'Indietro' strutturale.
INFO     | 2026-06-29 16:50:10,258 | SisterClient | ✅ Maschera principale agganciata con successo. Pronto per il prossimo job.
INFO     | 2026-06-29 16:50:10,260 | Orchestrator |    ⏳ Pausa mimetica: attendo 7.73 secondi prima del prossimo record...
INFO     | 2026-06-29 16:50:17,994 | Orchestrator | [39/167] Elaborazione chiave: ROSIGNANO MARITTIMO_90_42_NCT
INFO     | 2026-06-29 16:50:17,997 | Orchestrator |    -> Job già  presente in cache (Skip).
INFO     | 2026-06-29 16:50:18,005 | Orchestrator | [40/167] Elaborazione chiave: ROSIGNANO MARITTIMO_90_63_610_NCF
INFO     | 2026-06-29 16:50:18,009 | Orchestrator |    -> Job già  presente in cache (Skip).
INFO     | 2026-06-29 16:50:18,011 | Orchestrator | [41/167] Elaborazione chiave: ROSIGNANO MARITTIMO_90_60_NCT
INFO     | 2026-06-29 16:50:18,013 | Orchestrator |    -> Job già  presente in cache (Skip).
INFO     | 2026-06-29 16:50:18,015 | Orchestrator | [42/167] Elaborazione chiave: ROSIGNANO MARITTIMO_90_9_NCT
INFO     | 2026-06-29 16:50:18,020 | Orchestrator |    -> Job già  presente in cache (Skip).
INFO     | 2026-06-29 16:50:18,021 | Orchestrator | [43/167] Elaborazione chiave: ROSIGNANO MARITTIMO_90_17_NCT
INFO     | 2026-06-29 16:50:18,023 | Orchestrator |    -> Job già  presente in cache (Skip).
INFO     | 2026-06-29 16:50:18,032 | Orchestrator | [44/167] Elaborazione chiave: ROSIGNANO MARITTIMO_90_7_NCT
INFO     | 2026-06-29 16:50:18,036 | Orchestrator |    -> Job già  presente in cache (Skip).
INFO     | 2026-06-29 16:50:18,038 | Orchestrator | [45/167] Elaborazione chiave: ROSIGNANO MARITTIMO_90_59_NCT
INFO     | 2026-06-29 16:50:18,041 | Orchestrator |    -> Job già  presente in cache (Skip).
INFO     | 2026-06-29 16:50:18,044 | Orchestrator | [46/167] Elaborazione chiave: ROSIGNANO MARITTIMO_90_47_602_NCF
INFO     | 2026-06-29 16:50:18,047 | Orchestrator |    -> Job già  presente in cache (Skip).
INFO     | 2026-06-29 16:50:18,049 | Orchestrator | [47/167] Elaborazione chiave: ROSIGNANO MARITTIMO_90_21_NCT
INFO     | 2026-06-29 16:50:18,052 | Orchestrator |    -> Job già  presente in cache (Skip).
INFO     | 2026-06-29 16:50:18,053 | Orchestrator | [48/167] Elaborazione chiave: ROSIGNANO MARITTIMO_90_22_NCT
INFO     | 2026-06-29 16:50:18,055 | Orchestrator |    -> Job già  presente in cache (Skip).
INFO     | 2026-06-29 16:50:18,056 | Orchestrator | [49/167] Elaborazione chiave: ROSIGNANO MARITTIMO_90_11_NCT
INFO     | 2026-06-29 16:50:18,058 | Orchestrator |    -> Job già  presente in cache (Skip).
INFO     | 2026-06-29 16:50:18,060 | Orchestrator | [50/167] Elaborazione chiave: ROSIGNANO MARITTIMO_90_46_602_NCF
INFO     | 2026-06-29 16:50:18,063 | Orchestrator |    -> Job già  presente in cache (Skip).
INFO     | 2026-06-29 16:50:18,066 | Orchestrator | [51/167] Elaborazione chiave: ROSIGNANO MARITTIMO_90_23_NCT
INFO     | 2026-06-29 16:50:18,068 | Orchestrator |    -> Job già  presente in cache (Skip).
INFO     | 2026-06-29 16:50:18,074 | Orchestrator | [52/167] Elaborazione chiave: ROSIGNANO MARITTIMO_90_51_NCT
INFO     | 2026-06-29 16:50:18,079 | Orchestrator |    -> Job già  presente in cache (Skip).
INFO     | 2026-06-29 16:50:18,082 | Orchestrator | [53/167] Elaborazione chiave: ROSIGNANO MARITTIMO_90_13_AA_NCT
INFO     | 2026-06-29 16:50:18,085 | Orchestrator |    -> Job già  presente in cache (Skip).
INFO     | 2026-06-29 16:50:18,090 | Orchestrator | [54/167] Elaborazione chiave: ROSIGNANO MARITTIMO_90_13_AB_NCT
INFO     | 2026-06-29 16:50:18,094 | Orchestrator |    -> Job già  presente in cache (Skip).
INFO     | 2026-06-29 16:50:18,096 | Orchestrator | [55/167] Elaborazione chiave: ROSIGNANO MARITTIMO_92_5_AA_NCT
INFO     | 2026-06-29 16:50:18,099 | Orchestrator |    -> Job già  presente in cache (Skip).
INFO     | 2026-06-29 16:50:18,101 | Orchestrator | [56/167] Elaborazione chiave: ROSIGNANO MARITTIMO_92_5_AB_NCT
INFO     | 2026-06-29 16:50:18,103 | Orchestrator |    -> Job già  presente in cache (Skip).
INFO     | 2026-06-29 16:50:18,104 | Orchestrator | [57/167] Elaborazione chiave: ROSIGNANO MARITTIMO_92_6_NCT
INFO     | 2026-06-29 16:50:18,106 | Orchestrator |    -> Job già  presente in cache (Skip).
INFO     | 2026-06-29 16:50:18,107 | Orchestrator | [58/167] Elaborazione chiave: ROSIGNANO MARITTIMO_92_10_AA_NCT
INFO     | 2026-06-29 16:50:18,109 | Orchestrator |    -> Job già  presente in cache (Skip).
INFO     | 2026-06-29 16:50:18,112 | Orchestrator | [59/167] Elaborazione chiave: ROSIGNANO MARITTIMO_92_10_AB_NCT
INFO     | 2026-06-29 16:50:18,115 | Orchestrator |    -> Job già  presente in cache (Skip).
INFO     | 2026-06-29 16:50:18,117 | Orchestrator | [60/167] Elaborazione chiave: ROSIGNANO MARITTIMO_92_9_NCT
INFO     | 2026-06-29 16:50:18,120 | Orchestrator |    -> Job già  presente in cache (Skip).
INFO     | 2026-06-29 16:50:18,121 | Orchestrator | [61/167] Elaborazione chiave: ROSIGNANO MARITTIMO_92_44_NCT
INFO     | 2026-06-29 16:50:18,122 | Orchestrator |    -> Job già  presente in cache (Skip).
INFO     | 2026-06-29 16:50:18,123 | Orchestrator | [62/167] Elaborazione chiave: ROSIGNANO MARITTIMO_92_11_AA_NCT
INFO     | 2026-06-29 16:50:18,124 | Orchestrator |    -> Job già  presente in cache (Skip).
INFO     | 2026-06-29 16:50:18,127 | Orchestrator | [63/167] Elaborazione chiave: ROSIGNANO MARITTIMO_92_11_AB_NCT
INFO     | 2026-06-29 16:50:18,130 | Orchestrator |    -> Job già  presente in cache (Skip).
INFO     | 2026-06-29 16:50:18,133 | Orchestrator | [64/167] Elaborazione chiave: ROSIGNANO MARITTIMO_92_11_AC_NCT
INFO     | 2026-06-29 16:50:18,136 | Orchestrator |    -> Job già  presente in cache (Skip).
INFO     | 2026-06-29 16:50:18,137 | Orchestrator | [65/167] Elaborazione chiave: ROSIGNANO MARITTIMO_92_39_NCT
INFO     | 2026-06-29 16:50:18,144 | Orchestrator |    -> Job già  presente in cache (Skip).
INFO     | 2026-06-29 16:50:18,148 | Orchestrator | [66/167] Elaborazione chiave: ROSIGNANO MARITTIMO_98_138_NCT
INFO     | 2026-06-29 16:50:18,161 | SisterClient |    🎯 Form individuato nel Frame [0] (Tentativo radar 1/5). Verifica e iniezione dati...
INFO     | 2026-06-29 16:50:19,245 | SisterClient |    -> Comune 'ROSIGNANO MARITTIMO' già agganciato. Salto la selezione del dropdown.
INFO     | 2026-06-29 16:50:23,815 | SisterClient | 🤖 [GPT VISION] Codice analizzato per ROSIGNANO MARITTIMO FG 98 PART 138 -> Tentativo: 'bopetui'
WARNING  | 2026-06-29 16:50:24,828 | SisterClient |    ⚠️ Tentativo [1/2] fallito (Codice errato). Sister ha rigenerato l'immagine.
INFO     | 2026-06-29 16:50:26,427 | SisterClient | 🤖 [GPT VISION] Codice analizzato per ROSIGNANO MARITTIMO FG 98 PART 138 -> Tentativo: 'accione'
WARNING  | 2026-06-29 16:50:27,522 | SisterClient |    ⚠️ Tentativo [2/2] fallito (Codice errato). Sister ha rigenerato l'immagine.
ERROR    | 2026-06-29 16:50:27,524 | SisterClient |    ❌ Falliti 2 tentativi di codice consecutivi per la particella 138.
ERROR    | 2026-06-29 16:50:28,495 | Orchestrator | Anomalia riscontrata sul record: Codice di sicurezza errato per 2 volte consecutive. Record saltato.
INFO     | 2026-06-29 16:50:28,497 | SisterClient | 🔄 Avvio della procedura di ritorno alla maschera principale...
INFO     | 2026-06-29 16:50:28,528 | SisterClient | ✅ Maschera principale agganciata con successo. Pronto per il prossimo job.
INFO     | 2026-06-29 16:50:28,530 | Orchestrator |    ⏳ Pausa mimetica: attendo 5.13 secondi prima del prossimo record...
INFO     | 2026-06-29 16:50:33,677 | Orchestrator | [67/167] Elaborazione chiave: ROSIGNANO MARITTIMO_98_139_NCT
INFO     | 2026-06-29 16:50:33,679 | Orchestrator |    -> Job già  presente in cache (Skip).
INFO     | 2026-06-29 16:50:33,681 | Orchestrator | [68/167] Elaborazione chiave: ROSIGNANO MARITTIMO_98_154_NCT
INFO     | 2026-06-29 16:50:33,683 | Orchestrator |    -> Job già  presente in cache (Skip).
INFO     | 2026-06-29 16:50:33,684 | Orchestrator | [69/167] Elaborazione chiave: ROSIGNANO MARITTIMO_98_155_NCT
INFO     | 2026-06-29 16:50:33,690 | Orchestrator |    -> Job già  presente in cache (Skip).
INFO     | 2026-06-29 16:50:33,692 | Orchestrator | [70/167] Elaborazione chiave: ROSIGNANO MARITTIMO_98_44_NCF
INFO     | 2026-06-29 16:50:33,694 | Orchestrator |    -> Job già  presente in cache (Skip).
INFO     | 2026-06-29 16:50:33,696 | Orchestrator | [71/167] Elaborazione chiave: ROSIGNANO MARITTIMO_98_153_NCT
INFO     | 2026-06-29 16:50:33,699 | Orchestrator |    -> Job già  presente in cache (Skip).
INFO     | 2026-06-29 16:50:33,701 | Orchestrator | [72/167] Elaborazione chiave: ROSIGNANO MARITTIMO_98_8_AA_NCT
INFO     | 2026-06-29 16:50:33,703 | Orchestrator |    -> Job già  presente in cache (Skip).
INFO     | 2026-06-29 16:50:33,704 | Orchestrator | [73/167] Elaborazione chiave: ROSIGNANO MARITTIMO_98_8_AB_NCT
INFO     | 2026-06-29 16:50:33,705 | Orchestrator |    -> Job già  presente in cache (Skip).
INFO     | 2026-06-29 16:50:33,707 | Orchestrator | [74/167] Elaborazione chiave: ROSIGNANO MARITTIMO_98_40_NCT
INFO     | 2026-06-29 16:50:33,708 | Orchestrator |    -> Job già  presente in cache (Skip).
INFO     | 2026-06-29 16:50:33,710 | Orchestrator | [75/167] Elaborazione chiave: ROSIGNANO MARITTIMO_98_161_NCT
INFO     | 2026-06-29 16:50:33,713 | Orchestrator |    -> Job già  presente in cache (Skip).
INFO     | 2026-06-29 16:50:33,714 | Orchestrator | [76/167] Elaborazione chiave: ROSIGNANO MARITTIMO_98_162_NCT
INFO     | 2026-06-29 16:50:33,716 | Orchestrator |    -> Job già  presente in cache (Skip).
INFO     | 2026-06-29 16:50:33,717 | Orchestrator | [77/167] Elaborazione chiave: ROSIGNANO MARITTIMO_98_163_NCT
INFO     | 2026-06-29 16:50:33,718 | Orchestrator |    -> Job già  presente in cache (Skip).
INFO     | 2026-06-29 16:50:33,719 | Orchestrator | [78/167] Elaborazione chiave: ROSIGNANO MARITTIMO_98_46_NCF
INFO     | 2026-06-29 16:50:33,726 | SisterClient |    🎯 Form individuato nel Frame [0] (Tentativo radar 1/5). Verifica e iniezione dati...
INFO     | 2026-06-29 16:50:35,011 | SisterClient |    -> Comune 'ROSIGNANO MARITTIMO' già agganciato. Salto la selezione del dropdown.
INFO     | 2026-06-29 16:50:41,112 | SisterClient | 🤖 [GPT VISION] Codice analizzato per ROSIGNANO MARITTIMO FG 98 PART 46 -> Tentativo: 'postremi'
WARNING  | 2026-06-29 16:50:42,291 | SisterClient |    ⚠️ Tentativo [1/2] fallito (Codice errato). Sister ha rigenerato l'immagine.
INFO     | 2026-06-29 16:50:43,942 | SisterClient | 🤖 [GPT VISION] Codice analizzato per ROSIGNANO MARITTIMO FG 98 PART 46 -> Tentativo: 'egambu'
INFO     | 2026-06-29 16:50:45,106 | SisterClient |    ✅ Codice accettato o bypassato con successo al tentativo [2/2]!
INFO     | 2026-06-29 16:50:45,107 | CacheManager | Intercettazione del download per la visura: ROSIGNANO MARITTIMO_98_46_NCF
INFO     | 2026-06-29 16:50:49,925 | Orchestrator | Visura scaricata ed inserita in cache.
INFO     | 2026-06-29 16:50:49,927 | SisterClient | 🔄 Avvio della procedura di ritorno alla maschera principale...
INFO     | 2026-06-29 16:50:49,958 | SisterClient |    -> [Passo 1] Clic su bottone 'Indietro' strutturale.
INFO     | 2026-06-29 16:50:52,254 | SisterClient |    -> [Passo 2] Clic su bottone 'Indietro' strutturale.
INFO     | 2026-06-29 16:50:54,706 | SisterClient | ✅ Maschera principale agganciata con successo. Pronto per il prossimo job.
INFO     | 2026-06-29 16:50:54,707 | Orchestrator |    ⏳ Pausa mimetica: attendo 8.90 secondi prima del prossimo record...
INFO     | 2026-06-29 16:51:03,610 | Orchestrator | [79/167] Elaborazione chiave: ROSIGNANO MARITTIMO_98_45_NCT
INFO     | 2026-06-29 16:51:03,612 | Orchestrator |    -> Job già  presente in cache (Skip).
INFO     | 2026-06-29 16:51:03,613 | Orchestrator | [80/167] Elaborazione chiave: ROSIGNANO MARITTIMO_98_85_NCT
INFO     | 2026-06-29 16:51:03,614 | Orchestrator |    -> Job già  presente in cache (Skip).
INFO     | 2026-06-29 16:51:03,615 | Orchestrator | [81/167] Elaborazione chiave: ROSIGNANO MARITTIMO_98_86_NCT
INFO     | 2026-06-29 16:51:03,622 | Orchestrator |    -> Job già  presente in cache (Skip).
INFO     | 2026-06-29 16:51:03,628 | Orchestrator | [82/167] Elaborazione chiave: ROSIGNANO MARITTIMO_98_87_NCT
INFO     | 2026-06-29 16:51:03,635 | SisterClient |    🎯 Form individuato nel Frame [0] (Tentativo radar 1/5). Verifica e iniezione dati...
INFO     | 2026-06-29 16:51:04,694 | SisterClient |    -> Comune 'ROSIGNANO MARITTIMO' già agganciato. Salto la selezione del dropdown.
INFO     | 2026-06-29 16:51:07,768 | SisterClient | 🤖 [GPT VISION] Codice analizzato per ROSIGNANO MARITTIMO FG 98 PART 87 -> Tentativo: 'nessance'
WARNING  | 2026-06-29 16:51:08,806 | SisterClient |    ⚠️ Tentativo [1/2] fallito (Codice errato). Sister ha rigenerato l'immagine.
INFO     | 2026-06-29 16:51:10,461 | SisterClient | 🤖 [GPT VISION] Codice analizzato per ROSIGNANO MARITTIMO FG 98 PART 87 -> Tentativo: 'cedrupa'
INFO     | 2026-06-29 16:51:11,694 | SisterClient |    ✅ Codice accettato o bypassato con successo al tentativo [2/2]!
INFO     | 2026-06-29 16:51:11,694 | CacheManager | Intercettazione del download per la visura: ROSIGNANO MARITTIMO_98_87_NCT
INFO     | 2026-06-29 16:51:15,552 | Orchestrator | Visura scaricata ed inserita in cache.
INFO     | 2026-06-29 16:51:15,553 | SisterClient | 🔄 Avvio della procedura di ritorno alla maschera principale...
INFO     | 2026-06-29 16:51:15,584 | SisterClient |    -> [Passo 1] Clic su bottone 'Indietro' strutturale.
INFO     | 2026-06-29 16:51:17,798 | SisterClient |    -> [Passo 2] Clic su bottone 'Indietro' strutturale.
INFO     | 2026-06-29 16:51:25,283 | SisterClient | ✅ Maschera principale agganciata con successo. Pronto per il prossimo job.
INFO     | 2026-06-29 16:51:25,284 | Orchestrator |    ⏳ Pausa mimetica: attendo 4.66 secondi prima del prossimo record...
INFO     | 2026-06-29 16:51:29,958 | Orchestrator | [83/167] Elaborazione chiave: ROSIGNANO MARITTIMO_102_302_NCT
INFO     | 2026-06-29 16:51:29,964 | SisterClient |    🎯 Form individuato nel Frame [0] (Tentativo radar 1/5). Verifica e iniezione dati...
INFO     | 2026-06-29 16:51:29,997 | SisterClient |    -> Comune 'ROSIGNANO MARITTIMO' già agganciato. Salto la selezione del dropdown.
INFO     | 2026-06-29 16:51:33,466 | SisterClient | 🤖 [GPT VISION] Codice analizzato per ROSIGNANO MARITTIMO FG 102 PART 302 -> Tentativo: 'gashmette'
WARNING  | 2026-06-29 16:51:34,444 | SisterClient |    ⚠️ Tentativo [1/2] fallito (Codice errato). Sister ha rigenerato l'immagine.
INFO     | 2026-06-29 16:51:35,718 | SisterClient | 🤖 [GPT VISION] Codice analizzato per ROSIGNANO MARITTIMO FG 102 PART 302 -> Tentativo: 'dataruna'
INFO     | 2026-06-29 16:51:36,892 | SisterClient |    ✅ Codice accettato o bypassato con successo al tentativo [2/2]!
INFO     | 2026-06-29 16:51:36,892 | CacheManager | Intercettazione del download per la visura: ROSIGNANO MARITTIMO_102_302_NCT
INFO     | 2026-06-29 16:51:41,254 | Orchestrator | Visura scaricata ed inserita in cache.
INFO     | 2026-06-29 16:51:41,255 | SisterClient | 🔄 Avvio della procedura di ritorno alla maschera principale...
INFO     | 2026-06-29 16:51:41,285 | SisterClient |    -> [Passo 1] Clic su bottone 'Indietro' strutturale.
INFO     | 2026-06-29 16:51:43,600 | SisterClient |    -> [Passo 2] Clic su bottone 'Indietro' strutturale.
INFO     | 2026-06-29 16:51:46,028 | SisterClient | ✅ Maschera principale agganciata con successo. Pronto per il prossimo job.
INFO     | 2026-06-29 16:51:46,029 | Orchestrator |    ⏳ Pausa mimetica: attendo 8.41 secondi prima del prossimo record...
INFO     | 2026-06-29 16:51:54,457 | Orchestrator | [84/167] Elaborazione chiave: ROSIGNANO MARITTIMO_102_303_NCT
INFO     | 2026-06-29 16:51:54,464 | SisterClient |    🎯 Form individuato nel Frame [0] (Tentativo radar 1/5). Verifica e iniezione dati...
INFO     | 2026-06-29 16:51:54,497 | SisterClient |    -> Comune 'ROSIGNANO MARITTIMO' già agganciato. Salto la selezione del dropdown.
INFO     | 2026-06-29 16:51:58,452 | SisterClient | 🤖 [GPT VISION] Codice analizzato per ROSIGNANO MARITTIMO FG 102 PART 303 -> Tentativo: 'nasmuzzi'
INFO     | 2026-06-29 16:51:59,817 | SisterClient |    ✅ Codice accettato o bypassato con successo al tentativo [1/2]!
INFO     | 2026-06-29 16:51:59,819 | CacheManager | Intercettazione del download per la visura: ROSIGNANO MARITTIMO_102_303_NCT
INFO     | 2026-06-29 16:52:03,647 | Orchestrator | Visura scaricata ed inserita in cache.
INFO     | 2026-06-29 16:52:03,648 | SisterClient | 🔄 Avvio della procedura di ritorno alla maschera principale...
INFO     | 2026-06-29 16:52:03,681 | SisterClient |    -> [Passo 1] Clic su bottone 'Indietro' strutturale.
INFO     | 2026-06-29 16:52:05,938 | SisterClient |    -> [Passo 2] Clic su bottone 'Indietro' strutturale.
INFO     | 2026-06-29 16:52:08,276 | SisterClient | ✅ Maschera principale agganciata con successo. Pronto per il prossimo job.
INFO     | 2026-06-29 16:52:08,277 | Orchestrator |    ⏳ Pausa mimetica: attendo 4.85 secondi prima del prossimo record...
INFO     | 2026-06-29 16:52:13,131 | Orchestrator | [85/167] Elaborazione chiave: ROSIGNANO MARITTIMO_102_300_NCT
INFO     | 2026-06-29 16:52:13,137 | SisterClient |    🎯 Form individuato nel Frame [0] (Tentativo radar 1/5). Verifica e iniezione dati...
INFO     | 2026-06-29 16:52:13,177 | SisterClient |    -> Comune 'ROSIGNANO MARITTIMO' già agganciato. Salto la selezione del dropdown.
INFO     | 2026-06-29 16:52:16,699 | SisterClient | 🤖 [GPT VISION] Codice analizzato per ROSIGNANO MARITTIMO FG 102 PART 300 -> Tentativo: 'monategu'
INFO     | 2026-06-29 16:52:18,030 | SisterClient |    ✅ Codice accettato o bypassato con successo al tentativo [1/2]!
INFO     | 2026-06-29 16:52:18,030 | CacheManager | Intercettazione del download per la visura: ROSIGNANO MARITTIMO_102_300_NCT
INFO     | 2026-06-29 16:52:22,069 | Orchestrator | Visura scaricata ed inserita in cache.
INFO     | 2026-06-29 16:52:22,070 | SisterClient | 🔄 Avvio della procedura di ritorno alla maschera principale...
INFO     | 2026-06-29 16:52:22,103 | SisterClient |    -> [Passo 1] Clic su bottone 'Indietro' strutturale.
INFO     | 2026-06-29 16:52:24,427 | SisterClient |    -> [Passo 2] Clic su bottone 'Indietro' strutturale.
INFO     | 2026-06-29 16:52:26,884 | SisterClient | ✅ Maschera principale agganciata con successo. Pronto per il prossimo job.
INFO     | 2026-06-29 16:52:26,886 | Orchestrator |    ⏳ Pausa mimetica: attendo 1.55 secondi prima del prossimo record...
INFO     | 2026-06-29 16:52:28,460 | Orchestrator | [86/167] Elaborazione chiave: ROSIGNANO MARITTIMO_102_301_NCT
INFO     | 2026-06-29 16:52:28,461 | Orchestrator |    -> Job già  presente in cache (Skip).
INFO     | 2026-06-29 16:52:28,463 | Orchestrator | [87/167] Elaborazione chiave: ROSIGNANO MARITTIMO_102_350_NCF
INFO     | 2026-06-29 16:52:28,472 | SisterClient |    🎯 Form individuato nel Frame [0] (Tentativo radar 1/5). Verifica e iniezione dati...
INFO     | 2026-06-29 16:52:29,549 | SisterClient |    -> Comune 'ROSIGNANO MARITTIMO' già agganciato. Salto la selezione del dropdown.
INFO     | 2026-06-29 16:52:32,686 | SisterClient | 🤖 [GPT VISION] Codice analizzato per ROSIGNANO MARITTIMO FG 102 PART 350 -> Tentativo: 'aportaso'
INFO     | 2026-06-29 16:52:33,959 | SisterClient |    ✅ Codice accettato o bypassato con successo al tentativo [1/2]!
INFO     | 2026-06-29 16:52:33,960 | CacheManager | Intercettazione del download per la visura: ROSIGNANO MARITTIMO_102_350_NCF
INFO     | 2026-06-29 16:52:38,193 | Orchestrator | Visura scaricata ed inserita in cache.
INFO     | 2026-06-29 16:52:38,195 | SisterClient | 🔄 Avvio della procedura di ritorno alla maschera principale...
INFO     | 2026-06-29 16:52:38,222 | SisterClient |    -> [Passo 1] Clic su bottone 'Indietro' strutturale.
INFO     | 2026-06-29 16:52:40,479 | SisterClient |    -> [Passo 2] Clic su bottone 'Indietro' strutturale.
INFO     | 2026-06-29 16:52:42,753 | SisterClient | ✅ Maschera principale agganciata con successo. Pronto per il prossimo job.
INFO     | 2026-06-29 16:52:42,754 | Orchestrator |    ⏳ Pausa mimetica: attendo 4.80 secondi prima del prossimo record...
INFO     | 2026-06-29 16:52:47,559 | Orchestrator | [88/167] Elaborazione chiave: ROSIGNANO MARITTIMO_98_79_NCF
INFO     | 2026-06-29 16:52:47,561 | Orchestrator |    -> Job già  presente in cache (Skip).
INFO     | 2026-06-29 16:52:47,563 | Orchestrator | [89/167] Elaborazione chiave: ROSIGNANO MARITTIMO_98_81_NCT
INFO     | 2026-06-29 16:52:47,565 | Orchestrator |    -> Job già  presente in cache (Skip).
INFO     | 2026-06-29 16:52:47,566 | Orchestrator | [90/167] Elaborazione chiave: ROSIGNANO MARITTIMO_98_101_NCF
INFO     | 2026-06-29 16:52:47,573 | SisterClient |    🎯 Form individuato nel Frame [0] (Tentativo radar 1/5). Verifica e iniezione dati...
INFO     | 2026-06-29 16:52:47,603 | SisterClient |    -> Comune 'ROSIGNANO MARITTIMO' già agganciato. Salto la selezione del dropdown.
INFO     | 2026-06-29 16:52:51,354 | SisterClient | 🤖 [GPT VISION] Codice analizzato per ROSIGNANO MARITTIMO FG 98 PART 101 -> Tentativo: 'ehtmona'
WARNING  | 2026-06-29 16:52:52,447 | SisterClient |    ⚠️ Tentativo [1/2] fallito (Codice errato). Sister ha rigenerato l'immagine.
INFO     | 2026-06-29 16:52:56,384 | SisterClient | 🤖 [GPT VISION] Codice analizzato per ROSIGNANO MARITTIMO FG 98 PART 101 -> Tentativo: 'oseffio'
INFO     | 2026-06-29 16:52:57,777 | SisterClient |    ✅ Codice accettato o bypassato con successo al tentativo [2/2]!
INFO     | 2026-06-29 16:52:57,778 | CacheManager | Intercettazione del download per la visura: ROSIGNANO MARITTIMO_98_101_NCF
INFO     | 2026-06-29 16:53:01,939 | Orchestrator | Visura scaricata ed inserita in cache.
INFO     | 2026-06-29 16:53:01,940 | SisterClient | 🔄 Avvio della procedura di ritorno alla maschera principale...
INFO     | 2026-06-29 16:53:02,046 | SisterClient |    -> [Passo 1] Clic su bottone 'Indietro' strutturale.
INFO     | 2026-06-29 16:53:04,334 | SisterClient |    -> [Passo 2] Clic su bottone 'Indietro' strutturale.
INFO     | 2026-06-29 16:53:06,620 | SisterClient | ✅ Maschera principale agganciata con successo. Pronto per il prossimo job.
INFO     | 2026-06-29 16:53:06,621 | Orchestrator |    ⏳ Pausa mimetica: attendo 7.55 secondi prima del prossimo record...
INFO     | 2026-06-29 16:53:14,192 | Orchestrator | [91/167] Elaborazione chiave: ROSIGNANO MARITTIMO_98_13_AA_NCT
INFO     | 2026-06-29 16:53:14,198 | SisterClient |    🎯 Form individuato nel Frame [0] (Tentativo radar 1/5). Verifica e iniezione dati...
INFO     | 2026-06-29 16:53:15,261 | SisterClient |    -> Comune 'ROSIGNANO MARITTIMO' già agganciato. Salto la selezione del dropdown.
INFO     | 2026-06-29 16:53:30,065 | SisterClient |    🚀 [MASTER BYPASS] Pagina senza captcha rilevata! Applico un'esitazione dinamica di sicurezza...
ERROR    | 2026-06-29 16:53:32,365 | Orchestrator | Anomalia riscontrata sul record: Il server di Sister ha risposto con Errore 500 (NullPointerException). Richiesto Hard Reset.
INFO     | 2026-06-29 16:53:32,379 | SisterClient | 🔄 Avvio della procedura di ritorno alla maschera principale...
WARNING  | 2026-06-29 16:53:32,404 | SisterClient |    -> [Passo 1] Nessun bottone rilevato (schermata di errore). Eseguo go_back() nativo...
INFO     | 2026-06-29 16:53:34,623 | SisterClient |    -> [Passo 2] Clic su bottone 'Indietro' strutturale.
WARNING  | 2026-06-29 16:53:36,894 | SisterClient |    -> [Passo 3] Nessun bottone rilevato (schermata di errore). Eseguo go_back() nativo...
INFO     | 2026-06-29 16:53:39,087 | SisterClient |    -> [Passo 4] Clic su bottone 'Indietro' strutturale.
WARNING  | 2026-06-29 16:53:41,681 | SisterClient |    -> [Passo 5] Nessun bottone rilevato (schermata di errore). Eseguo go_back() nativo...
WARNING  | 2026-06-29 16:53:43,826 | SisterClient |    🚨 Navigazione a ritroso fallita dopo 5 tentativi. Tento ricaricamento radice strutturale...
INFO     | 2026-06-29 16:53:43,827 | SisterClient |    -> Reset transazione server: vado alla radice dei servizi...
INFO     | 2026-06-29 16:53:46,294 | SisterClient |    -> Rigenerazione maschera pulita: vado a https://sister3.agenziaentrate.gov.it/Visure/SceltaLink.do?lista=IMM&codUfficio=LI
ERROR    | 2026-06-29 16:53:49,576 | Orchestrator | Impossibile ripristinare il modulo: Browser de-sincronizzato: forzato ricaricamento radice d'emergenza per resettare lo stato applicativo.
INFO     | 2026-06-29 16:53:49,578 | Orchestrator |    ⏳ Pausa mimetica: attendo 7.34 secondi prima del prossimo record...
INFO     | 2026-06-29 16:53:56,925 | Orchestrator | [92/167] Elaborazione chiave: ROSIGNANO MARITTIMO_98_13_AB_NCT
ERROR    | 2026-06-29 16:54:01,981 | Orchestrator | Anomalia riscontrata sul record: Impossibile agganciare la maschera nei frame per l'iniezione dei parametri (Timeout rendering struttura).
INFO     | 2026-06-29 16:54:01,985 | SisterClient | 🔄 Avvio della procedura di ritorno alla maschera principale...
WARNING  | 2026-06-29 16:54:01,999 | SisterClient |    -> [Passo 1] Nessun bottone rilevato (schermata di errore). Eseguo go_back() nativo...
WARNING  | 2026-06-29 16:54:04,245 | SisterClient |    -> [Passo 2] Nessun bottone rilevato (schermata di errore). Eseguo go_back() nativo...
INFO     | 2026-06-29 16:54:06,417 | SisterClient |    -> [Passo 3] Clic su bottone 'Indietro' strutturale.
WARNING  | 2026-06-29 16:54:08,779 | SisterClient |    -> [Passo 4] Nessun bottone rilevato (schermata di errore). Eseguo go_back() nativo...
INFO     | 2026-06-29 16:54:10,932 | SisterClient |    -> [Passo 5] Clic su bottone 'Indietro' strutturale.
WARNING  | 2026-06-29 16:54:13,143 | SisterClient |    🚨 Navigazione a ritroso fallita dopo 5 tentativi. Tento ricaricamento radice strutturale...
INFO     | 2026-06-29 16:54:13,144 | SisterClient |    -> Reset transazione server: vado alla radice dei servizi...
INFO     | 2026-06-29 16:54:15,394 | SisterClient |    -> Rigenerazione maschera pulita: vado a https://sister3.agenziaentrate.gov.it/Visure/SceltaLink.do?lista=IMM&codUfficio=LI
ERROR    | 2026-06-29 16:54:18,597 | Orchestrator | Impossibile ripristinare il modulo: Browser de-sincronizzato: forzato ricaricamento radice d'emergenza per resettare lo stato applicativo.
INFO     | 2026-06-29 16:54:18,597 | Orchestrator |    ⏳ Pausa mimetica: attendo 6.31 secondi prima del prossimo record...
INFO     | 2026-06-29 16:54:24,908 | Orchestrator | [93/167] Elaborazione chiave: ROSIGNANO MARITTIMO_98_16_NCT
INFO     | 2026-06-29 16:54:24,910 | Orchestrator |    -> Job già  presente in cache (Skip).
INFO     | 2026-06-29 16:54:24,916 | Orchestrator | [94/167] Elaborazione chiave: ROSIGNANO MARITTIMO_98_4_AA_NCT
ERROR    | 2026-06-29 16:54:29,977 | Orchestrator | Anomalia riscontrata sul record: Impossibile agganciare la maschera nei frame per l'iniezione dei parametri (Timeout rendering struttura).
INFO     | 2026-06-29 16:54:29,980 | SisterClient | 🔄 Avvio della procedura di ritorno alla maschera principale...
WARNING  | 2026-06-29 16:54:29,988 | SisterClient |    -> [Passo 1] Nessun bottone rilevato (schermata di errore). Eseguo go_back() nativo...
WARNING  | 2026-06-29 16:54:32,384 | SisterClient |    -> [Passo 2] Nessun bottone rilevato (schermata di errore). Eseguo go_back() nativo...
WARNING  | 2026-06-29 16:54:34,692 | SisterClient |    -> [Passo 3] Nessun bottone rilevato (schermata di errore). Eseguo go_back() nativo...
INFO     | 2026-06-29 16:54:36,849 | SisterClient |    -> [Passo 4] Clic su bottone 'Indietro' strutturale.
WARNING  | 2026-06-29 16:54:39,114 | SisterClient |    -> [Passo 5] Nessun bottone rilevato (schermata di errore). Eseguo go_back() nativo...
WARNING  | 2026-06-29 16:54:41,294 | SisterClient |    🚨 Navigazione a ritroso fallita dopo 5 tentativi. Tento ricaricamento radice strutturale...
INFO     | 2026-06-29 16:54:41,295 | SisterClient |    -> Reset transazione server: vado alla radice dei servizi...
INFO     | 2026-06-29 16:54:43,560 | SisterClient |    -> Rigenerazione maschera pulita: vado a https://sister3.agenziaentrate.gov.it/Visure/SceltaLink.do?lista=IMM&codUfficio=LI
ERROR    | 2026-06-29 16:54:46,757 | Orchestrator | Impossibile ripristinare il modulo: Browser de-sincronizzato: forzato ricaricamento radice d'emergenza per resettare lo stato applicativo.
INFO     | 2026-06-29 16:54:46,758 | Orchestrator |    ⏳ Pausa mimetica: attendo 2.73 secondi prima del prossimo record...
INFO     | 2026-06-29 16:54:49,506 | Orchestrator | Stop richiesto: terminazione anticipata della fase di scraping.
INFO     | 2026-06-29 16:54:49,508 | Orchestrator | === [FASE 2.4] INIZIO ATTESA ELABORAZIONE ATTI DIFFERITI (20 MINUTI) === 
 ALTRIMENTI FAI IL LOGOUT E CHIUDI LA FINESTRA DEL BROWSER
INFO     | 2026-06-29 16:54:49,515 | Orchestrator | ⏱️ Sister sta elaborando i KO asincroni sullo sfondo... Mancano 20 minuti al recupero.
CRITICAL | 2026-06-29 16:54:56,632 | Orchestrator | Automazione interrotta o completata prematuramente: Page.wait_for_timeout: Target page, context or browser has been closed
INFO     | 2026-06-29 16:54:56,635 | Orchestrator | === [FASE 3] FINALIZZAZIONE OUTPUT E REPORTING ===
INFO     | 2026-06-29 16:54:56,638 | FolderBuilder | Avvio smistamento strutturato delle visure secondo il layout dinamico del cliente...
DEBUG    | 2026-06-29 16:54:56,658 | FolderBuilder | Smistato strutturato: LI-ROSIGNANO MARITTIMO-81-1145.pdf -> Campo FV 13
DEBUG    | 2026-06-29 16:54:56,665 | FolderBuilder | Smistato strutturato: LI-ROSIGNANO MARITTIMO-81-1145.pdf -> Campo FV 13\opere di invarianza idraulica
DEBUG    | 2026-06-29 16:54:56,670 | FolderBuilder | Smistato strutturato: LI-ROSIGNANO MARITTIMO-81-1148.pdf -> Campo FV 13
DEBUG    | 2026-06-29 16:54:56,673 | FolderBuilder | Smistato strutturato: LI-ROSIGNANO MARITTIMO-81-1148.pdf -> Campo FV 13\opere di invarianza idraulica
DEBUG    | 2026-06-29 16:54:56,680 | FolderBuilder | Smistato strutturato: LI-ROSIGNANO MARITTIMO-81-259-AA.pdf -> Campo FV 13
DEBUG    | 2026-06-29 16:54:56,685 | FolderBuilder | Smistato strutturato: LI-ROSIGNANO MARITTIMO-81-259-AB.pdf -> Campo FV 13
DEBUG    | 2026-06-29 16:54:56,690 | FolderBuilder | Smistato strutturato: LI-ROSIGNANO MARITTIMO-81-262.pdf -> Campo FV 13
DEBUG    | 2026-06-29 16:54:56,695 | FolderBuilder | Smistato strutturato: LI-ROSIGNANO MARITTIMO-81-262.pdf -> Campo FV 13\opere di invarianza idraulica
DEBUG    | 2026-06-29 16:54:56,701 | FolderBuilder | Smistato strutturato: LI-ROSIGNANO MARITTIMO-81-1151.pdf -> Campo FV 13
DEBUG    | 2026-06-29 16:54:56,705 | FolderBuilder | Smistato strutturato: LI-ROSIGNANO MARITTIMO-81-1154.pdf -> Campo FV 13
DEBUG    | 2026-06-29 16:54:56,709 | FolderBuilder | Smistato strutturato: LI-ROSIGNANO MARITTIMO-81-1157.pdf -> Campo FV 13
DEBUG    | 2026-06-29 16:54:56,713 | FolderBuilder | Smistato strutturato: LI-ROSIGNANO MARITTIMO-81-1157.pdf -> Campo FV 13\opere accessorie di invarianza idraulica
DEBUG    | 2026-06-29 16:54:56,717 | FolderBuilder | Smistato strutturato: LI-ROSIGNANO MARITTIMO-81-1157.pdf -> Campo FV 13\cabine
DEBUG    | 2026-06-29 16:54:56,721 | FolderBuilder | Smistato strutturato: LI-ROSIGNANO MARITTIMO-81-1157.pdf -> Campo FV 13\strade accesso esistenti
DEBUG    | 2026-06-29 16:54:56,724 | FolderBuilder | Smistato strutturato: LI-ROSIGNANO MARITTIMO-81-1157.pdf -> Campo FV 13\cancelli ingresso
DEBUG    | 2026-06-29 16:54:56,727 | FolderBuilder | Smistato strutturato: LI-ROSIGNANO MARITTIMO-81-1157.pdf -> Campo FV 13\opere di invarianza idraulica
DEBUG    | 2026-06-29 16:54:56,732 | FolderBuilder | Smistato strutturato: LI-ROSIGNANO MARITTIMO-81-1160.pdf -> Campo FV 13
DEBUG    | 2026-06-29 16:54:56,734 | FolderBuilder | Smistato strutturato: LI-ROSIGNANO MARITTIMO-81-1160.pdf -> Campo FV 13\opere accessorie di invarianza idraulica
DEBUG    | 2026-06-29 16:54:56,737 | FolderBuilder | Smistato strutturato: LI-ROSIGNANO MARITTIMO-81-1160.pdf -> Campo FV 13\strade accesso esistenti
DEBUG    | 2026-06-29 16:54:56,740 | FolderBuilder | Smistato strutturato: LI-ROSIGNANO MARITTIMO-81-1160.pdf -> Campo FV 13\cancelli ingresso
DEBUG    | 2026-06-29 16:54:56,744 | FolderBuilder | Smistato strutturato: LI-ROSIGNANO MARITTIMO-81-1160.pdf -> Campo FV 13\stradelle in progetto esterne impianto
DEBUG    | 2026-06-29 16:54:56,748 | FolderBuilder | Smistato strutturato: LI-ROSIGNANO MARITTIMO-81-1160.pdf -> Campo FV 13\opere di invarianza idraulica
DEBUG    | 2026-06-29 16:54:56,751 | FolderBuilder | Smistato strutturato: LI-ROSIGNANO MARITTIMO-81-1165.pdf -> Campo FV 13
DEBUG    | 2026-06-29 16:54:56,753 | FolderBuilder | Smistato strutturato: LI-ROSIGNANO MARITTIMO-81-1165.pdf -> Campo FV 13\opere di invarianza idraulica
DEBUG    | 2026-06-29 16:54:56,757 | FolderBuilder | Smistato strutturato: LI-ROSIGNANO MARITTIMO-81-1165.pdf -> Campo FV 13\strade accesso esistenti
DEBUG    | 2026-06-29 16:54:56,760 | FolderBuilder | Smistato strutturato: LI-ROSIGNANO MARITTIMO-81-1165.pdf -> Campo FV 13\opere accessorie di invarianza idraulica
DEBUG    | 2026-06-29 16:54:56,765 | FolderBuilder | Smistato strutturato: LI-ROSIGNANO MARITTIMO-86-717.pdf -> Campo FV 14
DEBUG    | 2026-06-29 16:54:56,768 | FolderBuilder | Smistato strutturato: LI-ROSIGNANO MARITTIMO-86-709.pdf -> Campo FV 14
DEBUG    | 2026-06-29 16:54:56,772 | FolderBuilder | Smistato strutturato: LI-ROSIGNANO MARITTIMO-86-706.pdf -> Campo FV 14
DEBUG    | 2026-06-29 16:54:56,776 | FolderBuilder | Smistato strutturato: LI-ROSIGNANO MARITTIMO-86-799.pdf -> Campo FV 14
DEBUG    | 2026-06-29 16:54:56,781 | FolderBuilder | Smistato strutturato: LI-ROSIGNANO MARITTIMO-86-799.pdf -> Campo FV 14\strade accesso esistenti
DEBUG    | 2026-06-29 16:54:56,785 | FolderBuilder | Smistato strutturato: LI-ROSIGNANO MARITTIMO-86-714.pdf -> Campo FV 14
DEBUG    | 2026-06-29 16:54:56,789 | FolderBuilder | Smistato strutturato: LI-ROSIGNANO MARITTIMO-86-712.pdf -> Campo FV 14
DEBUG    | 2026-06-29 16:54:56,794 | FolderBuilder | Smistato strutturato: LI-ROSIGNANO MARITTIMO-86-712.pdf -> Campo FV 14\opere di invarianza idraulica
DEBUG    | 2026-06-29 16:54:56,798 | FolderBuilder | Smistato strutturato: LI-ROSIGNANO MARITTIMO-86-712.pdf -> Campo FV 14\strade accesso esistenti
DEBUG    | 2026-06-29 16:54:56,801 | FolderBuilder | Smistato strutturato: LI-ROSIGNANO MARITTIMO-86-712.pdf -> Campo FV 14\opere accessorie di invarianza idraulica
DEBUG    | 2026-06-29 16:54:56,806 | FolderBuilder | Smistato strutturato: LI-ROSIGNANO MARITTIMO-86-713.pdf -> Campo FV 14
DEBUG    | 2026-06-29 16:54:56,810 | FolderBuilder | Smistato strutturato: LI-ROSIGNANO MARITTIMO-86-713.pdf -> Campo FV 14\opere di invarianza idraulica
DEBUG    | 2026-06-29 16:54:56,813 | FolderBuilder | Smistato strutturato: LI-ROSIGNANO MARITTIMO-86-713.pdf -> Campo FV 14\strade accesso esistenti
DEBUG    | 2026-06-29 16:54:56,816 | FolderBuilder | Smistato strutturato: LI-ROSIGNANO MARITTIMO-86-713.pdf -> Campo FV 14\opere accessorie di invarianza idraulica
DEBUG    | 2026-06-29 16:54:56,820 | FolderBuilder | Smistato strutturato: LI-ROSIGNANO MARITTIMO-86-707.pdf -> Campo FV 14
DEBUG    | 2026-06-29 16:54:56,823 | FolderBuilder | Smistato strutturato: LI-ROSIGNANO MARITTIMO-86-707.pdf -> Campo FV 14\opere di invarianza idraulica
DEBUG    | 2026-06-29 16:54:56,827 | FolderBuilder | Smistato strutturato: LI-ROSIGNANO MARITTIMO-86-710-AA.pdf -> Campo FV 14
DEBUG    | 2026-06-29 16:54:56,830 | FolderBuilder | Smistato strutturato: LI-ROSIGNANO MARITTIMO-86-710-AA.pdf -> Campo FV 14\opere di invarianza idraulica
DEBUG    | 2026-06-29 16:54:56,834 | FolderBuilder | Smistato strutturato: LI-ROSIGNANO MARITTIMO-86-710-AB.pdf -> Campo FV 14
DEBUG    | 2026-06-29 16:54:56,837 | FolderBuilder | Smistato strutturato: LI-ROSIGNANO MARITTIMO-86-710-AB.pdf -> Campo FV 14\opere di invarianza idraulica
DEBUG    | 2026-06-29 16:54:56,841 | FolderBuilder | Smistato strutturato: LI-ROSIGNANO MARITTIMO-86-796.pdf -> Campo FV 14
DEBUG    | 2026-06-29 16:54:56,845 | FolderBuilder | Smistato strutturato: LI-ROSIGNANO MARITTIMO-86-782.pdf -> Campo FV 14
DEBUG    | 2026-06-29 16:54:56,847 | FolderBuilder | Smistato strutturato: LI-ROSIGNANO MARITTIMO-86-782.pdf -> Campo FV 14\opere di invarianza idraulica
DEBUG    | 2026-06-29 16:54:56,851 | FolderBuilder | Smistato strutturato: LI-ROSIGNANO MARITTIMO-86-59.pdf -> Campo FV 14
DEBUG    | 2026-06-29 16:54:56,854 | FolderBuilder | Smistato strutturato: LI-ROSIGNANO MARITTIMO-86-59.pdf -> Campo FV 14\opere di invarianza idraulica
DEBUG    | 2026-06-29 16:54:56,859 | FolderBuilder | Smistato strutturato: LI-ROSIGNANO MARITTIMO-86-720.pdf -> Campo FV 14
DEBUG    | 2026-06-29 16:54:56,864 | FolderBuilder | Smistato strutturato: LI-ROSIGNANO MARITTIMO-86-722.pdf -> Campo FV 14
DEBUG    | 2026-06-29 16:54:56,867 | FolderBuilder | Smistato strutturato: LI-ROSIGNANO MARITTIMO-86-722.pdf -> Campo FV 14\opere accessorie di invarianza idraulica
DEBUG    | 2026-06-29 16:54:56,870 | FolderBuilder | Smistato strutturato: LI-ROSIGNANO MARITTIMO-86-722.pdf -> Campo FV 14\cabine
DEBUG    | 2026-06-29 16:54:56,873 | FolderBuilder | Smistato strutturato: LI-ROSIGNANO MARITTIMO-86-722.pdf -> Campo FV 14\strade accesso esistenti
DEBUG    | 2026-06-29 16:54:56,876 | FolderBuilder | Smistato strutturato: LI-ROSIGNANO MARITTIMO-86-722.pdf -> Campo FV 14\cancelli ingresso
DEBUG    | 2026-06-29 16:54:56,880 | FolderBuilder | Smistato strutturato: LI-ROSIGNANO MARITTIMO-86-722.pdf -> Campo FV 14\stradelle in progetto esterne impianto
DEBUG    | 2026-06-29 16:54:56,883 | FolderBuilder | Smistato strutturato: LI-ROSIGNANO MARITTIMO-86-722.pdf -> Campo FV 14\opere di invarianza idraulica
DEBUG    | 2026-06-29 16:54:56,887 | FolderBuilder | Smistato strutturato: LI-ROSIGNANO MARITTIMO-86-723.pdf -> Campo FV 14
DEBUG    | 2026-06-29 16:54:56,889 | FolderBuilder | Smistato strutturato: LI-ROSIGNANO MARITTIMO-86-723.pdf -> Campo FV 14\opere di invarianza idraulica
DEBUG    | 2026-06-29 16:54:56,894 | FolderBuilder | Smistato strutturato: LI-ROSIGNANO MARITTIMO-86-719.pdf -> Campo FV 14
DEBUG    | 2026-06-29 16:54:56,897 | FolderBuilder | Smistato strutturato: LI-ROSIGNANO MARITTIMO-86-719.pdf -> Campo FV 14\opere di invarianza idraulica
DEBUG    | 2026-06-29 16:54:56,901 | FolderBuilder | Smistato strutturato: LI-ROSIGNANO MARITTIMO-86-124.pdf -> Campo FV 14
DEBUG    | 2026-06-29 16:54:56,903 | FolderBuilder | Smistato strutturato: LI-ROSIGNANO MARITTIMO-86-124.pdf -> Campo FV 14\opere di invarianza idraulica
DEBUG    | 2026-06-29 16:54:56,907 | FolderBuilder | Smistato strutturato: LI-ROSIGNANO MARITTIMO-86-68.pdf -> Campo FV 14
DEBUG    | 2026-06-29 16:54:56,910 | FolderBuilder | Smistato strutturato: LI-ROSIGNANO MARITTIMO-86-68.pdf -> Campo FV 14\opere di invarianza idraulica
DEBUG    | 2026-06-29 16:54:56,912 | FolderBuilder | Smistato strutturato: LI-ROSIGNANO MARITTIMO-86-68.pdf -> Campo FV 14\cabine
DEBUG    | 2026-06-29 16:54:56,916 | FolderBuilder | Smistato strutturato: LI-ROSIGNANO MARITTIMO-86-87.pdf -> Campo FV 14
DEBUG    | 2026-06-29 16:54:56,919 | FolderBuilder | Smistato strutturato: LI-ROSIGNANO MARITTIMO-86-87.pdf -> Campo FV 14\opere accessorie di invarianza idraulica
DEBUG    | 2026-06-29 16:54:56,922 | FolderBuilder | Smistato strutturato: LI-ROSIGNANO MARITTIMO-86-87.pdf -> Campo FV 14\strade accesso esistenti
DEBUG    | 2026-06-29 16:54:56,926 | FolderBuilder | Smistato strutturato: LI-ROSIGNANO MARITTIMO-86-87.pdf -> Campo FV 14\cancelli ingresso
DEBUG    | 2026-06-29 16:54:56,930 | FolderBuilder | Smistato strutturato: LI-ROSIGNANO MARITTIMO-86-87.pdf -> Campo FV 14\opere di invarianza idraulica
DEBUG    | 2026-06-29 16:54:56,934 | FolderBuilder | Smistato strutturato: LI-ROSIGNANO MARITTIMO-86-86-AA.pdf -> Campo FV 14
DEBUG    | 2026-06-29 16:54:56,937 | FolderBuilder | Smistato strutturato: LI-ROSIGNANO MARITTIMO-86-86-AA.pdf -> Campo FV 14\opere di invarianza idraulica
DEBUG    | 2026-06-29 16:54:56,941 | FolderBuilder | Smistato strutturato: LI-ROSIGNANO MARITTIMO-86-86-AB.pdf -> Campo FV 14
DEBUG    | 2026-06-29 16:54:56,946 | FolderBuilder | Smistato strutturato: LI-ROSIGNANO MARITTIMO-86-86-AB.pdf -> Campo FV 14\opere di invarianza idraulica
DEBUG    | 2026-06-29 16:54:56,950 | FolderBuilder | Smistato strutturato: LI-ROSIGNANO MARITTIMO-86-765-601.pdf -> Campo FV 14
DEBUG    | 2026-06-29 16:54:56,952 | FolderBuilder | Smistato strutturato: LI-ROSIGNANO MARITTIMO-86-765-601.pdf -> Campo FV 14\opere di invarianza idraulica
DEBUG    | 2026-06-29 16:54:56,955 | FolderBuilder | Smistato strutturato: LI-ROSIGNANO MARITTIMO-86-606-AA.pdf -> Campo FV 14
DEBUG    | 2026-06-29 16:54:56,958 | FolderBuilder | Smistato strutturato: LI-ROSIGNANO MARITTIMO-86-606-AA.pdf -> Campo FV 14\opere di invarianza idraulica
DEBUG    | 2026-06-29 16:54:56,961 | FolderBuilder | Smistato strutturato: LI-ROSIGNANO MARITTIMO-86-606-AA.pdf -> Campo FV 14\strade accesso esistenti
DEBUG    | 2026-06-29 16:54:56,964 | FolderBuilder | Smistato strutturato: LI-ROSIGNANO MARITTIMO-86-606-AA.pdf -> Campo FV 14\stradelle in progetto esterne impianto
DEBUG    | 2026-06-29 16:54:56,967 | FolderBuilder | Smistato strutturato: LI-ROSIGNANO MARITTIMO-86-606-AB.pdf -> Campo FV 14
DEBUG    | 2026-06-29 16:54:56,970 | FolderBuilder | Smistato strutturato: LI-ROSIGNANO MARITTIMO-86-606-AB.pdf -> Campo FV 14\opere di invarianza idraulica
DEBUG    | 2026-06-29 16:54:56,973 | FolderBuilder | Smistato strutturato: LI-ROSIGNANO MARITTIMO-86-606-AB.pdf -> Campo FV 14\strade accesso esistenti
DEBUG    | 2026-06-29 16:54:56,978 | FolderBuilder | Smistato strutturato: LI-ROSIGNANO MARITTIMO-86-606-AB.pdf -> Campo FV 14\stradelle in progetto esterne impianto
DEBUG    | 2026-06-29 16:54:56,983 | FolderBuilder | Smistato strutturato: LI-ROSIGNANO MARITTIMO-90-62.pdf -> Campo FV 1
DEBUG    | 2026-06-29 16:54:56,987 | FolderBuilder | Smistato strutturato: LI-ROSIGNANO MARITTIMO-90-62.pdf -> Campo FV 1\strade accesso esistenti
DEBUG    | 2026-06-29 16:54:56,990 | FolderBuilder | Smistato strutturato: LI-ROSIGNANO MARITTIMO-90-62.pdf -> Campo FV 1\cancelli ingresso
DEBUG    | 2026-06-29 16:54:56,995 | FolderBuilder | Smistato strutturato: LI-ROSIGNANO MARITTIMO-90-62.pdf -> Campo FV 1\stradelle in progetto esterne impianto
DEBUG    | 2026-06-29 16:54:56,998 | FolderBuilder | Smistato strutturato: LI-ROSIGNANO MARITTIMO-90-62.pdf -> Campo FV 1\opere di invarianza idraulica
DEBUG    | 2026-06-29 16:54:57,002 | FolderBuilder | Smistato strutturato: LI-ROSIGNANO MARITTIMO-90-4-605.pdf -> Campo FV 1
DEBUG    | 2026-06-29 16:54:57,005 | FolderBuilder | Smistato strutturato: LI-ROSIGNANO MARITTIMO-90-4-605.pdf -> Campo FV 1\opere di invarianza idraulica
DEBUG    | 2026-06-29 16:54:57,009 | FolderBuilder | Smistato strutturato: LI-ROSIGNANO MARITTIMO-90-4-605.pdf -> Campo FV 1\strade accesso esistenti
DEBUG    | 2026-06-29 16:54:57,012 | FolderBuilder | Smistato strutturato: LI-ROSIGNANO MARITTIMO-90-4-605.pdf -> Campo FV 1\opere accessorie di invarianza idraulica
WARNING  | 2026-06-29 16:54:57,013 | FolderBuilder | File PDF non trovato in cache per la chiave: ROSIGNANO MARITTIMO_90_5_NCF (Impossibile smistare)
DEBUG    | 2026-06-29 16:54:57,018 | FolderBuilder | Smistato strutturato: LI-ROSIGNANO MARITTIMO-90-42.pdf -> Campo FV 1
DEBUG    | 2026-06-29 16:54:57,022 | FolderBuilder | Smistato strutturato: LI-ROSIGNANO MARITTIMO-90-63-610.pdf -> Campo FV 1
DEBUG    | 2026-06-29 16:54:57,028 | FolderBuilder | Smistato strutturato: LI-ROSIGNANO MARITTIMO-90-60.pdf -> Campo FV 1
DEBUG    | 2026-06-29 16:54:57,032 | FolderBuilder | Smistato strutturato: LI-ROSIGNANO MARITTIMO-90-9.pdf -> Campo FV 1
DEBUG    | 2026-06-29 16:54:57,035 | FolderBuilder | Smistato strutturato: LI-ROSIGNANO MARITTIMO-90-17.pdf -> Campo FV 1
DEBUG    | 2026-06-29 16:54:57,039 | FolderBuilder | Smistato strutturato: LI-ROSIGNANO MARITTIMO-90-17.pdf -> Campo FV 1\strade accesso esistenti
DEBUG    | 2026-06-29 16:54:57,043 | FolderBuilder | Smistato strutturato: LI-ROSIGNANO MARITTIMO-90-17.pdf -> Campo FV 1\cancelli ingresso
DEBUG    | 2026-06-29 16:54:57,047 | FolderBuilder | Smistato strutturato: LI-ROSIGNANO MARITTIMO-90-17.pdf -> Campo FV 1\stradelle in progetto esterne impianto
DEBUG    | 2026-06-29 16:54:57,053 | FolderBuilder | Smistato strutturato: LI-ROSIGNANO MARITTIMO-90-7.pdf -> Campo FV 1
DEBUG    | 2026-06-29 16:54:57,056 | FolderBuilder | Smistato strutturato: LI-ROSIGNANO MARITTIMO-90-59.pdf -> Campo FV 1
DEBUG    | 2026-06-29 16:54:57,059 | FolderBuilder | Smistato strutturato: LI-ROSIGNANO MARITTIMO-90-59.pdf -> Campo FV 1\opere di invarianza idraulica
DEBUG    | 2026-06-29 16:54:57,063 | FolderBuilder | Smistato strutturato: LI-ROSIGNANO MARITTIMO-90-47-602.pdf -> Campo FV 1
DEBUG    | 2026-06-29 16:54:57,067 | FolderBuilder | Smistato strutturato: LI-ROSIGNANO MARITTIMO-90-21.pdf -> Campo FV 1
DEBUG    | 2026-06-29 16:54:57,071 | FolderBuilder | Smistato strutturato: LI-ROSIGNANO MARITTIMO-90-22.pdf -> Campo FV 1
DEBUG    | 2026-06-29 16:54:57,073 | FolderBuilder | Smistato strutturato: LI-ROSIGNANO MARITTIMO-90-22.pdf -> Campo FV 1\cabine
DEBUG    | 2026-06-29 16:54:57,077 | FolderBuilder | Smistato strutturato: LI-ROSIGNANO MARITTIMO-90-11.pdf -> Campo FV 1
DEBUG    | 2026-06-29 16:54:57,080 | FolderBuilder | Smistato strutturato: LI-ROSIGNANO MARITTIMO-90-11.pdf -> Campo FV 1\opere accessorie di invarianza idraulica
DEBUG    | 2026-06-29 16:54:57,082 | FolderBuilder | Smistato strutturato: LI-ROSIGNANO MARITTIMO-90-11.pdf -> Campo FV 1\cabine
DEBUG    | 2026-06-29 16:54:57,085 | FolderBuilder | Smistato strutturato: LI-ROSIGNANO MARITTIMO-90-11.pdf -> Campo FV 1\strade accesso esistenti
DEBUG    | 2026-06-29 16:54:57,087 | FolderBuilder | Smistato strutturato: LI-ROSIGNANO MARITTIMO-90-11.pdf -> Campo FV 1\opere di invarianza idraulica
DEBUG    | 2026-06-29 16:54:57,094 | FolderBuilder | Smistato strutturato: LI-ROSIGNANO MARITTIMO-90-46-602.pdf -> Campo FV 1
DEBUG    | 2026-06-29 16:54:57,097 | FolderBuilder | Smistato strutturato: LI-ROSIGNANO MARITTIMO-90-46-602.pdf -> Campo FV 1\strade accesso esistenti
DEBUG    | 2026-06-29 16:54:57,101 | FolderBuilder | Smistato strutturato: LI-ROSIGNANO MARITTIMO-90-23.pdf -> Campo FV 1
DEBUG    | 2026-06-29 16:54:57,104 | FolderBuilder | Smistato strutturato: LI-ROSIGNANO MARITTIMO-90-23.pdf -> Campo FV 1\strade accesso esistenti
DEBUG    | 2026-06-29 16:54:57,108 | FolderBuilder | Smistato strutturato: LI-ROSIGNANO MARITTIMO-90-51.pdf -> Campo FV 17
DEBUG    | 2026-06-29 16:54:57,112 | FolderBuilder | Smistato strutturato: LI-ROSIGNANO MARITTIMO-90-51.pdf -> Campo FV 17\opere accessorie di invarianza idraulica
DEBUG    | 2026-06-29 16:54:57,115 | FolderBuilder | Smistato strutturato: LI-ROSIGNANO MARITTIMO-90-51.pdf -> Campo FV 17\cabine
DEBUG    | 2026-06-29 16:54:57,118 | FolderBuilder | Smistato strutturato: LI-ROSIGNANO MARITTIMO-90-51.pdf -> Campo FV 17\strade accesso esistenti
DEBUG    | 2026-06-29 16:54:57,122 | FolderBuilder | Smistato strutturato: LI-ROSIGNANO MARITTIMO-90-51.pdf -> Campo FV 17\cancelli ingresso
DEBUG    | 2026-06-29 16:54:57,125 | FolderBuilder | Smistato strutturato: LI-ROSIGNANO MARITTIMO-90-51.pdf -> Campo FV 17\stradelle in progetto esterne impianto
DEBUG    | 2026-06-29 16:54:57,129 | FolderBuilder | Smistato strutturato: LI-ROSIGNANO MARITTIMO-90-51.pdf -> Campo FV 17\opere di invarianza idraulica
DEBUG    | 2026-06-29 16:54:57,133 | FolderBuilder | Smistato strutturato: LI-ROSIGNANO MARITTIMO-90-13-AA.pdf -> Campo FV 17
DEBUG    | 2026-06-29 16:54:57,136 | FolderBuilder | Smistato strutturato: LI-ROSIGNANO MARITTIMO-90-13-AA.pdf -> Campo FV 17\opere di invarianza idraulica
DEBUG    | 2026-06-29 16:54:57,139 | FolderBuilder | Smistato strutturato: LI-ROSIGNANO MARITTIMO-90-13-AA.pdf -> Campo FV 17\strade accesso esistenti
DEBUG    | 2026-06-29 16:54:57,142 | FolderBuilder | Smistato strutturato: LI-ROSIGNANO MARITTIMO-90-13-AA.pdf -> Campo FV 17\opere accessorie di invarianza idraulica
DEBUG    | 2026-06-29 16:54:57,146 | FolderBuilder | Smistato strutturato: LI-ROSIGNANO MARITTIMO-90-13-AB.pdf -> Campo FV 17
DEBUG    | 2026-06-29 16:54:57,149 | FolderBuilder | Smistato strutturato: LI-ROSIGNANO MARITTIMO-90-13-AB.pdf -> Campo FV 17\opere di invarianza idraulica
DEBUG    | 2026-06-29 16:54:57,151 | FolderBuilder | Smistato strutturato: LI-ROSIGNANO MARITTIMO-90-13-AB.pdf -> Campo FV 17\strade accesso esistenti
DEBUG    | 2026-06-29 16:54:57,154 | FolderBuilder | Smistato strutturato: LI-ROSIGNANO MARITTIMO-90-13-AB.pdf -> Campo FV 17\opere accessorie di invarianza idraulica
DEBUG    | 2026-06-29 16:54:57,157 | FolderBuilder | Smistato strutturato: LI-ROSIGNANO MARITTIMO-92-5-AA.pdf -> Campo FV 2
DEBUG    | 2026-06-29 16:54:57,161 | FolderBuilder | Smistato strutturato: LI-ROSIGNANO MARITTIMO-92-5-AA.pdf -> Campo FV 2\strade accesso esistenti
DEBUG    | 2026-06-29 16:54:57,165 | FolderBuilder | Smistato strutturato: LI-ROSIGNANO MARITTIMO-92-5-AA.pdf -> Campo FV 2\opere accessorie di invarianza idraulica
DEBUG    | 2026-06-29 16:54:57,169 | FolderBuilder | Smistato strutturato: LI-ROSIGNANO MARITTIMO-92-5-AB.pdf -> Campo FV 2
DEBUG    | 2026-06-29 16:54:57,173 | FolderBuilder | Smistato strutturato: LI-ROSIGNANO MARITTIMO-92-5-AB.pdf -> Campo FV 2\strade accesso esistenti
DEBUG    | 2026-06-29 16:54:57,176 | FolderBuilder | Smistato strutturato: LI-ROSIGNANO MARITTIMO-92-5-AB.pdf -> Campo FV 2\opere accessorie di invarianza idraulica
DEBUG    | 2026-06-29 16:54:57,181 | FolderBuilder | Smistato strutturato: LI-ROSIGNANO MARITTIMO-92-6.pdf -> Campo FV 2
DEBUG    | 2026-06-29 16:54:57,184 | FolderBuilder | Smistato strutturato: LI-ROSIGNANO MARITTIMO-92-6.pdf -> Campo FV 2\opere di invarianza idraulica
DEBUG    | 2026-06-29 16:54:57,187 | FolderBuilder | Smistato strutturato: LI-ROSIGNANO MARITTIMO-92-6.pdf -> Campo FV 2\strade accesso esistenti
DEBUG    | 2026-06-29 16:54:57,191 | FolderBuilder | Smistato strutturato: LI-ROSIGNANO MARITTIMO-92-6.pdf -> Campo FV 2\opere accessorie di invarianza idraulica
DEBUG    | 2026-06-29 16:54:57,197 | FolderBuilder | Smistato strutturato: LI-ROSIGNANO MARITTIMO-92-10-AA.pdf -> Campo FV 2
DEBUG    | 2026-06-29 16:54:57,201 | FolderBuilder | Smistato strutturato: LI-ROSIGNANO MARITTIMO-92-10-AB.pdf -> Campo FV 2
DEBUG    | 2026-06-29 16:54:57,205 | FolderBuilder | Smistato strutturato: LI-ROSIGNANO MARITTIMO-92-9.pdf -> Campo FV 2
DEBUG    | 2026-06-29 16:54:57,209 | FolderBuilder | Smistato strutturato: LI-ROSIGNANO MARITTIMO-92-9.pdf -> Campo FV 2\opere di invarianza idraulica
DEBUG    | 2026-06-29 16:54:57,215 | FolderBuilder | Smistato strutturato: LI-ROSIGNANO MARITTIMO-92-44.pdf -> Campo FV 2
DEBUG    | 2026-06-29 16:54:57,221 | FolderBuilder | Smistato strutturato: LI-ROSIGNANO MARITTIMO-92-11-AA.pdf -> Campo FV 2
DEBUG    | 2026-06-29 16:54:57,224 | FolderBuilder | Smistato strutturato: LI-ROSIGNANO MARITTIMO-92-11-AA.pdf -> Campo FV 2\cabine
DEBUG    | 2026-06-29 16:54:57,228 | FolderBuilder | Smistato strutturato: LI-ROSIGNANO MARITTIMO-92-11-AA.pdf -> Campo FV 2\cancelli ingresso
DEBUG    | 2026-06-29 16:54:57,231 | FolderBuilder | Smistato strutturato: LI-ROSIGNANO MARITTIMO-92-11-AA.pdf -> Campo FV 2\stradelle in progetto esterne impianto
DEBUG    | 2026-06-29 16:54:57,234 | FolderBuilder | Smistato strutturato: LI-ROSIGNANO MARITTIMO-92-11-AA.pdf -> Campo FV 2\opere di invarianza idraulica
DEBUG    | 2026-06-29 16:54:57,238 | FolderBuilder | Smistato strutturato: LI-ROSIGNANO MARITTIMO-92-11-AB.pdf -> Campo FV 2
DEBUG    | 2026-06-29 16:54:57,241 | FolderBuilder | Smistato strutturato: LI-ROSIGNANO MARITTIMO-92-11-AB.pdf -> Campo FV 2\opere di invarianza idraulica
DEBUG    | 2026-06-29 16:54:57,245 | FolderBuilder | Smistato strutturato: LI-ROSIGNANO MARITTIMO-92-11-AB.pdf -> Campo FV 2\stradelle in progetto esterne impianto
DEBUG    | 2026-06-29 16:54:57,249 | FolderBuilder | Smistato strutturato: LI-ROSIGNANO MARITTIMO-92-11-AC.pdf -> Campo FV 2
DEBUG    | 2026-06-29 16:54:57,253 | FolderBuilder | Smistato strutturato: LI-ROSIGNANO MARITTIMO-92-11-AC.pdf -> Campo FV 2\opere di invarianza idraulica
DEBUG    | 2026-06-29 16:54:57,255 | FolderBuilder | Smistato strutturato: LI-ROSIGNANO MARITTIMO-92-11-AC.pdf -> Campo FV 2\stradelle in progetto esterne impianto
DEBUG    | 2026-06-29 16:54:57,261 | FolderBuilder | Smistato strutturato: LI-ROSIGNANO MARITTIMO-92-39.pdf -> Campo FV 2
WARNING  | 2026-06-29 16:54:57,261 | FolderBuilder | File PDF non trovato in cache per la chiave: ROSIGNANO MARITTIMO_98_138_NCT (Impossibile smistare)
DEBUG    | 2026-06-29 16:54:57,267 | FolderBuilder | Smistato strutturato: LI-ROSIGNANO MARITTIMO-98-139.pdf -> Campo FV 3+4
DEBUG    | 2026-06-29 16:54:57,272 | FolderBuilder | Smistato strutturato: LI-ROSIGNANO MARITTIMO-98-154.pdf -> Campo FV 3+4
DEBUG    | 2026-06-29 16:54:57,277 | FolderBuilder | Smistato strutturato: LI-ROSIGNANO MARITTIMO-98-154.pdf -> Campo FV 3+4\opere di invarianza idraulica
DEBUG    | 2026-06-29 16:54:57,282 | FolderBuilder | Smistato strutturato: LI-ROSIGNANO MARITTIMO-98-154.pdf -> Campo FV 3+4\strade accesso esistenti
DEBUG    | 2026-06-29 16:54:57,286 | FolderBuilder | Smistato strutturato: LI-ROSIGNANO MARITTIMO-98-155.pdf -> Campo FV 3+4
DEBUG    | 2026-06-29 16:54:57,289 | FolderBuilder | Smistato strutturato: LI-ROSIGNANO MARITTIMO-98-155.pdf -> Campo FV 3+4\strade accesso esistenti
DEBUG    | 2026-06-29 16:54:57,293 | FolderBuilder | Smistato strutturato: LI-ROSIGNANO MARITTIMO-98-44.pdf -> Campo FV 3+4
DEBUG    | 2026-06-29 16:54:57,297 | FolderBuilder | Smistato strutturato: LI-ROSIGNANO MARITTIMO-98-44.pdf -> Campo FV 3+4\strade accesso esistenti
DEBUG    | 2026-06-29 16:54:57,301 | FolderBuilder | Smistato strutturato: LI-ROSIGNANO MARITTIMO-98-153.pdf -> Campo FV 3+4
DEBUG    | 2026-06-29 16:54:57,304 | FolderBuilder | Smistato strutturato: LI-ROSIGNANO MARITTIMO-98-153.pdf -> Campo FV 3+4\opere accessorie di invarianza idraulica
DEBUG    | 2026-06-29 16:54:57,308 | FolderBuilder | Smistato strutturato: LI-ROSIGNANO MARITTIMO-98-153.pdf -> Campo FV 3+4\cabine
DEBUG    | 2026-06-29 16:54:57,312 | FolderBuilder | Smistato strutturato: LI-ROSIGNANO MARITTIMO-98-153.pdf -> Campo FV 3+4\strade accesso esistenti
DEBUG    | 2026-06-29 16:54:57,315 | FolderBuilder | Smistato strutturato: LI-ROSIGNANO MARITTIMO-98-153.pdf -> Campo FV 3+4\cancelli ingresso
DEBUG    | 2026-06-29 16:54:57,318 | FolderBuilder | Smistato strutturato: LI-ROSIGNANO MARITTIMO-98-153.pdf -> Campo FV 3+4\opere di invarianza idraulica
DEBUG    | 2026-06-29 16:54:57,321 | FolderBuilder | Smistato strutturato: LI-ROSIGNANO MARITTIMO-98-8-AA.pdf -> Campo FV 3+4
DEBUG    | 2026-06-29 16:54:57,325 | FolderBuilder | Smistato strutturato: LI-ROSIGNANO MARITTIMO-98-8-AA.pdf -> Campo FV 3+4\opere di invarianza idraulica
DEBUG    | 2026-06-29 16:54:57,329 | FolderBuilder | Smistato strutturato: LI-ROSIGNANO MARITTIMO-98-8-AB.pdf -> Campo FV 3+4
DEBUG    | 2026-06-29 16:54:57,332 | FolderBuilder | Smistato strutturato: LI-ROSIGNANO MARITTIMO-98-8-AB.pdf -> Campo FV 3+4\opere di invarianza idraulica
DEBUG    | 2026-06-29 16:54:57,335 | FolderBuilder | Smistato strutturato: LI-ROSIGNANO MARITTIMO-98-40.pdf -> Campo FV 3+4
DEBUG    | 2026-06-29 16:54:57,338 | FolderBuilder | Smistato strutturato: LI-ROSIGNANO MARITTIMO-98-40.pdf -> Campo FV 3+4\opere di invarianza idraulica
DEBUG    | 2026-06-29 16:54:57,342 | FolderBuilder | Smistato strutturato: LI-ROSIGNANO MARITTIMO-98-161.pdf -> Campo FV 3+4
DEBUG    | 2026-06-29 16:54:57,345 | FolderBuilder | Smistato strutturato: LI-ROSIGNANO MARITTIMO-98-161.pdf -> Campo FV 3+4\opere accessorie di invarianza idraulica
DEBUG    | 2026-06-29 16:54:57,348 | FolderBuilder | Smistato strutturato: LI-ROSIGNANO MARITTIMO-98-161.pdf -> Campo FV 3+4\cabine
DEBUG    | 2026-06-29 16:54:57,350 | FolderBuilder | Smistato strutturato: LI-ROSIGNANO MARITTIMO-98-161.pdf -> Campo FV 3+4\strade accesso esistenti
DEBUG    | 2026-06-29 16:54:57,353 | FolderBuilder | Smistato strutturato: LI-ROSIGNANO MARITTIMO-98-161.pdf -> Campo FV 3+4\opere di invarianza idraulica
DEBUG    | 2026-06-29 16:54:57,356 | FolderBuilder | Smistato strutturato: LI-ROSIGNANO MARITTIMO-98-162.pdf -> Campo FV 3+4
DEBUG    | 2026-06-29 16:54:57,362 | FolderBuilder | Smistato strutturato: LI-ROSIGNANO MARITTIMO-98-163.pdf -> Campo FV 3+4
DEBUG    | 2026-06-29 16:54:57,365 | FolderBuilder | Smistato strutturato: LI-ROSIGNANO MARITTIMO-98-163.pdf -> Campo FV 3+4\opere accessorie di invarianza idraulica
DEBUG    | 2026-06-29 16:54:57,367 | FolderBuilder | Smistato strutturato: LI-ROSIGNANO MARITTIMO-98-163.pdf -> Campo FV 3+4\cabine
DEBUG    | 2026-06-29 16:54:57,370 | FolderBuilder | Smistato strutturato: LI-ROSIGNANO MARITTIMO-98-163.pdf -> Campo FV 3+4\strade accesso esistenti
DEBUG    | 2026-06-29 16:54:57,372 | FolderBuilder | Smistato strutturato: LI-ROSIGNANO MARITTIMO-98-163.pdf -> Campo FV 3+4\cancelli ingresso
DEBUG    | 2026-06-29 16:54:57,376 | FolderBuilder | Smistato strutturato: LI-ROSIGNANO MARITTIMO-98-163.pdf -> Campo FV 3+4\stradelle in progetto esterne impianto
DEBUG    | 2026-06-29 16:54:57,379 | FolderBuilder | Smistato strutturato: LI-ROSIGNANO MARITTIMO-98-163.pdf -> Campo FV 3+4\opere di invarianza idraulica
DEBUG    | 2026-06-29 16:54:57,382 | FolderBuilder | Smistato strutturato: LI-ROSIGNANO MARITTIMO-98-46.pdf -> Campo FV 3+4
DEBUG    | 2026-06-29 16:54:57,385 | FolderBuilder | Smistato strutturato: LI-ROSIGNANO MARITTIMO-98-46.pdf -> Campo FV 3+4\strade accesso esistenti
DEBUG    | 2026-06-29 16:54:57,389 | FolderBuilder | Smistato strutturato: LI-ROSIGNANO MARITTIMO-98-45.pdf -> Campo FV 5
DEBUG    | 2026-06-29 16:54:57,394 | FolderBuilder | Smistato strutturato: LI-ROSIGNANO MARITTIMO-98-85.pdf -> Campo FV 5
DEBUG    | 2026-06-29 16:54:57,397 | FolderBuilder | Smistato strutturato: LI-ROSIGNANO MARITTIMO-98-85.pdf -> Campo FV 5\opere accessorie di invarianza idraulica
DEBUG    | 2026-06-29 16:54:57,400 | FolderBuilder | Smistato strutturato: LI-ROSIGNANO MARITTIMO-98-85.pdf -> Campo FV 5\cabine
DEBUG    | 2026-06-29 16:54:57,403 | FolderBuilder | Smistato strutturato: LI-ROSIGNANO MARITTIMO-98-85.pdf -> Campo FV 5\strade accesso esistenti
DEBUG    | 2026-06-29 16:54:57,405 | FolderBuilder | Smistato strutturato: LI-ROSIGNANO MARITTIMO-98-85.pdf -> Campo FV 5\cancelli ingresso
DEBUG    | 2026-06-29 16:54:57,408 | FolderBuilder | Smistato strutturato: LI-ROSIGNANO MARITTIMO-98-85.pdf -> Campo FV 5\stradelle in progetto esterne impianto
DEBUG    | 2026-06-29 16:54:57,411 | FolderBuilder | Smistato strutturato: LI-ROSIGNANO MARITTIMO-98-85.pdf -> Campo FV 5\opere di invarianza idraulica
DEBUG    | 2026-06-29 16:54:57,414 | FolderBuilder | Smistato strutturato: LI-ROSIGNANO MARITTIMO-98-86.pdf -> Campo FV 5
DEBUG    | 2026-06-29 16:54:57,416 | FolderBuilder | Smistato strutturato: LI-ROSIGNANO MARITTIMO-98-86.pdf -> Campo FV 5\opere accessorie di invarianza idraulica
DEBUG    | 2026-06-29 16:54:57,418 | FolderBuilder | Smistato strutturato: LI-ROSIGNANO MARITTIMO-98-86.pdf -> Campo FV 5\cabine
DEBUG    | 2026-06-29 16:54:57,420 | FolderBuilder | Smistato strutturato: LI-ROSIGNANO MARITTIMO-98-86.pdf -> Campo FV 5\strade accesso esistenti
DEBUG    | 2026-06-29 16:54:57,422 | FolderBuilder | Smistato strutturato: LI-ROSIGNANO MARITTIMO-98-86.pdf -> Campo FV 5\opere di invarianza idraulica
DEBUG    | 2026-06-29 16:54:57,427 | FolderBuilder | Smistato strutturato: LI-ROSIGNANO MARITTIMO-98-87.pdf -> Campo FV 5
DEBUG    | 2026-06-29 16:54:57,430 | FolderBuilder | Smistato strutturato: LI-ROSIGNANO MARITTIMO-98-87.pdf -> Campo FV 5\strade accesso esistenti
DEBUG    | 2026-06-29 16:54:57,434 | FolderBuilder | Smistato strutturato: LI-ROSIGNANO MARITTIMO-102-302.pdf -> Campo FV 5
DEBUG    | 2026-06-29 16:54:57,437 | FolderBuilder | Smistato strutturato: LI-ROSIGNANO MARITTIMO-102-302.pdf -> Campo FV 5\strade accesso esistenti
DEBUG    | 2026-06-29 16:54:57,439 | FolderBuilder | Smistato strutturato: LI-ROSIGNANO MARITTIMO-102-303.pdf -> Campo FV 5
DEBUG    | 2026-06-29 16:54:57,443 | FolderBuilder | Smistato strutturato: LI-ROSIGNANO MARITTIMO-102-300.pdf -> Campo FV 5
DEBUG    | 2026-06-29 16:54:57,446 | FolderBuilder | Smistato strutturato: LI-ROSIGNANO MARITTIMO-102-300.pdf -> Campo FV 5\opere di invarianza idraulica
DEBUG    | 2026-06-29 16:54:57,448 | FolderBuilder | Smistato strutturato: LI-ROSIGNANO MARITTIMO-102-300.pdf -> Campo FV 5\strade accesso esistenti
DEBUG    | 2026-06-29 16:54:57,450 | FolderBuilder | Smistato strutturato: LI-ROSIGNANO MARITTIMO-102-300.pdf -> Campo FV 5\opere accessorie di invarianza idraulica
DEBUG    | 2026-06-29 16:54:57,453 | FolderBuilder | Smistato strutturato: LI-ROSIGNANO MARITTIMO-102-301.pdf -> Campo FV 5
DEBUG    | 2026-06-29 16:54:57,455 | FolderBuilder | Smistato strutturato: LI-ROSIGNANO MARITTIMO-102-301.pdf -> Campo FV 5\opere accessorie di invarianza idraulica
DEBUG    | 2026-06-29 16:54:57,457 | FolderBuilder | Smistato strutturato: LI-ROSIGNANO MARITTIMO-102-301.pdf -> Campo FV 5\cabine
DEBUG    | 2026-06-29 16:54:57,461 | FolderBuilder | Smistato strutturato: LI-ROSIGNANO MARITTIMO-102-301.pdf -> Campo FV 5\strade accesso esistenti
DEBUG    | 2026-06-29 16:54:57,464 | FolderBuilder | Smistato strutturato: LI-ROSIGNANO MARITTIMO-102-301.pdf -> Campo FV 5\cancelli ingresso
DEBUG    | 2026-06-29 16:54:57,466 | FolderBuilder | Smistato strutturato: LI-ROSIGNANO MARITTIMO-102-301.pdf -> Campo FV 5\stradelle in progetto esterne impianto
DEBUG    | 2026-06-29 16:54:57,468 | FolderBuilder | Smistato strutturato: LI-ROSIGNANO MARITTIMO-102-301.pdf -> Campo FV 5\opere di invarianza idraulica
DEBUG    | 2026-06-29 16:54:57,472 | FolderBuilder | Smistato strutturato: LI-ROSIGNANO MARITTIMO-102-350.pdf -> Campo FV 5
DEBUG    | 2026-06-29 16:54:57,476 | FolderBuilder | Smistato strutturato: LI-ROSIGNANO MARITTIMO-98-79.pdf -> Campo FV 7
DEBUG    | 2026-06-29 16:54:57,480 | FolderBuilder | Smistato strutturato: LI-ROSIGNANO MARITTIMO-98-79.pdf -> Campo FV 7\opere accessorie di invarianza idraulica
DEBUG    | 2026-06-29 16:54:57,484 | FolderBuilder | Smistato strutturato: LI-ROSIGNANO MARITTIMO-98-79.pdf -> Campo FV 7\strade accesso esistenti
DEBUG    | 2026-06-29 16:54:57,486 | FolderBuilder | Smistato strutturato: LI-ROSIGNANO MARITTIMO-98-79.pdf -> Campo FV 7\cancelli ingresso
DEBUG    | 2026-06-29 16:54:57,489 | FolderBuilder | Smistato strutturato: LI-ROSIGNANO MARITTIMO-98-79.pdf -> Campo FV 7\stradelle in progetto esterne impianto
DEBUG    | 2026-06-29 16:54:57,492 | FolderBuilder | Smistato strutturato: LI-ROSIGNANO MARITTIMO-98-79.pdf -> Campo FV 7\opere di invarianza idraulica
DEBUG    | 2026-06-29 16:54:57,496 | FolderBuilder | Smistato strutturato: LI-ROSIGNANO MARITTIMO-98-81.pdf -> Campo FV 7
DEBUG    | 2026-06-29 16:54:57,499 | FolderBuilder | Smistato strutturato: LI-ROSIGNANO MARITTIMO-98-81.pdf -> Campo FV 7\opere accessorie di invarianza idraulica
DEBUG    | 2026-06-29 16:54:57,501 | FolderBuilder | Smistato strutturato: LI-ROSIGNANO MARITTIMO-98-81.pdf -> Campo FV 7\cabine
DEBUG    | 2026-06-29 16:54:57,504 | FolderBuilder | Smistato strutturato: LI-ROSIGNANO MARITTIMO-98-81.pdf -> Campo FV 7\strade accesso esistenti
DEBUG    | 2026-06-29 16:54:57,507 | FolderBuilder | Smistato strutturato: LI-ROSIGNANO MARITTIMO-98-81.pdf -> Campo FV 7\cancelli ingresso
DEBUG    | 2026-06-29 16:54:57,510 | FolderBuilder | Smistato strutturato: LI-ROSIGNANO MARITTIMO-98-81.pdf -> Campo FV 7\stradelle in progetto esterne impianto
DEBUG    | 2026-06-29 16:54:57,513 | FolderBuilder | Smistato strutturato: LI-ROSIGNANO MARITTIMO-98-81.pdf -> Campo FV 7\opere di invarianza idraulica
DEBUG    | 2026-06-29 16:54:57,517 | FolderBuilder | Smistato strutturato: LI-ROSIGNANO MARITTIMO-98-101.pdf -> Campo AGRO 7
WARNING  | 2026-06-29 16:54:57,517 | FolderBuilder | File PDF non trovato in cache per la chiave: ROSIGNANO MARITTIMO_98_13_AA_NCT (Impossibile smistare)
WARNING  | 2026-06-29 16:54:57,517 | FolderBuilder | File PDF non trovato in cache per la chiave: ROSIGNANO MARITTIMO_98_13_AB_NCT (Impossibile smistare)
DEBUG    | 2026-06-29 16:54:57,527 | FolderBuilder | Smistato strutturato: LI-ROSIGNANO MARITTIMO-98-16.pdf -> Campo AGRO 7
DEBUG    | 2026-06-29 16:54:57,532 | FolderBuilder | Smistato strutturato: LI-ROSIGNANO MARITTIMO-98-16.pdf -> Campo AGRO 7\opere accessorie di invarianza idraulica
DEBUG    | 2026-06-29 16:54:57,534 | FolderBuilder | Smistato strutturato: LI-ROSIGNANO MARITTIMO-98-16.pdf -> Campo AGRO 7\cabine
DEBUG    | 2026-06-29 16:54:57,537 | FolderBuilder | Smistato strutturato: LI-ROSIGNANO MARITTIMO-98-16.pdf -> Campo AGRO 7\strade accesso esistenti
DEBUG    | 2026-06-29 16:54:57,540 | FolderBuilder | Smistato strutturato: LI-ROSIGNANO MARITTIMO-98-16.pdf -> Campo AGRO 7\cancelli ingresso
DEBUG    | 2026-06-29 16:54:57,545 | FolderBuilder | Smistato strutturato: LI-ROSIGNANO MARITTIMO-98-16.pdf -> Campo AGRO 7\stradelle in progetto esterne impianto
DEBUG    | 2026-06-29 16:54:57,549 | FolderBuilder | Smistato strutturato: LI-ROSIGNANO MARITTIMO-98-16.pdf -> Campo AGRO 7\opere di invarianza idraulica
WARNING  | 2026-06-29 16:54:57,549 | FolderBuilder | File PDF non trovato in cache per la chiave: ROSIGNANO MARITTIMO_98_4_AA_NCT (Impossibile smistare)
WARNING  | 2026-06-29 16:54:57,550 | FolderBuilder | File PDF non trovato in cache per la chiave: ROSIGNANO MARITTIMO_98_4_AB_NCT (Impossibile smistare)
WARNING  | 2026-06-29 16:54:57,556 | FolderBuilder | File PDF non trovato in cache per la chiave: ROSIGNANO MARITTIMO_98_17_AA_NCT (Impossibile smistare)
WARNING  | 2026-06-29 16:54:57,557 | FolderBuilder | File PDF non trovato in cache per la chiave: ROSIGNANO MARITTIMO_98_17_AB_NCT (Impossibile smistare)
DEBUG    | 2026-06-29 16:54:57,566 | FolderBuilder | Smistato strutturato: LI-ROSIGNANO MARITTIMO-98-171.pdf -> Campo AGRO 9
DEBUG    | 2026-06-29 16:54:57,569 | FolderBuilder | Smistato strutturato: LI-ROSIGNANO MARITTIMO-98-171.pdf -> Campo AGRO 9\cabine
DEBUG    | 2026-06-29 16:54:57,572 | FolderBuilder | Smistato strutturato: LI-ROSIGNANO MARITTIMO-98-171.pdf -> Campo AGRO 9\cancelli ingresso
DEBUG    | 2026-06-29 16:54:57,575 | FolderBuilder | Smistato strutturato: LI-ROSIGNANO MARITTIMO-98-171.pdf -> Campo AGRO 9\stradelle in progetto esterne impianto
DEBUG    | 2026-06-29 16:54:57,580 | FolderBuilder | Smistato strutturato: LI-ROSIGNANO MARITTIMO-98-171.pdf -> Campo AGRO 9\opere di invarianza idraulica
WARNING  | 2026-06-29 16:54:57,581 | FolderBuilder | File PDF non trovato in cache per la chiave: ROSIGNANO MARITTIMO_98_29_AA_NCT (Impossibile smistare)
WARNING  | 2026-06-29 16:54:57,581 | FolderBuilder | File PDF non trovato in cache per la chiave: ROSIGNANO MARITTIMO_98_29_AB_NCT (Impossibile smistare)
DEBUG    | 2026-06-29 16:54:57,586 | FolderBuilder | Smistato strutturato: LI-ROSIGNANO MARITTIMO-98-142-AA.pdf -> Campo AGRO 9
DEBUG    | 2026-06-29 16:54:57,588 | FolderBuilder | Smistato strutturato: LI-ROSIGNANO MARITTIMO-98-142-AA.pdf -> Campo AGRO 9\opere di invarianza idraulica
DEBUG    | 2026-06-29 16:54:57,591 | FolderBuilder | Smistato strutturato: LI-ROSIGNANO MARITTIMO-98-142-AA.pdf -> Campo AGRO 9\cancelli ingresso
DEBUG    | 2026-06-29 16:54:57,599 | FolderBuilder | Smistato strutturato: LI-ROSIGNANO MARITTIMO-98-142-AA.pdf -> Campo AGRO 9\cabine
WARNING  | 2026-06-29 16:54:57,599 | FolderBuilder | File PDF non trovato in cache per la chiave: ROSIGNANO MARITTIMO_98_142_AB_NCT (Impossibile smistare)
WARNING  | 2026-06-29 16:54:57,600 | FolderBuilder | File PDF non trovato in cache per la chiave: ROSIGNANO MARITTIMO_98_31_AA_NCT (Impossibile smistare)
WARNING  | 2026-06-29 16:54:57,603 | FolderBuilder | File PDF non trovato in cache per la chiave: ROSIGNANO MARITTIMO_98_31_AB_NCT (Impossibile smistare)
DEBUG    | 2026-06-29 16:54:57,615 | FolderBuilder | Smistato strutturato: LI-ROSIGNANO MARITTIMO-98-144.pdf -> Campo AGRO 9
DEBUG    | 2026-06-29 16:54:57,619 | FolderBuilder | Smistato strutturato: LI-ROSIGNANO MARITTIMO-98-144.pdf -> Campo AGRO 9\opere accessorie di invarianza idraulica
DEBUG    | 2026-06-29 16:54:57,622 | FolderBuilder | Smistato strutturato: LI-ROSIGNANO MARITTIMO-98-144.pdf -> Campo AGRO 9\strade accesso esistenti
DEBUG    | 2026-06-29 16:54:57,625 | FolderBuilder | Smistato strutturato: LI-ROSIGNANO MARITTIMO-98-144.pdf -> Campo AGRO 9\cancelli ingresso
DEBUG    | 2026-06-29 16:54:57,632 | FolderBuilder | Smistato strutturato: LI-ROSIGNANO MARITTIMO-98-144.pdf -> Campo AGRO 9\stradelle in progetto esterne impianto
DEBUG    | 2026-06-29 16:54:57,635 | FolderBuilder | Smistato strutturato: LI-ROSIGNANO MARITTIMO-98-144.pdf -> Campo AGRO 9\opere di invarianza idraulica
WARNING  | 2026-06-29 16:54:57,635 | FolderBuilder | File PDF non trovato in cache per la chiave: ROSIGNANO MARITTIMO_98_32_NCT (Impossibile smistare)
WARNING  | 2026-06-29 16:54:57,636 | FolderBuilder | File PDF non trovato in cache per la chiave: ROSIGNANO MARITTIMO_98_114_NCT (Impossibile smistare)
DEBUG    | 2026-06-29 16:54:57,641 | FolderBuilder | Smistato strutturato: LI-ROSIGNANO MARITTIMO-98-146.pdf -> Campo FV 8
DEBUG    | 2026-06-29 16:54:57,647 | FolderBuilder | Smistato strutturato: LI-ROSIGNANO MARITTIMO-98-146.pdf -> Campo FV 8\cabine
DEBUG    | 2026-06-29 16:54:57,651 | FolderBuilder | Smistato strutturato: LI-ROSIGNANO MARITTIMO-98-146.pdf -> Campo FV 8\strade accesso esistenti
DEBUG    | 2026-06-29 16:54:57,654 | FolderBuilder | Smistato strutturato: LI-ROSIGNANO MARITTIMO-98-146.pdf -> Campo FV 8\cancelli ingresso
DEBUG    | 2026-06-29 16:54:57,657 | FolderBuilder | Smistato strutturato: LI-ROSIGNANO MARITTIMO-98-146.pdf -> Campo FV 8\stradelle in progetto esterne impianto
DEBUG    | 2026-06-29 16:54:57,663 | FolderBuilder | Smistato strutturato: LI-ROSIGNANO MARITTIMO-98-146.pdf -> Campo FV 8\opere di invarianza idraulica
WARNING  | 2026-06-29 16:54:57,664 | FolderBuilder | File PDF non trovato in cache per la chiave: ROSIGNANO MARITTIMO_98_168_NCT (Impossibile smistare)
WARNING  | 2026-06-29 16:54:57,664 | FolderBuilder | File PDF non trovato in cache per la chiave: ROSIGNANO MARITTIMO_98_118_NCT (Impossibile smistare)
WARNING  | 2026-06-29 16:54:57,666 | FolderBuilder | File PDF non trovato in cache per la chiave: ROSIGNANO MARITTIMO_81_1138_NCT (Impossibile smistare)
WARNING  | 2026-06-29 16:54:57,667 | FolderBuilder | File PDF non trovato in cache per la chiave: ROSIGNANO MARITTIMO_81_1143_NCF (Impossibile smistare)
WARNING  | 2026-06-29 16:54:57,668 | FolderBuilder | File PDF non trovato in cache per la chiave: ROSIGNANO MARITTIMO_86_673_NCF (Impossibile smistare)
WARNING  | 2026-06-29 16:54:57,669 | FolderBuilder | File PDF non trovato in cache per la chiave: ROSIGNANO MARITTIMO_86_50_NCT (Impossibile smistare)
WARNING  | 2026-06-29 16:54:57,670 | FolderBuilder | File PDF non trovato in cache per la chiave: ROSIGNANO MARITTIMO_86_49_NCT (Impossibile smistare)
WARNING  | 2026-06-29 16:54:57,671 | FolderBuilder | File PDF non trovato in cache per la chiave: ROSIGNANO MARITTIMO_86_35_NCT (Impossibile smistare)
WARNING  | 2026-06-29 16:54:57,679 | FolderBuilder | File PDF non trovato in cache per la chiave: ROSIGNANO MARITTIMO_86_543_NCT (Impossibile smistare)
WARNING  | 2026-06-29 16:54:57,681 | FolderBuilder | File PDF non trovato in cache per la chiave: ROSIGNANO MARITTIMO_86_581_NCT (Impossibile smistare)
WARNING  | 2026-06-29 16:54:57,686 | FolderBuilder | File PDF non trovato in cache per la chiave: ROSIGNANO MARITTIMO_86_584_610_NCT (Impossibile smistare)
WARNING  | 2026-06-29 16:54:57,687 | FolderBuilder | File PDF non trovato in cache per la chiave: ROSIGNANO MARITTIMO_86_589_AA_NCT (Impossibile smistare)
WARNING  | 2026-06-29 16:54:57,688 | FolderBuilder | File PDF non trovato in cache per la chiave: ROSIGNANO MARITTIMO_86_589_AB_NCT (Impossibile smistare)
WARNING  | 2026-06-29 16:54:57,697 | FolderBuilder | File PDF non trovato in cache per la chiave: ROSIGNANO MARITTIMO_86_44_NCF (Impossibile smistare)
WARNING  | 2026-06-29 16:54:57,698 | FolderBuilder | File PDF non trovato in cache per la chiave: ROSIGNANO MARITTIMO_86_583_NCT (Impossibile smistare)
WARNING  | 2026-06-29 16:54:57,700 | FolderBuilder | File PDF non trovato in cache per la chiave: ROSIGNANO MARITTIMO_86_907_NCT (Impossibile smistare)
WARNING  | 2026-06-29 16:54:57,701 | FolderBuilder | File PDF non trovato in cache per la chiave: ROSIGNANO MARITTIMO_86_908_NCT (Impossibile smistare)
WARNING  | 2026-06-29 16:54:57,702 | FolderBuilder | File PDF non trovato in cache per la chiave: ROSIGNANO MARITTIMO_86_797_NCT (Impossibile smistare)
WARNING  | 2026-06-29 16:54:57,704 | FolderBuilder | File PDF non trovato in cache per la chiave: ROSIGNANO MARITTIMO_86_120_NCT (Impossibile smistare)
WARNING  | 2026-06-29 16:54:57,705 | FolderBuilder | File PDF non trovato in cache per la chiave: ROSIGNANO MARITTIMO_86_798_NCT (Impossibile smistare)
WARNING  | 2026-06-29 16:54:57,706 | FolderBuilder | File PDF non trovato in cache per la chiave: ROSIGNANO MARITTIMO_86_111_NCT (Impossibile smistare)
WARNING  | 2026-06-29 16:54:57,714 | FolderBuilder | File PDF non trovato in cache per la chiave: ROSIGNANO MARITTIMO_86_107_NCT (Impossibile smistare)
WARNING  | 2026-06-29 16:54:57,720 | FolderBuilder | File PDF non trovato in cache per la chiave: ROSIGNANO MARITTIMO_86_63_617_NCF (Impossibile smistare)
WARNING  | 2026-06-29 16:54:57,721 | FolderBuilder | File PDF non trovato in cache per la chiave: ROSIGNANO MARITTIMO_86_913_601_NCF (Impossibile smistare)
WARNING  | 2026-06-29 16:54:57,722 | FolderBuilder | File PDF non trovato in cache per la chiave: ROSIGNANO MARITTIMO_91_337_601_NCF (Impossibile smistare)
WARNING  | 2026-06-29 16:54:57,723 | FolderBuilder | File PDF non trovato in cache per la chiave: ROSIGNANO MARITTIMO_91_179_612_NCF (Impossibile smistare)
WARNING  | 2026-06-29 16:54:57,724 | FolderBuilder | File PDF non trovato in cache per la chiave: ROSIGNANO MARITTIMO_91_179_613_NCF (Impossibile smistare)
WARNING  | 2026-06-29 16:54:57,725 | FolderBuilder | File PDF non trovato in cache per la chiave: ROSIGNANO MARITTIMO_91_179_614_NCF (Impossibile smistare)
WARNING  | 2026-06-29 16:54:57,733 | FolderBuilder | File PDF non trovato in cache per la chiave: ROSIGNANO MARITTIMO_91_179_608_NCF (Impossibile smistare)
WARNING  | 2026-06-29 16:54:57,735 | FolderBuilder | File PDF non trovato in cache per la chiave: ROSIGNANO MARITTIMO_91_81_605_NCF (Impossibile smistare)
WARNING  | 2026-06-29 16:54:57,736 | FolderBuilder | File PDF non trovato in cache per la chiave: ROSIGNANO MARITTIMO_91_81_625_NCF (Impossibile smistare)
WARNING  | 2026-06-29 16:54:57,737 | FolderBuilder | File PDF non trovato in cache per la chiave: ROSIGNANO MARITTIMO_91_314_NCT (Impossibile smistare)
WARNING  | 2026-06-29 16:54:57,739 | FolderBuilder | File PDF non trovato in cache per la chiave: ROSIGNANO MARITTIMO_91_291_610_NCT (Impossibile smistare)
WARNING  | 2026-06-29 16:54:57,740 | FolderBuilder | File PDF non trovato in cache per la chiave: ROSIGNANO MARITTIMO_85_3_NCF (Impossibile smistare)
WARNING  | 2026-06-29 16:54:57,748 | FolderBuilder | File PDF non trovato in cache per la chiave: ROSIGNANO MARITTIMO_90_69_NCT (Impossibile smistare)
WARNING  | 2026-06-29 16:54:57,750 | FolderBuilder | File PDF non trovato in cache per la chiave: ROSIGNANO MARITTIMO_92_46_NCT (Impossibile smistare)
WARNING  | 2026-06-29 16:54:57,751 | FolderBuilder | File PDF non trovato in cache per la chiave: ROSIGNANO MARITTIMO_92_45_NCT (Impossibile smistare)
WARNING  | 2026-06-29 16:54:57,753 | FolderBuilder | File PDF non trovato in cache per la chiave: ROSIGNANO MARITTIMO_92_26_NCT (Impossibile smistare)
WARNING  | 2026-06-29 16:54:57,754 | FolderBuilder | File PDF non trovato in cache per la chiave: ROSIGNANO MARITTIMO_92_22_NCT (Impossibile smistare)
WARNING  | 2026-06-29 16:54:57,761 | FolderBuilder | File PDF non trovato in cache per la chiave: ROSIGNANO MARITTIMO_98_56_NCF (Impossibile smistare)
WARNING  | 2026-06-29 16:54:57,763 | FolderBuilder | File PDF non trovato in cache per la chiave: ROSIGNANO MARITTIMO_98_19_NCT (Impossibile smistare)
WARNING  | 2026-06-29 16:54:57,764 | FolderBuilder | File PDF non trovato in cache per la chiave: ROSIGNANO MARITTIMO_98_102_NCF (Impossibile smistare)
WARNING  | 2026-06-29 16:54:57,772 | FolderBuilder | File PDF non trovato in cache per la chiave: ROSIGNANO MARITTIMO_98_80_601_NCF (Impossibile smistare)
WARNING  | 2026-06-29 16:54:57,774 | FolderBuilder | File PDF non trovato in cache per la chiave: ROSIGNANO MARITTIMO_98_95_NCT (Impossibile smistare)
WARNING  | 2026-06-29 16:54:57,775 | FolderBuilder | File PDF non trovato in cache per la chiave: ROSIGNANO MARITTIMO_90_25_602_NCF (Impossibile smistare)
WARNING  | 2026-06-29 16:54:57,777 | FolderBuilder | File PDF non trovato in cache per la chiave: ROSIGNANO MARITTIMO_86_540_NCF (Impossibile smistare)
WARNING  | 2026-06-29 16:54:57,779 | FolderBuilder | File PDF non trovato in cache per la chiave: ROSIGNANO MARITTIMO_86_591_NCF (Impossibile smistare)
WARNING  | 2026-06-29 16:54:57,781 | FolderBuilder | File PDF non trovato in cache per la chiave: ROSIGNANO MARITTIMO_86_594_NCF (Impossibile smistare)
WARNING  | 2026-06-29 16:54:57,782 | FolderBuilder | File PDF non trovato in cache per la chiave: ROSIGNANO MARITTIMO_86_597_NCT (Impossibile smistare)
WARNING  | 2026-06-29 16:54:57,783 | FolderBuilder | File PDF non trovato in cache per la chiave: ROSIGNANO MARITTIMO_86_599_NCT (Impossibile smistare)
WARNING  | 2026-06-29 16:54:57,785 | FolderBuilder | File PDF non trovato in cache per la chiave: ROSIGNANO MARITTIMO_86_794_NCT (Impossibile smistare)
WARNING  | 2026-06-29 16:54:57,786 | FolderBuilder | File PDF non trovato in cache per la chiave: ROSIGNANO MARITTIMO_86_544_NCT (Impossibile smistare)
WARNING  | 2026-06-29 16:54:57,787 | FolderBuilder | File PDF non trovato in cache per la chiave: ROSIGNANO MARITTIMO_86_545_NCT (Impossibile smistare)
WARNING  | 2026-06-29 16:54:57,789 | FolderBuilder | File PDF non trovato in cache per la chiave: ROSIGNANO MARITTIMO_86_550_NCT (Impossibile smistare)
WARNING  | 2026-06-29 16:54:57,790 | FolderBuilder | File PDF non trovato in cache per la chiave: ROSIGNANO MARITTIMO_86_520_NCF (Impossibile smistare)
WARNING  | 2026-06-29 16:54:57,792 | FolderBuilder | File PDF non trovato in cache per la chiave: ROSIGNANO MARITTIMO_86_521_NCF (Impossibile smistare)
WARNING  | 2026-06-29 16:54:57,794 | FolderBuilder | File PDF non trovato in cache per la chiave: ROSIGNANO MARITTIMO_86_604_NCF (Impossibile smistare)
WARNING  | 2026-06-29 16:54:57,796 | FolderBuilder | File PDF non trovato in cache per la chiave: ROSIGNANO MARITTIMO_98_117_AA_NCT (Impossibile smistare)
WARNING  | 2026-06-29 16:54:57,797 | FolderBuilder | File PDF non trovato in cache per la chiave: ROSIGNANO MARITTIMO_98_117_AB_NCT (Impossibile smistare)
INFO     | 2026-06-29 16:54:57,798 | FolderBuilder | Smistamento completato. Effettuate 269 copie conformi nel nuovo layout d'impianto.
INFO     | 2026-06-29 16:54:57,800 | Reporters    | Avvio generazione del report unificato delle eccezioni...
INFO     | 2026-06-29 16:54:58,413 | Reporters    | ✅ Report delle eccezioni salvato con successo in: report_eccezioni_20260629_165457.xlsx
INFO     | 2026-06-29 16:54:58,414 | Reporters    |    📊 Riepilogo anomalie -> Totale: 27
INFO     | 2026-06-29 16:54:58,416 | Orchestrator | ============================================================
INFO     | 2026-06-29 16:54:58,418 | Orchestrator |          Workflow terminato. Risorse salvate e consolidate!
INFO     | 2026-06-29 16:54:58,419 | Orchestrator | ============================================================
INFO     | 2026-06-29 16:55:10,105 | Orchestrator | === [FASE 1] CARICAMENTO DATI LOCALI ===
INFO     | 2026-06-29 16:55:10,336 | Orchestrator | Righe valide: 446 | Job unici da elaborare: 167
INFO     | 2026-06-29 16:55:10,342 | Orchestrator | === [FASE 2] AVVIO AUTOMAZIONE SISTER ===
INFO     | 2026-06-29 16:55:50,270 | Orchestrator |  Finestra corretta agganciata: https://sister3.agenziaentrate.gov.it/Visure/SceltaLink.do?lista=IMM&codUfficio=LI
INFO     | 2026-06-29 16:55:50,276 | Orchestrator | [1/167] Elaborazione chiave: ROSIGNANO MARITTIMO_81_1145_NCT
INFO     | 2026-06-29 16:55:50,290 | Orchestrator |    -> Job già  presente in cache (Skip).
INFO     | 2026-06-29 16:55:50,298 | Orchestrator | [2/167] Elaborazione chiave: ROSIGNANO MARITTIMO_81_1148_NCT
INFO     | 2026-06-29 16:55:50,304 | Orchestrator |    -> Job già  presente in cache (Skip).
INFO     | 2026-06-29 16:55:50,310 | Orchestrator | [3/167] Elaborazione chiave: ROSIGNANO MARITTIMO_81_259_AA_NCT
INFO     | 2026-06-29 16:55:50,312 | Orchestrator |    -> Job già  presente in cache (Skip).
INFO     | 2026-06-29 16:55:50,317 | Orchestrator | [4/167] Elaborazione chiave: ROSIGNANO MARITTIMO_81_259_AB_NCT
INFO     | 2026-06-29 16:55:50,318 | Orchestrator |    -> Job già  presente in cache (Skip).
INFO     | 2026-06-29 16:55:50,325 | Orchestrator | [5/167] Elaborazione chiave: ROSIGNANO MARITTIMO_81_262_NCT
INFO     | 2026-06-29 16:55:50,332 | Orchestrator |    -> Job già  presente in cache (Skip).
INFO     | 2026-06-29 16:55:50,336 | Orchestrator | [6/167] Elaborazione chiave: ROSIGNANO MARITTIMO_81_1151_NCT
INFO     | 2026-06-29 16:55:50,341 | Orchestrator |    -> Job già  presente in cache (Skip).
INFO     | 2026-06-29 16:55:50,342 | Orchestrator | [7/167] Elaborazione chiave: ROSIGNANO MARITTIMO_81_1154_NCT
INFO     | 2026-06-29 16:55:50,345 | Orchestrator |    -> Job già  presente in cache (Skip).
INFO     | 2026-06-29 16:55:50,352 | Orchestrator | [8/167] Elaborazione chiave: ROSIGNANO MARITTIMO_81_1157_NCT
INFO     | 2026-06-29 16:55:50,354 | Orchestrator |    -> Job già  presente in cache (Skip).
INFO     | 2026-06-29 16:55:50,355 | Orchestrator | [9/167] Elaborazione chiave: ROSIGNANO MARITTIMO_81_1160_NCT
INFO     | 2026-06-29 16:55:50,361 | Orchestrator |    -> Job già  presente in cache (Skip).
INFO     | 2026-06-29 16:55:50,362 | Orchestrator | [10/167] Elaborazione chiave: ROSIGNANO MARITTIMO_81_1165_NCT
INFO     | 2026-06-29 16:55:50,364 | Orchestrator |    -> Job già  presente in cache (Skip).
INFO     | 2026-06-29 16:55:50,366 | Orchestrator | [11/167] Elaborazione chiave: ROSIGNANO MARITTIMO_86_717_NCT
INFO     | 2026-06-29 16:55:50,367 | Orchestrator |    -> Job già  presente in cache (Skip).
INFO     | 2026-06-29 16:55:50,368 | Orchestrator | [12/167] Elaborazione chiave: ROSIGNANO MARITTIMO_86_709_NCT
INFO     | 2026-06-29 16:55:50,373 | Orchestrator |    -> Job già  presente in cache (Skip).
INFO     | 2026-06-29 16:55:50,375 | Orchestrator | [13/167] Elaborazione chiave: ROSIGNANO MARITTIMO_86_706_NCT
INFO     | 2026-06-29 16:55:50,378 | Orchestrator |    -> Job già  presente in cache (Skip).
INFO     | 2026-06-29 16:55:50,380 | Orchestrator | [14/167] Elaborazione chiave: ROSIGNANO MARITTIMO_86_799_NCT
INFO     | 2026-06-29 16:55:50,381 | Orchestrator |    -> Job già  presente in cache (Skip).
INFO     | 2026-06-29 16:55:50,387 | Orchestrator | [15/167] Elaborazione chiave: ROSIGNANO MARITTIMO_86_714_NCT
INFO     | 2026-06-29 16:55:50,393 | Orchestrator |    -> Job già  presente in cache (Skip).
INFO     | 2026-06-29 16:55:50,395 | Orchestrator | [16/167] Elaborazione chiave: ROSIGNANO MARITTIMO_86_712_NCT
INFO     | 2026-06-29 16:55:50,400 | Orchestrator |    -> Job già  presente in cache (Skip).
INFO     | 2026-06-29 16:55:50,401 | Orchestrator | [17/167] Elaborazione chiave: ROSIGNANO MARITTIMO_86_713_NCT
INFO     | 2026-06-29 16:55:50,403 | Orchestrator |    -> Job già  presente in cache (Skip).
INFO     | 2026-06-29 16:55:50,408 | Orchestrator | [18/167] Elaborazione chiave: ROSIGNANO MARITTIMO_86_707_NCT
INFO     | 2026-06-29 16:55:50,412 | Orchestrator |    -> Job già  presente in cache (Skip).
INFO     | 2026-06-29 16:55:50,413 | Orchestrator | [19/167] Elaborazione chiave: ROSIGNANO MARITTIMO_86_710_AA_NCT
INFO     | 2026-06-29 16:55:50,419 | Orchestrator |    -> Job già  presente in cache (Skip).
INFO     | 2026-06-29 16:55:50,422 | Orchestrator | [20/167] Elaborazione chiave: ROSIGNANO MARITTIMO_86_710_AB_NCT
INFO     | 2026-06-29 16:55:50,424 | Orchestrator |    -> Job già  presente in cache (Skip).
INFO     | 2026-06-29 16:55:50,427 | Orchestrator | [21/167] Elaborazione chiave: ROSIGNANO MARITTIMO_86_796_NCT
INFO     | 2026-06-29 16:55:50,429 | Orchestrator |    -> Job già  presente in cache (Skip).
INFO     | 2026-06-29 16:55:50,431 | Orchestrator | [22/167] Elaborazione chiave: ROSIGNANO MARITTIMO_86_782_NCT
INFO     | 2026-06-29 16:55:50,433 | Orchestrator |    -> Job già  presente in cache (Skip).
INFO     | 2026-06-29 16:55:50,438 | Orchestrator | [23/167] Elaborazione chiave: ROSIGNANO MARITTIMO_86_59_NCT
INFO     | 2026-06-29 16:55:50,445 | Orchestrator |    -> Job già  presente in cache (Skip).
INFO     | 2026-06-29 16:55:50,446 | Orchestrator | [24/167] Elaborazione chiave: ROSIGNANO MARITTIMO_86_720_NCT
INFO     | 2026-06-29 16:55:50,448 | Orchestrator |    -> Job già  presente in cache (Skip).
INFO     | 2026-06-29 16:55:50,449 | Orchestrator | [25/167] Elaborazione chiave: ROSIGNANO MARITTIMO_86_722_NCT
INFO     | 2026-06-29 16:55:50,454 | Orchestrator |    -> Job già  presente in cache (Skip).
INFO     | 2026-06-29 16:55:50,455 | Orchestrator | [26/167] Elaborazione chiave: ROSIGNANO MARITTIMO_86_723_NCT
INFO     | 2026-06-29 16:55:50,457 | Orchestrator |    -> Job già  presente in cache (Skip).
INFO     | 2026-06-29 16:55:50,458 | Orchestrator | [27/167] Elaborazione chiave: ROSIGNANO MARITTIMO_86_719_NCT
INFO     | 2026-06-29 16:55:50,459 | Orchestrator |    -> Job già  presente in cache (Skip).
INFO     | 2026-06-29 16:55:50,460 | Orchestrator | [28/167] Elaborazione chiave: ROSIGNANO MARITTIMO_86_124_NCT
INFO     | 2026-06-29 16:55:50,466 | Orchestrator |    -> Job già  presente in cache (Skip).
INFO     | 2026-06-29 16:55:50,498 | Orchestrator | [29/167] Elaborazione chiave: ROSIGNANO MARITTIMO_86_68_NCT
INFO     | 2026-06-29 16:55:50,509 | Orchestrator |    -> Job già  presente in cache (Skip).
INFO     | 2026-06-29 16:55:50,511 | Orchestrator | [30/167] Elaborazione chiave: ROSIGNANO MARITTIMO_86_87_NCT
INFO     | 2026-06-29 16:55:50,514 | Orchestrator |    -> Job già  presente in cache (Skip).
INFO     | 2026-06-29 16:55:50,515 | Orchestrator | [31/167] Elaborazione chiave: ROSIGNANO MARITTIMO_86_86_AA_NCT
INFO     | 2026-06-29 16:55:50,516 | Orchestrator |    -> Job già  presente in cache (Skip).
INFO     | 2026-06-29 16:55:50,517 | Orchestrator | [32/167] Elaborazione chiave: ROSIGNANO MARITTIMO_86_86_AB_NCT
INFO     | 2026-06-29 16:55:50,519 | Orchestrator |    -> Job già  presente in cache (Skip).
INFO     | 2026-06-29 16:55:50,520 | Orchestrator | [33/167] Elaborazione chiave: ROSIGNANO MARITTIMO_86_765_601_NCF
INFO     | 2026-06-29 16:55:50,521 | Orchestrator |    -> Job già  presente in cache (Skip).
INFO     | 2026-06-29 16:55:50,526 | Orchestrator | [34/167] Elaborazione chiave: ROSIGNANO MARITTIMO_86_606_AA_NCT
INFO     | 2026-06-29 16:55:50,529 | Orchestrator |    -> Job già  presente in cache (Skip).
INFO     | 2026-06-29 16:55:50,531 | Orchestrator | [35/167] Elaborazione chiave: ROSIGNANO MARITTIMO_86_606_AB_NCT
INFO     | 2026-06-29 16:55:50,532 | Orchestrator |    -> Job già  presente in cache (Skip).
INFO     | 2026-06-29 16:55:50,537 | Orchestrator | [36/167] Elaborazione chiave: ROSIGNANO MARITTIMO_90_62_NCT
INFO     | 2026-06-29 16:55:50,543 | Orchestrator |    -> Job già  presente in cache (Skip).
INFO     | 2026-06-29 16:55:50,549 | Orchestrator | [37/167] Elaborazione chiave: ROSIGNANO MARITTIMO_90_4_605_NCF
INFO     | 2026-06-29 16:55:50,553 | Orchestrator |    -> Job già  presente in cache (Skip).
INFO     | 2026-06-29 16:55:50,558 | Orchestrator | [38/167] Elaborazione chiave: ROSIGNANO MARITTIMO_90_5_NCF
INFO     | 2026-06-29 16:55:50,601 | SisterClient |    🎯 Form individuato nel Frame [0] (Tentativo radar 1/5). Verifica e iniezione dati...
INFO     | 2026-06-29 16:55:51,694 | SisterClient |    -> Cambio comune rilevato. Imposto: ROSIGNANO MARITTIMO...
INFO     | 2026-06-29 16:55:55,392 | SisterClient |    🚀 [MASTER BYPASS] Pagina senza captcha rilevata! Applico un'esitazione dinamica di sicurezza...
INFO     | 2026-06-29 16:55:57,973 | SisterClient |    ✅ Codice accettato o bypassato con successo al tentativo [1/2]!
INFO     | 2026-06-29 16:55:57,976 | CacheManager | Intercettazione del download per la visura: ROSIGNANO MARITTIMO_90_5_NCF
ERROR    | 2026-06-29 16:56:03,035 | Orchestrator | Anomalia riscontrata sul record: Impossibile completare il download del PDF (Documentazione non disponibile o schermata imprevista). Dettaglio: Locator.click: Timeout 5000ms exceeded.
Call log:
  - waiting for locator("input[type='submit'][name='metodo'][value='Salva']")
    - waiting for" https://sister3.agenziaentrate.gov.it/Visure/CheckRichiesta?par=VC&idRichiesta=2019194213&valRip=&uffSIT=1" navigation to finish...
    - navigated to "https://sister3.agenziaentrate.gov.it/Visure/CheckRichiesta?par=VC&idRichiesta=2019194213&valRip=&uffSIT=1"

INFO     | 2026-06-29 16:56:03,036 | SisterClient | 🔄 Avvio della procedura di ritorno alla maschera principale...
INFO     | 2026-06-29 16:56:03,058 | SisterClient |    -> [Passo 1] Clic su bottone 'Indietro' strutturale.
INFO     | 2026-06-29 16:56:05,326 | SisterClient |    -> [Passo 2] Clic su bottone 'Indietro' strutturale.
INFO     | 2026-06-29 16:56:07,924 | SisterClient | ✅ Maschera principale agganciata con successo. Pronto per il prossimo job.
INFO     | 2026-06-29 16:56:07,926 | Orchestrator |    ⏳ Pausa mimetica: attendo 3.49 secondi prima del prossimo record...
INFO     | 2026-06-29 16:56:11,427 | Orchestrator | [39/167] Elaborazione chiave: ROSIGNANO MARITTIMO_90_42_NCT
INFO     | 2026-06-29 16:56:11,428 | Orchestrator |    -> Job già  presente in cache (Skip).
INFO     | 2026-06-29 16:56:11,429 | Orchestrator | [40/167] Elaborazione chiave: ROSIGNANO MARITTIMO_90_63_610_NCF
INFO     | 2026-06-29 16:56:11,431 | Orchestrator |    -> Job già  presente in cache (Skip).
INFO     | 2026-06-29 16:56:11,432 | Orchestrator | [41/167] Elaborazione chiave: ROSIGNANO MARITTIMO_90_60_NCT
INFO     | 2026-06-29 16:56:11,433 | Orchestrator |    -> Job già  presente in cache (Skip).
INFO     | 2026-06-29 16:56:11,435 | Orchestrator | [42/167] Elaborazione chiave: ROSIGNANO MARITTIMO_90_9_NCT
INFO     | 2026-06-29 16:56:11,442 | Orchestrator |    -> Job già  presente in cache (Skip).
INFO     | 2026-06-29 16:56:11,445 | Orchestrator | [43/167] Elaborazione chiave: ROSIGNANO MARITTIMO_90_17_NCT
INFO     | 2026-06-29 16:56:11,446 | Orchestrator |    -> Job già  presente in cache (Skip).
INFO     | 2026-06-29 16:56:11,447 | Orchestrator | [44/167] Elaborazione chiave: ROSIGNANO MARITTIMO_90_7_NCT
INFO     | 2026-06-29 16:56:11,449 | Orchestrator |    -> Job già  presente in cache (Skip).
INFO     | 2026-06-29 16:56:11,450 | Orchestrator | [45/167] Elaborazione chiave: ROSIGNANO MARITTIMO_90_59_NCT
INFO     | 2026-06-29 16:56:11,451 | Orchestrator |    -> Job già  presente in cache (Skip).
INFO     | 2026-06-29 16:56:11,453 | Orchestrator | [46/167] Elaborazione chiave: ROSIGNANO MARITTIMO_90_47_602_NCF
INFO     | 2026-06-29 16:56:11,454 | Orchestrator |    -> Job già  presente in cache (Skip).
INFO     | 2026-06-29 16:56:11,454 | Orchestrator | [47/167] Elaborazione chiave: ROSIGNANO MARITTIMO_90_21_NCT
INFO     | 2026-06-29 16:56:11,455 | Orchestrator |    -> Job già  presente in cache (Skip).
INFO     | 2026-06-29 16:56:11,457 | Orchestrator | [48/167] Elaborazione chiave: ROSIGNANO MARITTIMO_90_22_NCT
INFO     | 2026-06-29 16:56:11,459 | Orchestrator |    -> Job già  presente in cache (Skip).
INFO     | 2026-06-29 16:56:11,460 | Orchestrator | [49/167] Elaborazione chiave: ROSIGNANO MARITTIMO_90_11_NCT
INFO     | 2026-06-29 16:56:11,467 | Orchestrator |    -> Job già  presente in cache (Skip).
INFO     | 2026-06-29 16:56:11,469 | Orchestrator | [50/167] Elaborazione chiave: ROSIGNANO MARITTIMO_90_46_602_NCF
INFO     | 2026-06-29 16:56:11,470 | Orchestrator |    -> Job già  presente in cache (Skip).
INFO     | 2026-06-29 16:56:11,476 | Orchestrator | [51/167] Elaborazione chiave: ROSIGNANO MARITTIMO_90_23_NCT
INFO     | 2026-06-29 16:56:11,495 | Orchestrator |    -> Job già  presente in cache (Skip).
INFO     | 2026-06-29 16:56:11,497 | Orchestrator | [52/167] Elaborazione chiave: ROSIGNANO MARITTIMO_90_51_NCT
INFO     | 2026-06-29 16:56:11,499 | Orchestrator |    -> Job già  presente in cache (Skip).
INFO     | 2026-06-29 16:56:11,500 | Orchestrator | [53/167] Elaborazione chiave: ROSIGNANO MARITTIMO_90_13_AA_NCT
INFO     | 2026-06-29 16:56:11,501 | Orchestrator |    -> Job già  presente in cache (Skip).
INFO     | 2026-06-29 16:56:11,502 | Orchestrator | [54/167] Elaborazione chiave: ROSIGNANO MARITTIMO_90_13_AB_NCT
INFO     | 2026-06-29 16:56:11,503 | Orchestrator |    -> Job già  presente in cache (Skip).
INFO     | 2026-06-29 16:56:11,504 | Orchestrator | [55/167] Elaborazione chiave: ROSIGNANO MARITTIMO_92_5_AA_NCT
INFO     | 2026-06-29 16:56:11,505 | Orchestrator |    -> Job già  presente in cache (Skip).
INFO     | 2026-06-29 16:56:11,506 | Orchestrator | [56/167] Elaborazione chiave: ROSIGNANO MARITTIMO_92_5_AB_NCT
INFO     | 2026-06-29 16:56:11,552 | Orchestrator |    -> Job già  presente in cache (Skip).
INFO     | 2026-06-29 16:56:11,617 | Orchestrator | [57/167] Elaborazione chiave: ROSIGNANO MARITTIMO_92_6_NCT
INFO     | 2026-06-29 16:56:11,653 | Orchestrator |    -> Job già  presente in cache (Skip).
INFO     | 2026-06-29 16:56:11,672 | Orchestrator | [58/167] Elaborazione chiave: ROSIGNANO MARITTIMO_92_10_AA_NCT
INFO     | 2026-06-29 16:56:11,698 | Orchestrator |    -> Job già  presente in cache (Skip).
INFO     | 2026-06-29 16:56:11,918 | Orchestrator | [59/167] Elaborazione chiave: ROSIGNANO MARITTIMO_92_10_AB_NCT
INFO     | 2026-06-29 16:56:11,935 | Orchestrator |    -> Job già  presente in cache (Skip).
INFO     | 2026-06-29 16:56:12,002 | Orchestrator | [60/167] Elaborazione chiave: ROSIGNANO MARITTIMO_92_9_NCT
INFO     | 2026-06-29 16:56:12,033 | Orchestrator |    -> Job già  presente in cache (Skip).
INFO     | 2026-06-29 16:56:12,054 | Orchestrator | [61/167] Elaborazione chiave: ROSIGNANO MARITTIMO_92_44_NCT
INFO     | 2026-06-29 16:56:12,059 | Orchestrator |    -> Job già  presente in cache (Skip).
INFO     | 2026-06-29 16:56:12,138 | Orchestrator | [62/167] Elaborazione chiave: ROSIGNANO MARITTIMO_92_11_AA_NCT
INFO     | 2026-06-29 16:56:12,178 | Orchestrator |    -> Job già  presente in cache (Skip).
INFO     | 2026-06-29 16:56:12,184 | Orchestrator | [63/167] Elaborazione chiave: ROSIGNANO MARITTIMO_92_11_AB_NCT
INFO     | 2026-06-29 16:56:12,187 | Orchestrator |    -> Job già  presente in cache (Skip).
INFO     | 2026-06-29 16:56:12,189 | Orchestrator | [64/167] Elaborazione chiave: ROSIGNANO MARITTIMO_92_11_AC_NCT
INFO     | 2026-06-29 16:56:12,194 | Orchestrator |    -> Job già  presente in cache (Skip).
INFO     | 2026-06-29 16:56:12,202 | Orchestrator | [65/167] Elaborazione chiave: ROSIGNANO MARITTIMO_92_39_NCT
INFO     | 2026-06-29 16:56:12,205 | Orchestrator |    -> Job già  presente in cache (Skip).
INFO     | 2026-06-29 16:56:12,208 | Orchestrator | [66/167] Elaborazione chiave: ROSIGNANO MARITTIMO_98_138_NCT
INFO     | 2026-06-29 16:56:12,242 | SisterClient |    🎯 Form individuato nel Frame [0] (Tentativo radar 1/5). Verifica e iniezione dati...
INFO     | 2026-06-29 16:56:13,354 | SisterClient |    -> Comune 'ROSIGNANO MARITTIMO' già agganciato. Salto la selezione del dropdown.
INFO     | 2026-06-29 16:56:14,910 | SisterClient |    🚀 [MASTER BYPASS] Pagina senza captcha rilevata! Applico un'esitazione dinamica di sicurezza...
INFO     | 2026-06-29 16:56:17,793 | SisterClient |    ✅ Codice accettato o bypassato con successo al tentativo [1/2]!
INFO     | 2026-06-29 16:56:17,794 | CacheManager | Intercettazione del download per la visura: ROSIGNANO MARITTIMO_98_138_NCT
INFO     | 2026-06-29 16:56:21,957 | Orchestrator | Visura scaricata ed inserita in cache.
INFO     | 2026-06-29 16:56:21,958 | SisterClient | 🔄 Avvio della procedura di ritorno alla maschera principale...
INFO     | 2026-06-29 16:56:21,994 | SisterClient |    -> [Passo 1] Clic su bottone 'Indietro' strutturale.
WARNING  | 2026-06-29 16:56:24,116 | SisterClient |    -> [Passo 2] Nessun bottone rilevato (schermata di errore). Eseguo go_back() nativo...
INFO     | 2026-06-29 16:56:26,331 | SisterClient |    -> [Passo 3] Clic su bottone 'Indietro' strutturale.
WARNING  | 2026-06-29 16:56:28,446 | SisterClient |    -> [Passo 4] Nessun bottone rilevato (schermata di errore). Eseguo go_back() nativo...
INFO     | 2026-06-29 16:56:30,818 | SisterClient |    -> [Passo 5] Clic su bottone 'Indietro' strutturale.
WARNING  | 2026-06-29 16:56:32,938 | SisterClient |    🚨 Navigazione a ritroso fallita dopo 5 tentativi. Tento ricaricamento radice strutturale...
INFO     | 2026-06-29 16:56:32,939 | SisterClient |    -> Reset transazione server: vado alla radice dei servizi...
INFO     | 2026-06-29 16:56:35,129 | SisterClient |    -> Rigenerazione maschera pulita: vado a https://sister3.agenziaentrate.gov.it/Visure/SceltaLink.do?lista=IMM&codUfficio=LI
ERROR    | 2026-06-29 16:56:38,361 | Orchestrator | Anomalia riscontrata sul record: Browser de-sincronizzato: forzato ricaricamento radice d'emergenza per resettare lo stato applicativo.
INFO     | 2026-06-29 16:56:38,363 | SisterClient | 🔄 Avvio della procedura di ritorno alla maschera principale...
WARNING  | 2026-06-29 16:56:38,383 | SisterClient |    -> [Passo 1] Nessun bottone rilevato (schermata di errore). Eseguo go_back() nativo...
WARNING  | 2026-06-29 16:56:40,536 | SisterClient |    -> [Passo 2] Nessun bottone rilevato (schermata di errore). Eseguo go_back() nativo...
WARNING  | 2026-06-29 16:56:42,589 | SisterClient |    -> [Passo 3] Nessun bottone rilevato (schermata di errore). Eseguo go_back() nativo...
INFO     | 2026-06-29 16:56:44,778 | SisterClient |    -> [Passo 4] Clic su bottone 'Indietro' strutturale.
WARNING  | 2026-06-29 16:56:46,911 | SisterClient |    -> [Passo 5] Nessun bottone rilevato (schermata di errore). Eseguo go_back() nativo...
WARNING  | 2026-06-29 16:56:49,061 | SisterClient |    🚨 Navigazione a ritroso fallita dopo 5 tentativi. Tento ricaricamento radice strutturale...
INFO     | 2026-06-29 16:56:49,061 | SisterClient |    -> Reset transazione server: vado alla radice dei servizi...
INFO     | 2026-06-29 16:56:51,346 | SisterClient |    -> Rigenerazione maschera pulita: vado a https://sister3.agenziaentrate.gov.it/Visure/SceltaLink.do?lista=IMM&codUfficio=LI
ERROR    | 2026-06-29 16:56:54,574 | Orchestrator | Impossibile ripristinare il modulo: Browser de-sincronizzato: forzato ricaricamento radice d'emergenza per resettare lo stato applicativo.
INFO     | 2026-06-29 16:56:54,575 | Orchestrator |    ⏳ Pausa mimetica: attendo 4.10 secondi prima del prossimo record...
INFO     | 2026-06-29 16:56:58,691 | Orchestrator | [67/167] Elaborazione chiave: ROSIGNANO MARITTIMO_98_139_NCT
INFO     | 2026-06-29 16:56:58,692 | Orchestrator |    -> Job già  presente in cache (Skip).
INFO     | 2026-06-29 16:56:58,693 | Orchestrator | [68/167] Elaborazione chiave: ROSIGNANO MARITTIMO_98_154_NCT
INFO     | 2026-06-29 16:56:58,700 | Orchestrator |    -> Job già  presente in cache (Skip).
INFO     | 2026-06-29 16:56:58,701 | Orchestrator | [69/167] Elaborazione chiave: ROSIGNANO MARITTIMO_98_155_NCT
INFO     | 2026-06-29 16:56:58,710 | Orchestrator |    -> Job già  presente in cache (Skip).
INFO     | 2026-06-29 16:56:58,712 | Orchestrator | [70/167] Elaborazione chiave: ROSIGNANO MARITTIMO_98_44_NCF
INFO     | 2026-06-29 16:56:58,714 | Orchestrator |    -> Job già  presente in cache (Skip).
INFO     | 2026-06-29 16:56:58,715 | Orchestrator | [71/167] Elaborazione chiave: ROSIGNANO MARITTIMO_98_153_NCT
INFO     | 2026-06-29 16:56:58,716 | Orchestrator |    -> Job già  presente in cache (Skip).
INFO     | 2026-06-29 16:56:58,718 | Orchestrator | [72/167] Elaborazione chiave: ROSIGNANO MARITTIMO_98_8_AA_NCT
INFO     | 2026-06-29 16:56:58,719 | Orchestrator |    -> Job già  presente in cache (Skip).
INFO     | 2026-06-29 16:56:58,724 | Orchestrator | [73/167] Elaborazione chiave: ROSIGNANO MARITTIMO_98_8_AB_NCT
INFO     | 2026-06-29 16:56:58,726 | Orchestrator |    -> Job già  presente in cache (Skip).
INFO     | 2026-06-29 16:56:58,729 | Orchestrator | [74/167] Elaborazione chiave: ROSIGNANO MARITTIMO_98_40_NCT
INFO     | 2026-06-29 16:56:58,730 | Orchestrator |    -> Job già  presente in cache (Skip).
INFO     | 2026-06-29 16:56:58,731 | Orchestrator | [75/167] Elaborazione chiave: ROSIGNANO MARITTIMO_98_161_NCT
INFO     | 2026-06-29 16:56:58,732 | Orchestrator |    -> Job già  presente in cache (Skip).
INFO     | 2026-06-29 16:56:58,733 | Orchestrator | [76/167] Elaborazione chiave: ROSIGNANO MARITTIMO_98_162_NCT
INFO     | 2026-06-29 16:56:58,734 | Orchestrator |    -> Job già  presente in cache (Skip).
INFO     | 2026-06-29 16:56:58,735 | Orchestrator | [77/167] Elaborazione chiave: ROSIGNANO MARITTIMO_98_163_NCT
INFO     | 2026-06-29 16:56:58,736 | Orchestrator |    -> Job già  presente in cache (Skip).
INFO     | 2026-06-29 16:56:58,737 | Orchestrator | [78/167] Elaborazione chiave: ROSIGNANO MARITTIMO_98_46_NCF
INFO     | 2026-06-29 16:56:58,741 | Orchestrator |    -> Job già  presente in cache (Skip).
INFO     | 2026-06-29 16:56:58,743 | Orchestrator | [79/167] Elaborazione chiave: ROSIGNANO MARITTIMO_98_45_NCT
INFO     | 2026-06-29 16:56:58,745 | Orchestrator |    -> Job già  presente in cache (Skip).
INFO     | 2026-06-29 16:56:58,746 | Orchestrator | [80/167] Elaborazione chiave: ROSIGNANO MARITTIMO_98_85_NCT
INFO     | 2026-06-29 16:56:58,747 | Orchestrator |    -> Job già  presente in cache (Skip).
INFO     | 2026-06-29 16:56:58,748 | Orchestrator | [81/167] Elaborazione chiave: ROSIGNANO MARITTIMO_98_86_NCT
INFO     | 2026-06-29 16:56:58,749 | Orchestrator |    -> Job già  presente in cache (Skip).
INFO     | 2026-06-29 16:56:58,750 | Orchestrator | [82/167] Elaborazione chiave: ROSIGNANO MARITTIMO_98_87_NCT
INFO     | 2026-06-29 16:56:58,751 | Orchestrator |    -> Job già  presente in cache (Skip).
INFO     | 2026-06-29 16:56:58,751 | Orchestrator | [83/167] Elaborazione chiave: ROSIGNANO MARITTIMO_102_302_NCT
INFO     | 2026-06-29 16:56:58,752 | Orchestrator |    -> Job già  presente in cache (Skip).
INFO     | 2026-06-29 16:56:58,757 | Orchestrator | [84/167] Elaborazione chiave: ROSIGNANO MARITTIMO_102_303_NCT
INFO     | 2026-06-29 16:56:58,758 | Orchestrator |    -> Job già  presente in cache (Skip).
INFO     | 2026-06-29 16:56:58,760 | Orchestrator | [85/167] Elaborazione chiave: ROSIGNANO MARITTIMO_102_300_NCT
INFO     | 2026-06-29 16:56:58,762 | Orchestrator |    -> Job già  presente in cache (Skip).
INFO     | 2026-06-29 16:56:58,763 | Orchestrator | [86/167] Elaborazione chiave: ROSIGNANO MARITTIMO_102_301_NCT
INFO     | 2026-06-29 16:56:58,764 | Orchestrator |    -> Job già  presente in cache (Skip).
INFO     | 2026-06-29 16:56:58,765 | Orchestrator | [87/167] Elaborazione chiave: ROSIGNANO MARITTIMO_102_350_NCF
INFO     | 2026-06-29 16:56:58,766 | Orchestrator |    -> Job già  presente in cache (Skip).
INFO     | 2026-06-29 16:56:58,767 | Orchestrator | [88/167] Elaborazione chiave: ROSIGNANO MARITTIMO_98_79_NCF
INFO     | 2026-06-29 16:56:58,768 | Orchestrator |    -> Job già  presente in cache (Skip).
INFO     | 2026-06-29 16:56:58,769 | Orchestrator | [89/167] Elaborazione chiave: ROSIGNANO MARITTIMO_98_81_NCT
INFO     | 2026-06-29 16:56:58,771 | Orchestrator |    -> Job già  presente in cache (Skip).
INFO     | 2026-06-29 16:56:58,772 | Orchestrator | [90/167] Elaborazione chiave: ROSIGNANO MARITTIMO_98_101_NCF
INFO     | 2026-06-29 16:56:58,773 | Orchestrator |    -> Job già  presente in cache (Skip).
INFO     | 2026-06-29 16:56:58,773 | Orchestrator | [91/167] Elaborazione chiave: ROSIGNANO MARITTIMO_98_13_AA_NCT
ERROR    | 2026-06-29 16:57:03,851 | Orchestrator | Anomalia riscontrata sul record: Impossibile agganciare la maschera nei frame per l'iniezione dei parametri (Timeout rendering struttura).
INFO     | 2026-06-29 16:57:03,852 | SisterClient | 🔄 Avvio della procedura di ritorno alla maschera principale...
WARNING  | 2026-06-29 16:57:03,867 | SisterClient |    -> [Passo 1] Nessun bottone rilevato (schermata di errore). Eseguo go_back() nativo...
WARNING  | 2026-06-29 16:57:06,160 | SisterClient |    -> [Passo 2] Nessun bottone rilevato (schermata di errore). Eseguo go_back() nativo...
INFO     | 2026-06-29 16:57:08,532 | SisterClient |    -> [Passo 3] Clic su bottone 'Indietro' strutturale.
WARNING  | 2026-06-29 16:57:10,656 | SisterClient |    -> [Passo 4] Nessun bottone rilevato (schermata di errore). Eseguo go_back() nativo...
INFO     | 2026-06-29 16:57:13,190 | SisterClient |    -> [Passo 5] Clic su bottone 'Indietro' strutturale.
WARNING  | 2026-06-29 16:57:15,280 | SisterClient |    🚨 Navigazione a ritroso fallita dopo 5 tentativi. Tento ricaricamento radice strutturale...
INFO     | 2026-06-29 16:57:15,281 | SisterClient |    -> Reset transazione server: vado alla radice dei servizi...
INFO     | 2026-06-29 16:57:17,528 | SisterClient |    -> Rigenerazione maschera pulita: vado a https://sister3.agenziaentrate.gov.it/Visure/SceltaLink.do?lista=IMM&codUfficio=LI
ERROR    | 2026-06-29 16:57:18,517 | SisterClient |    🚨 Errore durante il ricaricamento radice di emergenza: Page.goto: net::ERR_ABORTED at https://sister3.agenziaentrate.gov.it/Visure/SceltaLink.do?lista=IMM&codUfficio=LI
Call log:
  - navigating to "https://sister3.agenziaentrate.gov.it/Visure/SceltaLink.do?lista=IMM&codUfficio=LI", waiting until "load"

ERROR    | 2026-06-29 16:57:18,518 | Orchestrator | Impossibile ripristinare il modulo: Browser de-sincronizzato: forzato ricaricamento radice d'emergenza per resettare lo stato applicativo.
INFO     | 2026-06-29 16:57:18,529 | Orchestrator |    ⏳ Pausa mimetica: attendo 3.33 secondi prima del prossimo record...
INFO     | 2026-06-29 16:57:21,873 | Orchestrator | [92/167] Elaborazione chiave: ROSIGNANO MARITTIMO_98_13_AB_NCT
INFO     | 2026-06-29 16:57:23,734 | SisterClient |    🎯 Form individuato nel Frame [0] (Tentativo radar 1/5). Verifica e iniezione dati...
INFO     | 2026-06-29 16:57:27,287 | SisterClient |    -> Cambio comune rilevato. Imposto: ROSIGNANO MARITTIMO...
INFO     | 2026-06-29 16:57:31,012 | SisterClient |    🚀 [MASTER BYPASS] Pagina senza captcha rilevata! Applico un'esitazione dinamica di sicurezza...
INFO     | 2026-06-29 16:57:33,538 | SisterClient |    ✅ Codice accettato o bypassato con successo al tentativo [1/2]!
INFO     | 2026-06-29 16:57:33,539 | CacheManager | Intercettazione del download per la visura: ROSIGNANO MARITTIMO_98_13_AB_NCT
INFO     | 2026-06-29 16:57:37,833 | Orchestrator | Visura scaricata ed inserita in cache.
INFO     | 2026-06-29 16:57:37,834 | SisterClient | 🔄 Avvio della procedura di ritorno alla maschera principale...
INFO     | 2026-06-29 16:57:37,876 | SisterClient |    -> [Passo 1] Clic su bottone 'Indietro' strutturale.
INFO     | 2026-06-29 16:57:40,243 | SisterClient |    -> [Passo 2] Clic su bottone 'Indietro' strutturale.
INFO     | 2026-06-29 16:57:43,758 | SisterClient | ✅ Maschera principale agganciata con successo. Pronto per il prossimo job.
INFO     | 2026-06-29 16:57:43,759 | Orchestrator |    ⏳ Pausa mimetica: attendo 4.96 secondi prima del prossimo record...
INFO     | 2026-06-29 16:57:48,726 | Orchestrator | [93/167] Elaborazione chiave: ROSIGNANO MARITTIMO_98_16_NCT
INFO     | 2026-06-29 16:57:48,727 | Orchestrator |    -> Job già  presente in cache (Skip).
INFO     | 2026-06-29 16:57:48,728 | Orchestrator | [94/167] Elaborazione chiave: ROSIGNANO MARITTIMO_98_4_AA_NCT
INFO     | 2026-06-29 16:57:48,734 | SisterClient |    🎯 Form individuato nel Frame [0] (Tentativo radar 1/5). Verifica e iniezione dati...
INFO     | 2026-06-29 16:57:48,768 | SisterClient |    -> Comune 'ROSIGNANO MARITTIMO' già agganciato. Salto la selezione del dropdown.
INFO     | 2026-06-29 16:57:51,878 | SisterClient | 🤖 [GPT VISION] Codice analizzato per ROSIGNANO MARITTIMO FG 98 PART 4 -> Tentativo: 'buluvate'
INFO     | 2026-06-29 16:57:53,061 | SisterClient |    ✅ Codice accettato o bypassato con successo al tentativo [1/2]!
INFO     | 2026-06-29 16:57:53,062 | CacheManager | Intercettazione del download per la visura: ROSIGNANO MARITTIMO_98_4_AA_NCT
INFO     | 2026-06-29 16:57:57,039 | Orchestrator | Visura scaricata ed inserita in cache.
INFO     | 2026-06-29 16:57:57,040 | SisterClient | 🔄 Avvio della procedura di ritorno alla maschera principale...
INFO     | 2026-06-29 16:57:57,124 | SisterClient |    -> [Passo 1] Clic su bottone 'Indietro' strutturale.
INFO     | 2026-06-29 16:57:59,703 | SisterClient |    -> [Passo 2] Clic su bottone 'Indietro' strutturale.
INFO     | 2026-06-29 16:58:02,418 | SisterClient | ✅ Maschera principale agganciata con successo. Pronto per il prossimo job.
INFO     | 2026-06-29 16:58:02,419 | Orchestrator |    ⏳ Pausa mimetica: attendo 4.50 secondi prima del prossimo record...
INFO     | 2026-06-29 16:58:06,928 | Orchestrator | [95/167] Elaborazione chiave: ROSIGNANO MARITTIMO_98_4_AB_NCT
INFO     | 2026-06-29 16:58:06,934 | SisterClient |    🎯 Form individuato nel Frame [0] (Tentativo radar 1/5). Verifica e iniezione dati...
INFO     | 2026-06-29 16:58:06,974 | SisterClient |    -> Comune 'ROSIGNANO MARITTIMO' già agganciato. Salto la selezione del dropdown.
INFO     | 2026-06-29 16:58:11,778 | SisterClient | 🤖 [GPT VISION] Codice analizzato per ROSIGNANO MARITTIMO FG 98 PART 4 -> Tentativo: 'figeida'
INFO     | 2026-06-29 16:58:12,947 | SisterClient |    ✅ Codice accettato o bypassato con successo al tentativo [1/2]!
INFO     | 2026-06-29 16:58:12,948 | CacheManager | Intercettazione del download per la visura: ROSIGNANO MARITTIMO_98_4_AB_NCT
INFO     | 2026-06-29 16:58:17,560 | Orchestrator | Visura scaricata ed inserita in cache.
INFO     | 2026-06-29 16:58:17,562 | SisterClient | 🔄 Avvio della procedura di ritorno alla maschera principale...
INFO     | 2026-06-29 16:58:17,620 | SisterClient |    -> [Passo 1] Clic su bottone 'Indietro' strutturale.
INFO     | 2026-06-29 16:58:19,976 | SisterClient |    -> [Passo 2] Clic su bottone 'Indietro' strutturale.
INFO     | 2026-06-29 16:58:22,434 | SisterClient | ✅ Maschera principale agganciata con successo. Pronto per il prossimo job.
INFO     | 2026-06-29 16:58:22,434 | Orchestrator |    ⏳ Pausa mimetica: attendo 6.49 secondi prima del prossimo record...
INFO     | 2026-06-29 16:58:28,943 | Orchestrator | [96/167] Elaborazione chiave: ROSIGNANO MARITTIMO_98_17_AA_NCT
INFO     | 2026-06-29 16:58:28,951 | SisterClient |    🎯 Form individuato nel Frame [0] (Tentativo radar 1/5). Verifica e iniezione dati...
INFO     | 2026-06-29 16:58:28,984 | SisterClient |    -> Comune 'ROSIGNANO MARITTIMO' già agganciato. Salto la selezione del dropdown.
ERROR    | 2026-06-29 16:58:30,436 | Orchestrator | Anomalia riscontrata sul record: Il server di Sister ha risposto con Errore 500 (NullPointerException).
INFO     | 2026-06-29 16:58:30,438 | SisterClient | 🔄 Avvio della procedura di ritorno alla maschera principale...
WARNING  | 2026-06-29 16:58:30,491 | SisterClient |    -> [Passo 1] Nessun bottone rilevato (schermata di errore). Eseguo go_back() nativo...
INFO     | 2026-06-29 16:58:32,809 | SisterClient | ✅ Maschera principale agganciata con successo. Pronto per il prossimo job.
INFO     | 2026-06-29 16:58:32,810 | Orchestrator |    ⏳ Pausa mimetica: attendo 6.42 secondi prima del prossimo record...
INFO     | 2026-06-29 16:58:39,242 | Orchestrator | [97/167] Elaborazione chiave: ROSIGNANO MARITTIMO_98_17_AB_NCT
INFO     | 2026-06-29 16:58:39,248 | SisterClient |    🎯 Form individuato nel Frame [0] (Tentativo radar 1/5). Verifica e iniezione dati...
INFO     | 2026-06-29 16:58:39,283 | SisterClient |    -> Comune 'ROSIGNANO MARITTIMO' già agganciato. Salto la selezione del dropdown.
ERROR    | 2026-06-29 16:58:40,735 | Orchestrator | Anomalia riscontrata sul record: Il server di Sister ha risposto con Errore 500 (NullPointerException).
INFO     | 2026-06-29 16:58:40,736 | SisterClient | 🔄 Avvio della procedura di ritorno alla maschera principale...
WARNING  | 2026-06-29 16:58:40,775 | SisterClient |    -> [Passo 1] Nessun bottone rilevato (schermata di errore). Eseguo go_back() nativo...
INFO     | 2026-06-29 16:58:43,180 | SisterClient | ✅ Maschera principale agganciata con successo. Pronto per il prossimo job.
INFO     | 2026-06-29 16:58:43,181 | Orchestrator |    ⏳ Pausa mimetica: attendo 5.32 secondi prima del prossimo record...
INFO     | 2026-06-29 16:58:48,526 | Orchestrator | [98/167] Elaborazione chiave: ROSIGNANO MARITTIMO_98_171_NCT
INFO     | 2026-06-29 16:58:48,528 | Orchestrator |    -> Job già  presente in cache (Skip).
INFO     | 2026-06-29 16:58:48,534 | Orchestrator | [99/167] Elaborazione chiave: ROSIGNANO MARITTIMO_98_29_AA_NCT
INFO     | 2026-06-29 16:58:48,543 | SisterClient |    🎯 Form individuato nel Frame [0] (Tentativo radar 1/5). Verifica e iniezione dati...
INFO     | 2026-06-29 16:58:48,572 | SisterClient |    -> Comune 'ROSIGNANO MARITTIMO' già agganciato. Salto la selezione del dropdown.
ERROR    | 2026-06-29 16:58:50,004 | Orchestrator | Anomalia riscontrata sul record: Il server di Sister ha risposto con Errore 500 (NullPointerException).
INFO     | 2026-06-29 16:58:50,005 | SisterClient | 🔄 Avvio della procedura di ritorno alla maschera principale...
WARNING  | 2026-06-29 16:58:50,047 | SisterClient |    -> [Passo 1] Nessun bottone rilevato (schermata di errore). Eseguo go_back() nativo...
INFO     | 2026-06-29 16:58:52,396 | SisterClient | ✅ Maschera principale agganciata con successo. Pronto per il prossimo job.
INFO     | 2026-06-29 16:58:52,397 | Orchestrator |    ⏳ Pausa mimetica: attendo 4.95 secondi prima del prossimo record...
INFO     | 2026-06-29 16:58:57,358 | Orchestrator | [100/167] Elaborazione chiave: ROSIGNANO MARITTIMO_98_29_AB_NCT
INFO     | 2026-06-29 16:58:57,365 | SisterClient |    🎯 Form individuato nel Frame [0] (Tentativo radar 1/5). Verifica e iniezione dati...
INFO     | 2026-06-29 16:58:57,398 | SisterClient |    -> Comune 'ROSIGNANO MARITTIMO' già agganciato. Salto la selezione del dropdown.
ERROR    | 2026-06-29 16:58:58,901 | Orchestrator | Anomalia riscontrata sul record: Il server di Sister ha risposto con Errore 500 (NullPointerException).
INFO     | 2026-06-29 16:58:58,902 | SisterClient | 🔄 Avvio della procedura di ritorno alla maschera principale...
WARNING  | 2026-06-29 16:58:58,930 | SisterClient |    -> [Passo 1] Nessun bottone rilevato (schermata di errore). Eseguo go_back() nativo...
INFO     | 2026-06-29 16:59:01,260 | SisterClient | ✅ Maschera principale agganciata con successo. Pronto per il prossimo job.
INFO     | 2026-06-29 16:59:01,261 | Orchestrator |    ⏳ Pausa mimetica: attendo 5.37 secondi prima del prossimo record...
INFO     | 2026-06-29 16:59:06,642 | Orchestrator | [101/167] Elaborazione chiave: ROSIGNANO MARITTIMO_98_142_AA_NCT
INFO     | 2026-06-29 16:59:06,644 | Orchestrator |    -> Job già  presente in cache (Skip).
INFO     | 2026-06-29 16:59:06,646 | Orchestrator | [102/167] Elaborazione chiave: ROSIGNANO MARITTIMO_98_142_AB_NCT
INFO     | 2026-06-29 16:59:06,653 | SisterClient |    🎯 Form individuato nel Frame [0] (Tentativo radar 1/5). Verifica e iniezione dati...
INFO     | 2026-06-29 16:59:06,687 | SisterClient |    -> Comune 'ROSIGNANO MARITTIMO' già agganciato. Salto la selezione del dropdown.
ERROR    | 2026-06-29 16:59:08,119 | Orchestrator | Anomalia riscontrata sul record: Il server di Sister ha risposto con Errore 500 (NullPointerException).
INFO     | 2026-06-29 16:59:08,121 | SisterClient | 🔄 Avvio della procedura di ritorno alla maschera principale...
WARNING  | 2026-06-29 16:59:08,163 | SisterClient |    -> [Passo 1] Nessun bottone rilevato (schermata di errore). Eseguo go_back() nativo...
INFO     | 2026-06-29 16:59:10,529 | SisterClient | ✅ Maschera principale agganciata con successo. Pronto per il prossimo job.
INFO     | 2026-06-29 16:59:10,530 | Orchestrator |    ⏳ Pausa mimetica: attendo 5.23 secondi prima del prossimo record...
INFO     | 2026-06-29 16:59:15,775 | Orchestrator | [103/167] Elaborazione chiave: ROSIGNANO MARITTIMO_98_31_AA_NCT
INFO     | 2026-06-29 16:59:15,782 | SisterClient |    🎯 Form individuato nel Frame [0] (Tentativo radar 1/5). Verifica e iniezione dati...
INFO     | 2026-06-29 16:59:15,820 | SisterClient |    -> Comune 'ROSIGNANO MARITTIMO' già agganciato. Salto la selezione del dropdown.
ERROR    | 2026-06-29 16:59:35,105 | Orchestrator | Anomalia riscontrata sul record: Il server di Sister ha risposto con Errore 500 (NullPointerException).
INFO     | 2026-06-29 16:59:35,107 | SisterClient | 🔄 Avvio della procedura di ritorno alla maschera principale...
WARNING  | 2026-06-29 16:59:35,151 | SisterClient |    -> [Passo 1] Nessun bottone rilevato (schermata di errore). Eseguo go_back() nativo...
INFO     | 2026-06-29 16:59:37,378 | SisterClient | ✅ Maschera principale agganciata con successo. Pronto per il prossimo job.
INFO     | 2026-06-29 16:59:37,378 | Orchestrator |    ⏳ Pausa mimetica: attendo 4.20 secondi prima del prossimo record...
INFO     | 2026-06-29 16:59:41,594 | Orchestrator | [104/167] Elaborazione chiave: ROSIGNANO MARITTIMO_98_31_AB_NCT
INFO     | 2026-06-29 16:59:41,619 | SisterClient |    🎯 Form individuato nel Frame [0] (Tentativo radar 1/5). Verifica e iniezione dati...
INFO     | 2026-06-29 16:59:41,755 | SisterClient |    -> Comune 'ROSIGNANO MARITTIMO' già agganciato. Salto la selezione del dropdown.
ERROR    | 2026-06-29 16:59:43,372 | Orchestrator | Anomalia riscontrata sul record: Il server di Sister ha risposto con Errore 500 (NullPointerException).
INFO     | 2026-06-29 16:59:43,373 | SisterClient | 🔄 Avvio della procedura di ritorno alla maschera principale...
WARNING  | 2026-06-29 16:59:43,414 | SisterClient |    -> [Passo 1] Nessun bottone rilevato (schermata di errore). Eseguo go_back() nativo...
INFO     | 2026-06-29 16:59:45,577 | SisterClient | ✅ Maschera principale agganciata con successo. Pronto per il prossimo job.
INFO     | 2026-06-29 16:59:45,578 | Orchestrator |    ⏳ Pausa mimetica: attendo 4.66 secondi prima del prossimo record...
INFO     | 2026-06-29 16:59:50,259 | Orchestrator | [105/167] Elaborazione chiave: ROSIGNANO MARITTIMO_98_144_NCT
INFO     | 2026-06-29 16:59:50,261 | Orchestrator |    -> Job già  presente in cache (Skip).
INFO     | 2026-06-29 16:59:50,263 | Orchestrator | [106/167] Elaborazione chiave: ROSIGNANO MARITTIMO_98_32_NCT
INFO     | 2026-06-29 16:59:50,270 | SisterClient |    🎯 Form individuato nel Frame [0] (Tentativo radar 1/5). Verifica e iniezione dati...
INFO     | 2026-06-29 16:59:50,304 | SisterClient |    -> Comune 'ROSIGNANO MARITTIMO' già agganciato. Salto la selezione del dropdown.
ERROR    | 2026-06-29 16:59:51,735 | Orchestrator | Anomalia riscontrata sul record: Il server di Sister ha risposto con Errore 500 (NullPointerException).
INFO     | 2026-06-29 16:59:51,736 | SisterClient | 🔄 Avvio della procedura di ritorno alla maschera principale...
WARNING  | 2026-06-29 16:59:51,772 | SisterClient |    -> [Passo 1] Nessun bottone rilevato (schermata di errore). Eseguo go_back() nativo...
INFO     | 2026-06-29 16:59:53,942 | SisterClient | ✅ Maschera principale agganciata con successo. Pronto per il prossimo job.
INFO     | 2026-06-29 16:59:53,943 | Orchestrator |    ⏳ Pausa mimetica: attendo 6.37 secondi prima del prossimo record...
INFO     | 2026-06-29 17:00:00,317 | Orchestrator | [107/167] Elaborazione chiave: ROSIGNANO MARITTIMO_98_114_NCT
INFO     | 2026-06-29 17:00:00,322 | SisterClient |    🎯 Form individuato nel Frame [0] (Tentativo radar 1/5). Verifica e iniezione dati...
INFO     | 2026-06-29 17:00:00,353 | SisterClient |    -> Comune 'ROSIGNANO MARITTIMO' già agganciato. Salto la selezione del dropdown.
ERROR    | 2026-06-29 17:00:01,836 | Orchestrator | Anomalia riscontrata sul record: Il server di Sister ha risposto con Errore 500 (NullPointerException).
INFO     | 2026-06-29 17:00:01,838 | SisterClient | 🔄 Avvio della procedura di ritorno alla maschera principale...
WARNING  | 2026-06-29 17:00:01,881 | SisterClient |    -> [Passo 1] Nessun bottone rilevato (schermata di errore). Eseguo go_back() nativo...
INFO     | 2026-06-29 17:00:04,293 | SisterClient | ✅ Maschera principale agganciata con successo. Pronto per il prossimo job.
INFO     | 2026-06-29 17:00:04,294 | Orchestrator |    ⏳ Pausa mimetica: attendo 2.06 secondi prima del prossimo record...
INFO     | 2026-06-29 17:00:06,376 | Orchestrator | [108/167] Elaborazione chiave: ROSIGNANO MARITTIMO_98_146_NCT
INFO     | 2026-06-29 17:00:06,377 | Orchestrator |    -> Job già  presente in cache (Skip).
INFO     | 2026-06-29 17:00:06,378 | Orchestrator | [109/167] Elaborazione chiave: ROSIGNANO MARITTIMO_98_168_NCT
INFO     | 2026-06-29 17:00:06,383 | SisterClient |    🎯 Form individuato nel Frame [0] (Tentativo radar 1/5). Verifica e iniezione dati...
INFO     | 2026-06-29 17:00:06,414 | SisterClient |    -> Comune 'ROSIGNANO MARITTIMO' già agganciato. Salto la selezione del dropdown.
ERROR    | 2026-06-29 17:00:07,857 | Orchestrator | Anomalia riscontrata sul record: Il server di Sister ha risposto con Errore 500 (NullPointerException).
INFO     | 2026-06-29 17:00:07,858 | SisterClient | 🔄 Avvio della procedura di ritorno alla maschera principale...
WARNING  | 2026-06-29 17:00:07,897 | SisterClient |    -> [Passo 1] Nessun bottone rilevato (schermata di errore). Eseguo go_back() nativo...
INFO     | 2026-06-29 17:00:10,277 | SisterClient | ✅ Maschera principale agganciata con successo. Pronto per il prossimo job.
INFO     | 2026-06-29 17:00:10,278 | Orchestrator |    ⏳ Pausa mimetica: attendo 3.68 secondi prima del prossimo record...
INFO     | 2026-06-29 17:00:13,975 | Orchestrator | [110/167] Elaborazione chiave: ROSIGNANO MARITTIMO_98_118_NCT
INFO     | 2026-06-29 17:00:13,981 | SisterClient |    🎯 Form individuato nel Frame [0] (Tentativo radar 1/5). Verifica e iniezione dati...
INFO     | 2026-06-29 17:00:14,021 | SisterClient |    -> Comune 'ROSIGNANO MARITTIMO' già agganciato. Salto la selezione del dropdown.
ERROR    | 2026-06-29 17:00:15,490 | Orchestrator | Anomalia riscontrata sul record: Il server di Sister ha risposto con Errore 500 (NullPointerException).
INFO     | 2026-06-29 17:00:15,491 | SisterClient | 🔄 Avvio della procedura di ritorno alla maschera principale...
WARNING  | 2026-06-29 17:00:15,530 | SisterClient |    -> [Passo 1] Nessun bottone rilevato (schermata di errore). Eseguo go_back() nativo...
INFO     | 2026-06-29 17:00:17,727 | SisterClient | ✅ Maschera principale agganciata con successo. Pronto per il prossimo job.
INFO     | 2026-06-29 17:00:17,728 | Orchestrator |    ⏳ Pausa mimetica: attendo 6.87 secondi prima del prossimo record...
INFO     | 2026-06-29 17:00:24,609 | Orchestrator | [111/167] Elaborazione chiave: ROSIGNANO MARITTIMO_81_1138_NCT
INFO     | 2026-06-29 17:00:24,618 | SisterClient |    🎯 Form individuato nel Frame [0] (Tentativo radar 1/5). Verifica e iniezione dati...
INFO     | 2026-06-29 17:00:24,650 | SisterClient |    -> Comune 'ROSIGNANO MARITTIMO' già agganciato. Salto la selezione del dropdown.
ERROR    | 2026-06-29 17:00:26,150 | Orchestrator | Anomalia riscontrata sul record: Il server di Sister ha risposto con Errore 500 (NullPointerException).
INFO     | 2026-06-29 17:00:26,152 | SisterClient | 🔄 Avvio della procedura di ritorno alla maschera principale...
WARNING  | 2026-06-29 17:00:26,308 | SisterClient |    -> [Passo 1] Nessun bottone rilevato (schermata di errore). Eseguo go_back() nativo...
INFO     | 2026-06-29 17:00:28,647 | SisterClient | ✅ Maschera principale agganciata con successo. Pronto per il prossimo job.
INFO     | 2026-06-29 17:00:28,647 | Orchestrator |    ⏳ Pausa mimetica: attendo 7.73 secondi prima del prossimo record...
INFO     | 2026-06-29 17:00:36,392 | Orchestrator | [112/167] Elaborazione chiave: ROSIGNANO MARITTIMO_81_1143_NCF
INFO     | 2026-06-29 17:00:36,405 | SisterClient |    🎯 Form individuato nel Frame [0] (Tentativo radar 1/5). Verifica e iniezione dati...
INFO     | 2026-06-29 17:00:37,493 | SisterClient |    -> Comune 'ROSIGNANO MARITTIMO' già agganciato. Salto la selezione del dropdown.
ERROR    | 2026-06-29 17:00:39,005 | Orchestrator | Anomalia riscontrata sul record: Il server di Sister ha risposto con Errore 500 (NullPointerException).
INFO     | 2026-06-29 17:00:39,008 | SisterClient | 🔄 Avvio della procedura di ritorno alla maschera principale...
WARNING  | 2026-06-29 17:00:39,050 | SisterClient |    -> [Passo 1] Nessun bottone rilevato (schermata di errore). Eseguo go_back() nativo...
INFO     | 2026-06-29 17:00:41,228 | SisterClient | ✅ Maschera principale agganciata con successo. Pronto per il prossimo job.
INFO     | 2026-06-29 17:00:41,229 | Orchestrator |    ⏳ Pausa mimetica: attendo 6.28 secondi prima del prossimo record...
INFO     | 2026-06-29 17:00:47,525 | Orchestrator | [113/167] Elaborazione chiave: ROSIGNANO MARITTIMO_86_673_NCF
INFO     | 2026-06-29 17:00:47,537 | SisterClient |    🎯 Form individuato nel Frame [0] (Tentativo radar 1/5). Verifica e iniezione dati...
INFO     | 2026-06-29 17:00:47,566 | SisterClient |    -> Comune 'ROSIGNANO MARITTIMO' già agganciato. Salto la selezione del dropdown.
ERROR    | 2026-06-29 17:00:48,991 | Orchestrator | Anomalia riscontrata sul record: Il server di Sister ha risposto con Errore 500 (NullPointerException).
INFO     | 2026-06-29 17:00:48,992 | SisterClient | 🔄 Avvio della procedura di ritorno alla maschera principale...
WARNING  | 2026-06-29 17:00:49,030 | SisterClient |    -> [Passo 1] Nessun bottone rilevato (schermata di errore). Eseguo go_back() nativo...
INFO     | 2026-06-29 17:00:51,223 | SisterClient | ✅ Maschera principale agganciata con successo. Pronto per il prossimo job.
INFO     | 2026-06-29 17:00:51,224 | Orchestrator |    ⏳ Pausa mimetica: attendo 2.14 secondi prima del prossimo record...
INFO     | 2026-06-29 17:00:53,377 | Orchestrator | Stop richiesto: terminazione anticipata della fase di scraping.
INFO     | 2026-06-29 17:00:53,378 | Orchestrator | === [FASE 2.4] INIZIO ATTESA ELABORAZIONE ATTI DIFFERITI (20 MINUTI) === 
 ALTRIMENTI FAI IL LOGOUT E CHIUDI LA FINESTRA DEL BROWSER
INFO     | 2026-06-29 17:00:53,384 | Orchestrator | ⏱️ Sister sta elaborando i KO asincroni sullo sfondo... Mancano 20 minuti al recupero.
CRITICAL | 2026-06-29 17:01:00,070 | Orchestrator | Automazione interrotta o completata prematuramente: Page.wait_for_timeout: Target page, context or browser has been closed
INFO     | 2026-06-29 17:01:00,074 | Orchestrator | === [FASE 3] FINALIZZAZIONE OUTPUT E REPORTING ===
INFO     | 2026-06-29 17:01:00,079 | FolderBuilder | Avvio smistamento strutturato delle visure secondo il layout dinamico del cliente...
DEBUG    | 2026-06-29 17:01:00,097 | FolderBuilder | Smistato strutturato: LI-ROSIGNANO MARITTIMO-81-1145.pdf -> Campo FV 13
DEBUG    | 2026-06-29 17:01:00,102 | FolderBuilder | Smistato strutturato: LI-ROSIGNANO MARITTIMO-81-1145.pdf -> Campo FV 13\opere di invarianza idraulica
DEBUG    | 2026-06-29 17:01:00,106 | FolderBuilder | Smistato strutturato: LI-ROSIGNANO MARITTIMO-81-1148.pdf -> Campo FV 13
DEBUG    | 2026-06-29 17:01:00,109 | FolderBuilder | Smistato strutturato: LI-ROSIGNANO MARITTIMO-81-1148.pdf -> Campo FV 13\opere di invarianza idraulica
DEBUG    | 2026-06-29 17:01:00,115 | FolderBuilder | Smistato strutturato: LI-ROSIGNANO MARITTIMO-81-259-AA.pdf -> Campo FV 13
DEBUG    | 2026-06-29 17:01:00,120 | FolderBuilder | Smistato strutturato: LI-ROSIGNANO MARITTIMO-81-259-AB.pdf -> Campo FV 13
DEBUG    | 2026-06-29 17:01:00,123 | FolderBuilder | Smistato strutturato: LI-ROSIGNANO MARITTIMO-81-262.pdf -> Campo FV 13
DEBUG    | 2026-06-29 17:01:00,127 | FolderBuilder | Smistato strutturato: LI-ROSIGNANO MARITTIMO-81-262.pdf -> Campo FV 13\opere di invarianza idraulica
DEBUG    | 2026-06-29 17:01:00,132 | FolderBuilder | Smistato strutturato: LI-ROSIGNANO MARITTIMO-81-1151.pdf -> Campo FV 13
DEBUG    | 2026-06-29 17:01:00,136 | FolderBuilder | Smistato strutturato: LI-ROSIGNANO MARITTIMO-81-1154.pdf -> Campo FV 13
DEBUG    | 2026-06-29 17:01:00,140 | FolderBuilder | Smistato strutturato: LI-ROSIGNANO MARITTIMO-81-1157.pdf -> Campo FV 13
DEBUG    | 2026-06-29 17:01:00,144 | FolderBuilder | Smistato strutturato: LI-ROSIGNANO MARITTIMO-81-1157.pdf -> Campo FV 13\opere accessorie di invarianza idraulica
DEBUG    | 2026-06-29 17:01:00,147 | FolderBuilder | Smistato strutturato: LI-ROSIGNANO MARITTIMO-81-1157.pdf -> Campo FV 13\cabine
DEBUG    | 2026-06-29 17:01:00,151 | FolderBuilder | Smistato strutturato: LI-ROSIGNANO MARITTIMO-81-1157.pdf -> Campo FV 13\strade accesso esistenti
DEBUG    | 2026-06-29 17:01:00,154 | FolderBuilder | Smistato strutturato: LI-ROSIGNANO MARITTIMO-81-1157.pdf -> Campo FV 13\cancelli ingresso
DEBUG    | 2026-06-29 17:01:00,156 | FolderBuilder | Smistato strutturato: LI-ROSIGNANO MARITTIMO-81-1157.pdf -> Campo FV 13\opere di invarianza idraulica
DEBUG    | 2026-06-29 17:01:00,161 | FolderBuilder | Smistato strutturato: LI-ROSIGNANO MARITTIMO-81-1160.pdf -> Campo FV 13
DEBUG    | 2026-06-29 17:01:00,164 | FolderBuilder | Smistato strutturato: LI-ROSIGNANO MARITTIMO-81-1160.pdf -> Campo FV 13\opere accessorie di invarianza idraulica
DEBUG    | 2026-06-29 17:01:00,167 | FolderBuilder | Smistato strutturato: LI-ROSIGNANO MARITTIMO-81-1160.pdf -> Campo FV 13\strade accesso esistenti
DEBUG    | 2026-06-29 17:01:00,169 | FolderBuilder | Smistato strutturato: LI-ROSIGNANO MARITTIMO-81-1160.pdf -> Campo FV 13\cancelli ingresso
DEBUG    | 2026-06-29 17:01:00,173 | FolderBuilder | Smistato strutturato: LI-ROSIGNANO MARITTIMO-81-1160.pdf -> Campo FV 13\stradelle in progetto esterne impianto
DEBUG    | 2026-06-29 17:01:00,176 | FolderBuilder | Smistato strutturato: LI-ROSIGNANO MARITTIMO-81-1160.pdf -> Campo FV 13\opere di invarianza idraulica
DEBUG    | 2026-06-29 17:01:00,180 | FolderBuilder | Smistato strutturato: LI-ROSIGNANO MARITTIMO-81-1165.pdf -> Campo FV 13
DEBUG    | 2026-06-29 17:01:00,183 | FolderBuilder | Smistato strutturato: LI-ROSIGNANO MARITTIMO-81-1165.pdf -> Campo FV 13\opere di invarianza idraulica
DEBUG    | 2026-06-29 17:01:00,186 | FolderBuilder | Smistato strutturato: LI-ROSIGNANO MARITTIMO-81-1165.pdf -> Campo FV 13\strade accesso esistenti
DEBUG    | 2026-06-29 17:01:00,188 | FolderBuilder | Smistato strutturato: LI-ROSIGNANO MARITTIMO-81-1165.pdf -> Campo FV 13\opere accessorie di invarianza idraulica
DEBUG    | 2026-06-29 17:01:00,194 | FolderBuilder | Smistato strutturato: LI-ROSIGNANO MARITTIMO-86-717.pdf -> Campo FV 14
DEBUG    | 2026-06-29 17:01:00,199 | FolderBuilder | Smistato strutturato: LI-ROSIGNANO MARITTIMO-86-709.pdf -> Campo FV 14
DEBUG    | 2026-06-29 17:01:00,203 | FolderBuilder | Smistato strutturato: LI-ROSIGNANO MARITTIMO-86-706.pdf -> Campo FV 14
DEBUG    | 2026-06-29 17:01:00,207 | FolderBuilder | Smistato strutturato: LI-ROSIGNANO MARITTIMO-86-799.pdf -> Campo FV 14
DEBUG    | 2026-06-29 17:01:00,211 | FolderBuilder | Smistato strutturato: LI-ROSIGNANO MARITTIMO-86-799.pdf -> Campo FV 14\strade accesso esistenti
DEBUG    | 2026-06-29 17:01:00,215 | FolderBuilder | Smistato strutturato: LI-ROSIGNANO MARITTIMO-86-714.pdf -> Campo FV 14
DEBUG    | 2026-06-29 17:01:00,219 | FolderBuilder | Smistato strutturato: LI-ROSIGNANO MARITTIMO-86-712.pdf -> Campo FV 14
DEBUG    | 2026-06-29 17:01:00,223 | FolderBuilder | Smistato strutturato: LI-ROSIGNANO MARITTIMO-86-712.pdf -> Campo FV 14\opere di invarianza idraulica
DEBUG    | 2026-06-29 17:01:00,226 | FolderBuilder | Smistato strutturato: LI-ROSIGNANO MARITTIMO-86-712.pdf -> Campo FV 14\strade accesso esistenti
DEBUG    | 2026-06-29 17:01:00,229 | FolderBuilder | Smistato strutturato: LI-ROSIGNANO MARITTIMO-86-712.pdf -> Campo FV 14\opere accessorie di invarianza idraulica
DEBUG    | 2026-06-29 17:01:00,233 | FolderBuilder | Smistato strutturato: LI-ROSIGNANO MARITTIMO-86-713.pdf -> Campo FV 14
DEBUG    | 2026-06-29 17:01:00,236 | FolderBuilder | Smistato strutturato: LI-ROSIGNANO MARITTIMO-86-713.pdf -> Campo FV 14\opere di invarianza idraulica
DEBUG    | 2026-06-29 17:01:00,239 | FolderBuilder | Smistato strutturato: LI-ROSIGNANO MARITTIMO-86-713.pdf -> Campo FV 14\strade accesso esistenti
DEBUG    | 2026-06-29 17:01:00,242 | FolderBuilder | Smistato strutturato: LI-ROSIGNANO MARITTIMO-86-713.pdf -> Campo FV 14\opere accessorie di invarianza idraulica
DEBUG    | 2026-06-29 17:01:00,246 | FolderBuilder | Smistato strutturato: LI-ROSIGNANO MARITTIMO-86-707.pdf -> Campo FV 14
DEBUG    | 2026-06-29 17:01:00,248 | FolderBuilder | Smistato strutturato: LI-ROSIGNANO MARITTIMO-86-707.pdf -> Campo FV 14\opere di invarianza idraulica
DEBUG    | 2026-06-29 17:01:00,252 | FolderBuilder | Smistato strutturato: LI-ROSIGNANO MARITTIMO-86-710-AA.pdf -> Campo FV 14
DEBUG    | 2026-06-29 17:01:00,255 | FolderBuilder | Smistato strutturato: LI-ROSIGNANO MARITTIMO-86-710-AA.pdf -> Campo FV 14\opere di invarianza idraulica
DEBUG    | 2026-06-29 17:01:00,257 | FolderBuilder | Smistato strutturato: LI-ROSIGNANO MARITTIMO-86-710-AB.pdf -> Campo FV 14
DEBUG    | 2026-06-29 17:01:00,260 | FolderBuilder | Smistato strutturato: LI-ROSIGNANO MARITTIMO-86-710-AB.pdf -> Campo FV 14\opere di invarianza idraulica
DEBUG    | 2026-06-29 17:01:00,264 | FolderBuilder | Smistato strutturato: LI-ROSIGNANO MARITTIMO-86-796.pdf -> Campo FV 14
DEBUG    | 2026-06-29 17:01:00,268 | FolderBuilder | Smistato strutturato: LI-ROSIGNANO MARITTIMO-86-782.pdf -> Campo FV 14
DEBUG    | 2026-06-29 17:01:00,270 | FolderBuilder | Smistato strutturato: LI-ROSIGNANO MARITTIMO-86-782.pdf -> Campo FV 14\opere di invarianza idraulica
DEBUG    | 2026-06-29 17:01:00,273 | FolderBuilder | Smistato strutturato: LI-ROSIGNANO MARITTIMO-86-59.pdf -> Campo FV 14
DEBUG    | 2026-06-29 17:01:00,277 | FolderBuilder | Smistato strutturato: LI-ROSIGNANO MARITTIMO-86-59.pdf -> Campo FV 14\opere di invarianza idraulica
DEBUG    | 2026-06-29 17:01:00,281 | FolderBuilder | Smistato strutturato: LI-ROSIGNANO MARITTIMO-86-720.pdf -> Campo FV 14
DEBUG    | 2026-06-29 17:01:00,284 | FolderBuilder | Smistato strutturato: LI-ROSIGNANO MARITTIMO-86-722.pdf -> Campo FV 14
DEBUG    | 2026-06-29 17:01:00,286 | FolderBuilder | Smistato strutturato: LI-ROSIGNANO MARITTIMO-86-722.pdf -> Campo FV 14\opere accessorie di invarianza idraulica
DEBUG    | 2026-06-29 17:01:00,288 | FolderBuilder | Smistato strutturato: LI-ROSIGNANO MARITTIMO-86-722.pdf -> Campo FV 14\cabine
DEBUG    | 2026-06-29 17:01:00,291 | FolderBuilder | Smistato strutturato: LI-ROSIGNANO MARITTIMO-86-722.pdf -> Campo FV 14\strade accesso esistenti
DEBUG    | 2026-06-29 17:01:00,294 | FolderBuilder | Smistato strutturato: LI-ROSIGNANO MARITTIMO-86-722.pdf -> Campo FV 14\cancelli ingresso
DEBUG    | 2026-06-29 17:01:00,297 | FolderBuilder | Smistato strutturato: LI-ROSIGNANO MARITTIMO-86-722.pdf -> Campo FV 14\stradelle in progetto esterne impianto
DEBUG    | 2026-06-29 17:01:00,299 | FolderBuilder | Smistato strutturato: LI-ROSIGNANO MARITTIMO-86-722.pdf -> Campo FV 14\opere di invarianza idraulica
DEBUG    | 2026-06-29 17:01:00,303 | FolderBuilder | Smistato strutturato: LI-ROSIGNANO MARITTIMO-86-723.pdf -> Campo FV 14
DEBUG    | 2026-06-29 17:01:00,305 | FolderBuilder | Smistato strutturato: LI-ROSIGNANO MARITTIMO-86-723.pdf -> Campo FV 14\opere di invarianza idraulica
DEBUG    | 2026-06-29 17:01:00,310 | FolderBuilder | Smistato strutturato: LI-ROSIGNANO MARITTIMO-86-719.pdf -> Campo FV 14
DEBUG    | 2026-06-29 17:01:00,312 | FolderBuilder | Smistato strutturato: LI-ROSIGNANO MARITTIMO-86-719.pdf -> Campo FV 14\opere di invarianza idraulica
DEBUG    | 2026-06-29 17:01:00,316 | FolderBuilder | Smistato strutturato: LI-ROSIGNANO MARITTIMO-86-124.pdf -> Campo FV 14
DEBUG    | 2026-06-29 17:01:00,318 | FolderBuilder | Smistato strutturato: LI-ROSIGNANO MARITTIMO-86-124.pdf -> Campo FV 14\opere di invarianza idraulica
DEBUG    | 2026-06-29 17:01:00,322 | FolderBuilder | Smistato strutturato: LI-ROSIGNANO MARITTIMO-86-68.pdf -> Campo FV 14
DEBUG    | 2026-06-29 17:01:00,324 | FolderBuilder | Smistato strutturato: LI-ROSIGNANO MARITTIMO-86-68.pdf -> Campo FV 14\opere di invarianza idraulica
DEBUG    | 2026-06-29 17:01:00,327 | FolderBuilder | Smistato strutturato: LI-ROSIGNANO MARITTIMO-86-68.pdf -> Campo FV 14\cabine
DEBUG    | 2026-06-29 17:01:00,330 | FolderBuilder | Smistato strutturato: LI-ROSIGNANO MARITTIMO-86-87.pdf -> Campo FV 14
DEBUG    | 2026-06-29 17:01:00,333 | FolderBuilder | Smistato strutturato: LI-ROSIGNANO MARITTIMO-86-87.pdf -> Campo FV 14\opere accessorie di invarianza idraulica
DEBUG    | 2026-06-29 17:01:00,336 | FolderBuilder | Smistato strutturato: LI-ROSIGNANO MARITTIMO-86-87.pdf -> Campo FV 14\strade accesso esistenti
DEBUG    | 2026-06-29 17:01:00,338 | FolderBuilder | Smistato strutturato: LI-ROSIGNANO MARITTIMO-86-87.pdf -> Campo FV 14\cancelli ingresso
DEBUG    | 2026-06-29 17:01:00,341 | FolderBuilder | Smistato strutturato: LI-ROSIGNANO MARITTIMO-86-87.pdf -> Campo FV 14\opere di invarianza idraulica
DEBUG    | 2026-06-29 17:01:00,345 | FolderBuilder | Smistato strutturato: LI-ROSIGNANO MARITTIMO-86-86-AA.pdf -> Campo FV 14
DEBUG    | 2026-06-29 17:01:00,347 | FolderBuilder | Smistato strutturato: LI-ROSIGNANO MARITTIMO-86-86-AA.pdf -> Campo FV 14\opere di invarianza idraulica
DEBUG    | 2026-06-29 17:01:00,352 | FolderBuilder | Smistato strutturato: LI-ROSIGNANO MARITTIMO-86-86-AB.pdf -> Campo FV 14
DEBUG    | 2026-06-29 17:01:00,355 | FolderBuilder | Smistato strutturato: LI-ROSIGNANO MARITTIMO-86-86-AB.pdf -> Campo FV 14\opere di invarianza idraulica
DEBUG    | 2026-06-29 17:01:00,357 | FolderBuilder | Smistato strutturato: LI-ROSIGNANO MARITTIMO-86-765-601.pdf -> Campo FV 14
DEBUG    | 2026-06-29 17:01:00,361 | FolderBuilder | Smistato strutturato: LI-ROSIGNANO MARITTIMO-86-765-601.pdf -> Campo FV 14\opere di invarianza idraulica
DEBUG    | 2026-06-29 17:01:00,365 | FolderBuilder | Smistato strutturato: LI-ROSIGNANO MARITTIMO-86-606-AA.pdf -> Campo FV 14
DEBUG    | 2026-06-29 17:01:00,368 | FolderBuilder | Smistato strutturato: LI-ROSIGNANO MARITTIMO-86-606-AA.pdf -> Campo FV 14\opere di invarianza idraulica
DEBUG    | 2026-06-29 17:01:00,371 | FolderBuilder | Smistato strutturato: LI-ROSIGNANO MARITTIMO-86-606-AA.pdf -> Campo FV 14\strade accesso esistenti
DEBUG    | 2026-06-29 17:01:00,373 | FolderBuilder | Smistato strutturato: LI-ROSIGNANO MARITTIMO-86-606-AA.pdf -> Campo FV 14\stradelle in progetto esterne impianto
DEBUG    | 2026-06-29 17:01:00,377 | FolderBuilder | Smistato strutturato: LI-ROSIGNANO MARITTIMO-86-606-AB.pdf -> Campo FV 14
DEBUG    | 2026-06-29 17:01:00,379 | FolderBuilder | Smistato strutturato: LI-ROSIGNANO MARITTIMO-86-606-AB.pdf -> Campo FV 14\opere di invarianza idraulica
DEBUG    | 2026-06-29 17:01:00,382 | FolderBuilder | Smistato strutturato: LI-ROSIGNANO MARITTIMO-86-606-AB.pdf -> Campo FV 14\strade accesso esistenti
DEBUG    | 2026-06-29 17:01:00,385 | FolderBuilder | Smistato strutturato: LI-ROSIGNANO MARITTIMO-86-606-AB.pdf -> Campo FV 14\stradelle in progetto esterne impianto
DEBUG    | 2026-06-29 17:01:00,390 | FolderBuilder | Smistato strutturato: LI-ROSIGNANO MARITTIMO-90-62.pdf -> Campo FV 1
DEBUG    | 2026-06-29 17:01:00,394 | FolderBuilder | Smistato strutturato: LI-ROSIGNANO MARITTIMO-90-62.pdf -> Campo FV 1\strade accesso esistenti
DEBUG    | 2026-06-29 17:01:00,397 | FolderBuilder | Smistato strutturato: LI-ROSIGNANO MARITTIMO-90-62.pdf -> Campo FV 1\cancelli ingresso
DEBUG    | 2026-06-29 17:01:00,401 | FolderBuilder | Smistato strutturato: LI-ROSIGNANO MARITTIMO-90-62.pdf -> Campo FV 1\stradelle in progetto esterne impianto
DEBUG    | 2026-06-29 17:01:00,404 | FolderBuilder | Smistato strutturato: LI-ROSIGNANO MARITTIMO-90-62.pdf -> Campo FV 1\opere di invarianza idraulica
DEBUG    | 2026-06-29 17:01:00,409 | FolderBuilder | Smistato strutturato: LI-ROSIGNANO MARITTIMO-90-4-605.pdf -> Campo FV 1
DEBUG    | 2026-06-29 17:01:00,411 | FolderBuilder | Smistato strutturato: LI-ROSIGNANO MARITTIMO-90-4-605.pdf -> Campo FV 1\opere di invarianza idraulica
DEBUG    | 2026-06-29 17:01:00,413 | FolderBuilder | Smistato strutturato: LI-ROSIGNANO MARITTIMO-90-4-605.pdf -> Campo FV 1\strade accesso esistenti
DEBUG    | 2026-06-29 17:01:00,417 | FolderBuilder | Smistato strutturato: LI-ROSIGNANO MARITTIMO-90-4-605.pdf -> Campo FV 1\opere accessorie di invarianza idraulica
WARNING  | 2026-06-29 17:01:00,417 | FolderBuilder | File PDF non trovato in cache per la chiave: ROSIGNANO MARITTIMO_90_5_NCF (Impossibile smistare)
DEBUG    | 2026-06-29 17:01:00,421 | FolderBuilder | Smistato strutturato: LI-ROSIGNANO MARITTIMO-90-42.pdf -> Campo FV 1
DEBUG    | 2026-06-29 17:01:00,425 | FolderBuilder | Smistato strutturato: LI-ROSIGNANO MARITTIMO-90-63-610.pdf -> Campo FV 1
DEBUG    | 2026-06-29 17:01:00,430 | FolderBuilder | Smistato strutturato: LI-ROSIGNANO MARITTIMO-90-60.pdf -> Campo FV 1
DEBUG    | 2026-06-29 17:01:00,435 | FolderBuilder | Smistato strutturato: LI-ROSIGNANO MARITTIMO-90-9.pdf -> Campo FV 1
DEBUG    | 2026-06-29 17:01:00,438 | FolderBuilder | Smistato strutturato: LI-ROSIGNANO MARITTIMO-90-17.pdf -> Campo FV 1
DEBUG    | 2026-06-29 17:01:00,440 | FolderBuilder | Smistato strutturato: LI-ROSIGNANO MARITTIMO-90-17.pdf -> Campo FV 1\strade accesso esistenti
DEBUG    | 2026-06-29 17:01:00,444 | FolderBuilder | Smistato strutturato: LI-ROSIGNANO MARITTIMO-90-17.pdf -> Campo FV 1\cancelli ingresso
DEBUG    | 2026-06-29 17:01:00,447 | FolderBuilder | Smistato strutturato: LI-ROSIGNANO MARITTIMO-90-17.pdf -> Campo FV 1\stradelle in progetto esterne impianto
DEBUG    | 2026-06-29 17:01:00,450 | FolderBuilder | Smistato strutturato: LI-ROSIGNANO MARITTIMO-90-7.pdf -> Campo FV 1
DEBUG    | 2026-06-29 17:01:00,454 | FolderBuilder | Smistato strutturato: LI-ROSIGNANO MARITTIMO-90-59.pdf -> Campo FV 1
DEBUG    | 2026-06-29 17:01:00,457 | FolderBuilder | Smistato strutturato: LI-ROSIGNANO MARITTIMO-90-59.pdf -> Campo FV 1\opere di invarianza idraulica
DEBUG    | 2026-06-29 17:01:00,461 | FolderBuilder | Smistato strutturato: LI-ROSIGNANO MARITTIMO-90-47-602.pdf -> Campo FV 1
DEBUG    | 2026-06-29 17:01:00,465 | FolderBuilder | Smistato strutturato: LI-ROSIGNANO MARITTIMO-90-21.pdf -> Campo FV 1
DEBUG    | 2026-06-29 17:01:00,470 | FolderBuilder | Smistato strutturato: LI-ROSIGNANO MARITTIMO-90-22.pdf -> Campo FV 1
DEBUG    | 2026-06-29 17:01:00,473 | FolderBuilder | Smistato strutturato: LI-ROSIGNANO MARITTIMO-90-22.pdf -> Campo FV 1\cabine
DEBUG    | 2026-06-29 17:01:00,477 | FolderBuilder | Smistato strutturato: LI-ROSIGNANO MARITTIMO-90-11.pdf -> Campo FV 1
DEBUG    | 2026-06-29 17:01:00,479 | FolderBuilder | Smistato strutturato: LI-ROSIGNANO MARITTIMO-90-11.pdf -> Campo FV 1\opere accessorie di invarianza idraulica
DEBUG    | 2026-06-29 17:01:00,483 | FolderBuilder | Smistato strutturato: LI-ROSIGNANO MARITTIMO-90-11.pdf -> Campo FV 1\cabine
DEBUG    | 2026-06-29 17:01:00,485 | FolderBuilder | Smistato strutturato: LI-ROSIGNANO MARITTIMO-90-11.pdf -> Campo FV 1\strade accesso esistenti
DEBUG    | 2026-06-29 17:01:00,488 | FolderBuilder | Smistato strutturato: LI-ROSIGNANO MARITTIMO-90-11.pdf -> Campo FV 1\opere di invarianza idraulica
DEBUG    | 2026-06-29 17:01:00,492 | FolderBuilder | Smistato strutturato: LI-ROSIGNANO MARITTIMO-90-46-602.pdf -> Campo FV 1
DEBUG    | 2026-06-29 17:01:00,494 | FolderBuilder | Smistato strutturato: LI-ROSIGNANO MARITTIMO-90-46-602.pdf -> Campo FV 1\strade accesso esistenti
DEBUG    | 2026-06-29 17:01:00,499 | FolderBuilder | Smistato strutturato: LI-ROSIGNANO MARITTIMO-90-23.pdf -> Campo FV 1
DEBUG    | 2026-06-29 17:01:00,501 | FolderBuilder | Smistato strutturato: LI-ROSIGNANO MARITTIMO-90-23.pdf -> Campo FV 1\strade accesso esistenti
DEBUG    | 2026-06-29 17:01:00,504 | FolderBuilder | Smistato strutturato: LI-ROSIGNANO MARITTIMO-90-51.pdf -> Campo FV 17
DEBUG    | 2026-06-29 17:01:00,507 | FolderBuilder | Smistato strutturato: LI-ROSIGNANO MARITTIMO-90-51.pdf -> Campo FV 17\opere accessorie di invarianza idraulica
DEBUG    | 2026-06-29 17:01:00,509 | FolderBuilder | Smistato strutturato: LI-ROSIGNANO MARITTIMO-90-51.pdf -> Campo FV 17\cabine
DEBUG    | 2026-06-29 17:01:00,512 | FolderBuilder | Smistato strutturato: LI-ROSIGNANO MARITTIMO-90-51.pdf -> Campo FV 17\strade accesso esistenti
DEBUG    | 2026-06-29 17:01:00,515 | FolderBuilder | Smistato strutturato: LI-ROSIGNANO MARITTIMO-90-51.pdf -> Campo FV 17\cancelli ingresso
DEBUG    | 2026-06-29 17:01:00,517 | FolderBuilder | Smistato strutturato: LI-ROSIGNANO MARITTIMO-90-51.pdf -> Campo FV 17\stradelle in progetto esterne impianto
DEBUG    | 2026-06-29 17:01:00,520 | FolderBuilder | Smistato strutturato: LI-ROSIGNANO MARITTIMO-90-51.pdf -> Campo FV 17\opere di invarianza idraulica
DEBUG    | 2026-06-29 17:01:00,524 | FolderBuilder | Smistato strutturato: LI-ROSIGNANO MARITTIMO-90-13-AA.pdf -> Campo FV 17
DEBUG    | 2026-06-29 17:01:00,527 | FolderBuilder | Smistato strutturato: LI-ROSIGNANO MARITTIMO-90-13-AA.pdf -> Campo FV 17\opere di invarianza idraulica
DEBUG    | 2026-06-29 17:01:00,530 | FolderBuilder | Smistato strutturato: LI-ROSIGNANO MARITTIMO-90-13-AA.pdf -> Campo FV 17\strade accesso esistenti
DEBUG    | 2026-06-29 17:01:00,533 | FolderBuilder | Smistato strutturato: LI-ROSIGNANO MARITTIMO-90-13-AA.pdf -> Campo FV 17\opere accessorie di invarianza idraulica
DEBUG    | 2026-06-29 17:01:00,537 | FolderBuilder | Smistato strutturato: LI-ROSIGNANO MARITTIMO-90-13-AB.pdf -> Campo FV 17
DEBUG    | 2026-06-29 17:01:00,540 | FolderBuilder | Smistato strutturato: LI-ROSIGNANO MARITTIMO-90-13-AB.pdf -> Campo FV 17\opere di invarianza idraulica
DEBUG    | 2026-06-29 17:01:00,544 | FolderBuilder | Smistato strutturato: LI-ROSIGNANO MARITTIMO-90-13-AB.pdf -> Campo FV 17\strade accesso esistenti
DEBUG    | 2026-06-29 17:01:00,547 | FolderBuilder | Smistato strutturato: LI-ROSIGNANO MARITTIMO-90-13-AB.pdf -> Campo FV 17\opere accessorie di invarianza idraulica
DEBUG    | 2026-06-29 17:01:00,552 | FolderBuilder | Smistato strutturato: LI-ROSIGNANO MARITTIMO-92-5-AA.pdf -> Campo FV 2
DEBUG    | 2026-06-29 17:01:00,555 | FolderBuilder | Smistato strutturato: LI-ROSIGNANO MARITTIMO-92-5-AA.pdf -> Campo FV 2\strade accesso esistenti
DEBUG    | 2026-06-29 17:01:00,558 | FolderBuilder | Smistato strutturato: LI-ROSIGNANO MARITTIMO-92-5-AA.pdf -> Campo FV 2\opere accessorie di invarianza idraulica
DEBUG    | 2026-06-29 17:01:00,562 | FolderBuilder | Smistato strutturato: LI-ROSIGNANO MARITTIMO-92-5-AB.pdf -> Campo FV 2
DEBUG    | 2026-06-29 17:01:00,564 | FolderBuilder | Smistato strutturato: LI-ROSIGNANO MARITTIMO-92-5-AB.pdf -> Campo FV 2\strade accesso esistenti
DEBUG    | 2026-06-29 17:01:00,567 | FolderBuilder | Smistato strutturato: LI-ROSIGNANO MARITTIMO-92-5-AB.pdf -> Campo FV 2\opere accessorie di invarianza idraulica
DEBUG    | 2026-06-29 17:01:00,572 | FolderBuilder | Smistato strutturato: LI-ROSIGNANO MARITTIMO-92-6.pdf -> Campo FV 2
DEBUG    | 2026-06-29 17:01:00,575 | FolderBuilder | Smistato strutturato: LI-ROSIGNANO MARITTIMO-92-6.pdf -> Campo FV 2\opere di invarianza idraulica
DEBUG    | 2026-06-29 17:01:00,578 | FolderBuilder | Smistato strutturato: LI-ROSIGNANO MARITTIMO-92-6.pdf -> Campo FV 2\strade accesso esistenti
DEBUG    | 2026-06-29 17:01:00,582 | FolderBuilder | Smistato strutturato: LI-ROSIGNANO MARITTIMO-92-6.pdf -> Campo FV 2\opere accessorie di invarianza idraulica
DEBUG    | 2026-06-29 17:01:00,586 | FolderBuilder | Smistato strutturato: LI-ROSIGNANO MARITTIMO-92-10-AA.pdf -> Campo FV 2
DEBUG    | 2026-06-29 17:01:00,589 | FolderBuilder | Smistato strutturato: LI-ROSIGNANO MARITTIMO-92-10-AB.pdf -> Campo FV 2
DEBUG    | 2026-06-29 17:01:00,592 | FolderBuilder | Smistato strutturato: LI-ROSIGNANO MARITTIMO-92-9.pdf -> Campo FV 2
DEBUG    | 2026-06-29 17:01:00,595 | FolderBuilder | Smistato strutturato: LI-ROSIGNANO MARITTIMO-92-9.pdf -> Campo FV 2\opere di invarianza idraulica
DEBUG    | 2026-06-29 17:01:00,599 | FolderBuilder | Smistato strutturato: LI-ROSIGNANO MARITTIMO-92-44.pdf -> Campo FV 2
DEBUG    | 2026-06-29 17:01:00,603 | FolderBuilder | Smistato strutturato: LI-ROSIGNANO MARITTIMO-92-11-AA.pdf -> Campo FV 2
DEBUG    | 2026-06-29 17:01:00,607 | FolderBuilder | Smistato strutturato: LI-ROSIGNANO MARITTIMO-92-11-AA.pdf -> Campo FV 2\cabine
DEBUG    | 2026-06-29 17:01:00,610 | FolderBuilder | Smistato strutturato: LI-ROSIGNANO MARITTIMO-92-11-AA.pdf -> Campo FV 2\cancelli ingresso
DEBUG    | 2026-06-29 17:01:00,614 | FolderBuilder | Smistato strutturato: LI-ROSIGNANO MARITTIMO-92-11-AA.pdf -> Campo FV 2\stradelle in progetto esterne impianto
DEBUG    | 2026-06-29 17:01:00,617 | FolderBuilder | Smistato strutturato: LI-ROSIGNANO MARITTIMO-92-11-AA.pdf -> Campo FV 2\opere di invarianza idraulica
DEBUG    | 2026-06-29 17:01:00,621 | FolderBuilder | Smistato strutturato: LI-ROSIGNANO MARITTIMO-92-11-AB.pdf -> Campo FV 2
DEBUG    | 2026-06-29 17:01:00,624 | FolderBuilder | Smistato strutturato: LI-ROSIGNANO MARITTIMO-92-11-AB.pdf -> Campo FV 2\opere di invarianza idraulica
DEBUG    | 2026-06-29 17:01:00,627 | FolderBuilder | Smistato strutturato: LI-ROSIGNANO MARITTIMO-92-11-AB.pdf -> Campo FV 2\stradelle in progetto esterne impianto
DEBUG    | 2026-06-29 17:01:00,631 | FolderBuilder | Smistato strutturato: LI-ROSIGNANO MARITTIMO-92-11-AC.pdf -> Campo FV 2
DEBUG    | 2026-06-29 17:01:00,634 | FolderBuilder | Smistato strutturato: LI-ROSIGNANO MARITTIMO-92-11-AC.pdf -> Campo FV 2\opere di invarianza idraulica
DEBUG    | 2026-06-29 17:01:00,636 | FolderBuilder | Smistato strutturato: LI-ROSIGNANO MARITTIMO-92-11-AC.pdf -> Campo FV 2\stradelle in progetto esterne impianto
DEBUG    | 2026-06-29 17:01:00,640 | FolderBuilder | Smistato strutturato: LI-ROSIGNANO MARITTIMO-92-39.pdf -> Campo FV 2
DEBUG    | 2026-06-29 17:01:00,646 | FolderBuilder | Smistato strutturato: LI-ROSIGNANO MARITTIMO-98-138.pdf -> Campo FV 3+4
DEBUG    | 2026-06-29 17:01:00,649 | FolderBuilder | Smistato strutturato: LI-ROSIGNANO MARITTIMO-98-139.pdf -> Campo FV 3+4
DEBUG    | 2026-06-29 17:01:00,653 | FolderBuilder | Smistato strutturato: LI-ROSIGNANO MARITTIMO-98-154.pdf -> Campo FV 3+4
DEBUG    | 2026-06-29 17:01:00,656 | FolderBuilder | Smistato strutturato: LI-ROSIGNANO MARITTIMO-98-154.pdf -> Campo FV 3+4\opere di invarianza idraulica
DEBUG    | 2026-06-29 17:01:00,660 | FolderBuilder | Smistato strutturato: LI-ROSIGNANO MARITTIMO-98-154.pdf -> Campo FV 3+4\strade accesso esistenti
DEBUG    | 2026-06-29 17:01:00,664 | FolderBuilder | Smistato strutturato: LI-ROSIGNANO MARITTIMO-98-155.pdf -> Campo FV 3+4
DEBUG    | 2026-06-29 17:01:00,666 | FolderBuilder | Smistato strutturato: LI-ROSIGNANO MARITTIMO-98-155.pdf -> Campo FV 3+4\strade accesso esistenti
DEBUG    | 2026-06-29 17:01:00,670 | FolderBuilder | Smistato strutturato: LI-ROSIGNANO MARITTIMO-98-44.pdf -> Campo FV 3+4
DEBUG    | 2026-06-29 17:01:00,672 | FolderBuilder | Smistato strutturato: LI-ROSIGNANO MARITTIMO-98-44.pdf -> Campo FV 3+4\strade accesso esistenti
DEBUG    | 2026-06-29 17:01:00,677 | FolderBuilder | Smistato strutturato: LI-ROSIGNANO MARITTIMO-98-153.pdf -> Campo FV 3+4
DEBUG    | 2026-06-29 17:01:00,681 | FolderBuilder | Smistato strutturato: LI-ROSIGNANO MARITTIMO-98-153.pdf -> Campo FV 3+4\opere accessorie di invarianza idraulica
DEBUG    | 2026-06-29 17:01:00,684 | FolderBuilder | Smistato strutturato: LI-ROSIGNANO MARITTIMO-98-153.pdf -> Campo FV 3+4\cabine
DEBUG    | 2026-06-29 17:01:00,686 | FolderBuilder | Smistato strutturato: LI-ROSIGNANO MARITTIMO-98-153.pdf -> Campo FV 3+4\strade accesso esistenti
DEBUG    | 2026-06-29 17:01:00,689 | FolderBuilder | Smistato strutturato: LI-ROSIGNANO MARITTIMO-98-153.pdf -> Campo FV 3+4\cancelli ingresso
DEBUG    | 2026-06-29 17:01:00,693 | FolderBuilder | Smistato strutturato: LI-ROSIGNANO MARITTIMO-98-153.pdf -> Campo FV 3+4\opere di invarianza idraulica
DEBUG    | 2026-06-29 17:01:00,698 | FolderBuilder | Smistato strutturato: LI-ROSIGNANO MARITTIMO-98-8-AA.pdf -> Campo FV 3+4
DEBUG    | 2026-06-29 17:01:00,700 | FolderBuilder | Smistato strutturato: LI-ROSIGNANO MARITTIMO-98-8-AA.pdf -> Campo FV 3+4\opere di invarianza idraulica
DEBUG    | 2026-06-29 17:01:00,704 | FolderBuilder | Smistato strutturato: LI-ROSIGNANO MARITTIMO-98-8-AB.pdf -> Campo FV 3+4
DEBUG    | 2026-06-29 17:01:00,706 | FolderBuilder | Smistato strutturato: LI-ROSIGNANO MARITTIMO-98-8-AB.pdf -> Campo FV 3+4\opere di invarianza idraulica
DEBUG    | 2026-06-29 17:01:00,712 | FolderBuilder | Smistato strutturato: LI-ROSIGNANO MARITTIMO-98-40.pdf -> Campo FV 3+4
DEBUG    | 2026-06-29 17:01:00,716 | FolderBuilder | Smistato strutturato: LI-ROSIGNANO MARITTIMO-98-40.pdf -> Campo FV 3+4\opere di invarianza idraulica
DEBUG    | 2026-06-29 17:01:00,720 | FolderBuilder | Smistato strutturato: LI-ROSIGNANO MARITTIMO-98-161.pdf -> Campo FV 3+4
DEBUG    | 2026-06-29 17:01:00,723 | FolderBuilder | Smistato strutturato: LI-ROSIGNANO MARITTIMO-98-161.pdf -> Campo FV 3+4\opere accessorie di invarianza idraulica
DEBUG    | 2026-06-29 17:01:00,727 | FolderBuilder | Smistato strutturato: LI-ROSIGNANO MARITTIMO-98-161.pdf -> Campo FV 3+4\cabine
DEBUG    | 2026-06-29 17:01:00,730 | FolderBuilder | Smistato strutturato: LI-ROSIGNANO MARITTIMO-98-161.pdf -> Campo FV 3+4\strade accesso esistenti
DEBUG    | 2026-06-29 17:01:00,734 | FolderBuilder | Smistato strutturato: LI-ROSIGNANO MARITTIMO-98-161.pdf -> Campo FV 3+4\opere di invarianza idraulica
DEBUG    | 2026-06-29 17:01:00,738 | FolderBuilder | Smistato strutturato: LI-ROSIGNANO MARITTIMO-98-162.pdf -> Campo FV 3+4
DEBUG    | 2026-06-29 17:01:00,742 | FolderBuilder | Smistato strutturato: LI-ROSIGNANO MARITTIMO-98-163.pdf -> Campo FV 3+4
DEBUG    | 2026-06-29 17:01:00,745 | FolderBuilder | Smistato strutturato: LI-ROSIGNANO MARITTIMO-98-163.pdf -> Campo FV 3+4\opere accessorie di invarianza idraulica
DEBUG    | 2026-06-29 17:01:00,748 | FolderBuilder | Smistato strutturato: LI-ROSIGNANO MARITTIMO-98-163.pdf -> Campo FV 3+4\cabine
DEBUG    | 2026-06-29 17:01:00,750 | FolderBuilder | Smistato strutturato: LI-ROSIGNANO MARITTIMO-98-163.pdf -> Campo FV 3+4\strade accesso esistenti
DEBUG    | 2026-06-29 17:01:00,755 | FolderBuilder | Smistato strutturato: LI-ROSIGNANO MARITTIMO-98-163.pdf -> Campo FV 3+4\cancelli ingresso
DEBUG    | 2026-06-29 17:01:00,762 | FolderBuilder | Smistato strutturato: LI-ROSIGNANO MARITTIMO-98-163.pdf -> Campo FV 3+4\stradelle in progetto esterne impianto
DEBUG    | 2026-06-29 17:01:00,765 | FolderBuilder | Smistato strutturato: LI-ROSIGNANO MARITTIMO-98-163.pdf -> Campo FV 3+4\opere di invarianza idraulica
DEBUG    | 2026-06-29 17:01:00,771 | FolderBuilder | Smistato strutturato: LI-ROSIGNANO MARITTIMO-98-46.pdf -> Campo FV 3+4
DEBUG    | 2026-06-29 17:01:00,774 | FolderBuilder | Smistato strutturato: LI-ROSIGNANO MARITTIMO-98-46.pdf -> Campo FV 3+4\strade accesso esistenti
DEBUG    | 2026-06-29 17:01:00,779 | FolderBuilder | Smistato strutturato: LI-ROSIGNANO MARITTIMO-98-45.pdf -> Campo FV 5
DEBUG    | 2026-06-29 17:01:00,782 | FolderBuilder | Smistato strutturato: LI-ROSIGNANO MARITTIMO-98-85.pdf -> Campo FV 5
DEBUG    | 2026-06-29 17:01:00,784 | FolderBuilder | Smistato strutturato: LI-ROSIGNANO MARITTIMO-98-85.pdf -> Campo FV 5\opere accessorie di invarianza idraulica
DEBUG    | 2026-06-29 17:01:00,787 | FolderBuilder | Smistato strutturato: LI-ROSIGNANO MARITTIMO-98-85.pdf -> Campo FV 5\cabine
DEBUG    | 2026-06-29 17:01:00,789 | FolderBuilder | Smistato strutturato: LI-ROSIGNANO MARITTIMO-98-85.pdf -> Campo FV 5\strade accesso esistenti
DEBUG    | 2026-06-29 17:01:00,792 | FolderBuilder | Smistato strutturato: LI-ROSIGNANO MARITTIMO-98-85.pdf -> Campo FV 5\cancelli ingresso
DEBUG    | 2026-06-29 17:01:00,795 | FolderBuilder | Smistato strutturato: LI-ROSIGNANO MARITTIMO-98-85.pdf -> Campo FV 5\stradelle in progetto esterne impianto
DEBUG    | 2026-06-29 17:01:00,798 | FolderBuilder | Smistato strutturato: LI-ROSIGNANO MARITTIMO-98-85.pdf -> Campo FV 5\opere di invarianza idraulica
DEBUG    | 2026-06-29 17:01:00,802 | FolderBuilder | Smistato strutturato: LI-ROSIGNANO MARITTIMO-98-86.pdf -> Campo FV 5
DEBUG    | 2026-06-29 17:01:00,804 | FolderBuilder | Smistato strutturato: LI-ROSIGNANO MARITTIMO-98-86.pdf -> Campo FV 5\opere accessorie di invarianza idraulica
DEBUG    | 2026-06-29 17:01:00,806 | FolderBuilder | Smistato strutturato: LI-ROSIGNANO MARITTIMO-98-86.pdf -> Campo FV 5\cabine
DEBUG    | 2026-06-29 17:01:00,808 | FolderBuilder | Smistato strutturato: LI-ROSIGNANO MARITTIMO-98-86.pdf -> Campo FV 5\strade accesso esistenti
DEBUG    | 2026-06-29 17:01:00,812 | FolderBuilder | Smistato strutturato: LI-ROSIGNANO MARITTIMO-98-86.pdf -> Campo FV 5\opere di invarianza idraulica
DEBUG    | 2026-06-29 17:01:00,815 | FolderBuilder | Smistato strutturato: LI-ROSIGNANO MARITTIMO-98-87.pdf -> Campo FV 5
DEBUG    | 2026-06-29 17:01:00,818 | FolderBuilder | Smistato strutturato: LI-ROSIGNANO MARITTIMO-98-87.pdf -> Campo FV 5\strade accesso esistenti
DEBUG    | 2026-06-29 17:01:00,821 | FolderBuilder | Smistato strutturato: LI-ROSIGNANO MARITTIMO-102-302.pdf -> Campo FV 5
DEBUG    | 2026-06-29 17:01:00,823 | FolderBuilder | Smistato strutturato: LI-ROSIGNANO MARITTIMO-102-302.pdf -> Campo FV 5\strade accesso esistenti
DEBUG    | 2026-06-29 17:01:00,828 | FolderBuilder | Smistato strutturato: LI-ROSIGNANO MARITTIMO-102-303.pdf -> Campo FV 5
DEBUG    | 2026-06-29 17:01:00,832 | FolderBuilder | Smistato strutturato: LI-ROSIGNANO MARITTIMO-102-300.pdf -> Campo FV 5
DEBUG    | 2026-06-29 17:01:00,835 | FolderBuilder | Smistato strutturato: LI-ROSIGNANO MARITTIMO-102-300.pdf -> Campo FV 5\opere di invarianza idraulica
DEBUG    | 2026-06-29 17:01:00,838 | FolderBuilder | Smistato strutturato: LI-ROSIGNANO MARITTIMO-102-300.pdf -> Campo FV 5\strade accesso esistenti
DEBUG    | 2026-06-29 17:01:00,840 | FolderBuilder | Smistato strutturato: LI-ROSIGNANO MARITTIMO-102-300.pdf -> Campo FV 5\opere accessorie di invarianza idraulica
DEBUG    | 2026-06-29 17:01:00,845 | FolderBuilder | Smistato strutturato: LI-ROSIGNANO MARITTIMO-102-301.pdf -> Campo FV 5
DEBUG    | 2026-06-29 17:01:00,847 | FolderBuilder | Smistato strutturato: LI-ROSIGNANO MARITTIMO-102-301.pdf -> Campo FV 5\opere accessorie di invarianza idraulica
DEBUG    | 2026-06-29 17:01:00,850 | FolderBuilder | Smistato strutturato: LI-ROSIGNANO MARITTIMO-102-301.pdf -> Campo FV 5\cabine
DEBUG    | 2026-06-29 17:01:00,852 | FolderBuilder | Smistato strutturato: LI-ROSIGNANO MARITTIMO-102-301.pdf -> Campo FV 5\strade accesso esistenti
DEBUG    | 2026-06-29 17:01:00,854 | FolderBuilder | Smistato strutturato: LI-ROSIGNANO MARITTIMO-102-301.pdf -> Campo FV 5\cancelli ingresso
DEBUG    | 2026-06-29 17:01:00,856 | FolderBuilder | Smistato strutturato: LI-ROSIGNANO MARITTIMO-102-301.pdf -> Campo FV 5\stradelle in progetto esterne impianto
DEBUG    | 2026-06-29 17:01:00,859 | FolderBuilder | Smistato strutturato: LI-ROSIGNANO MARITTIMO-102-301.pdf -> Campo FV 5\opere di invarianza idraulica
DEBUG    | 2026-06-29 17:01:00,863 | FolderBuilder | Smistato strutturato: LI-ROSIGNANO MARITTIMO-102-350.pdf -> Campo FV 5
DEBUG    | 2026-06-29 17:01:00,871 | FolderBuilder | Smistato strutturato: LI-ROSIGNANO MARITTIMO-98-79.pdf -> Campo FV 7
DEBUG    | 2026-06-29 17:01:00,874 | FolderBuilder | Smistato strutturato: LI-ROSIGNANO MARITTIMO-98-79.pdf -> Campo FV 7\opere accessorie di invarianza idraulica
DEBUG    | 2026-06-29 17:01:00,878 | FolderBuilder | Smistato strutturato: LI-ROSIGNANO MARITTIMO-98-79.pdf -> Campo FV 7\strade accesso esistenti
DEBUG    | 2026-06-29 17:01:00,881 | FolderBuilder | Smistato strutturato: LI-ROSIGNANO MARITTIMO-98-79.pdf -> Campo FV 7\cancelli ingresso
DEBUG    | 2026-06-29 17:01:00,884 | FolderBuilder | Smistato strutturato: LI-ROSIGNANO MARITTIMO-98-79.pdf -> Campo FV 7\stradelle in progetto esterne impianto
DEBUG    | 2026-06-29 17:01:00,886 | FolderBuilder | Smistato strutturato: LI-ROSIGNANO MARITTIMO-98-79.pdf -> Campo FV 7\opere di invarianza idraulica
DEBUG    | 2026-06-29 17:01:00,889 | FolderBuilder | Smistato strutturato: LI-ROSIGNANO MARITTIMO-98-81.pdf -> Campo FV 7
DEBUG    | 2026-06-29 17:01:00,893 | FolderBuilder | Smistato strutturato: LI-ROSIGNANO MARITTIMO-98-81.pdf -> Campo FV 7\opere accessorie di invarianza idraulica
DEBUG    | 2026-06-29 17:01:00,896 | FolderBuilder | Smistato strutturato: LI-ROSIGNANO MARITTIMO-98-81.pdf -> Campo FV 7\cabine
DEBUG    | 2026-06-29 17:01:00,900 | FolderBuilder | Smistato strutturato: LI-ROSIGNANO MARITTIMO-98-81.pdf -> Campo FV 7\strade accesso esistenti
DEBUG    | 2026-06-29 17:01:00,902 | FolderBuilder | Smistato strutturato: LI-ROSIGNANO MARITTIMO-98-81.pdf -> Campo FV 7\cancelli ingresso
DEBUG    | 2026-06-29 17:01:00,904 | FolderBuilder | Smistato strutturato: LI-ROSIGNANO MARITTIMO-98-81.pdf -> Campo FV 7\stradelle in progetto esterne impianto
DEBUG    | 2026-06-29 17:01:00,907 | FolderBuilder | Smistato strutturato: LI-ROSIGNANO MARITTIMO-98-81.pdf -> Campo FV 7\opere di invarianza idraulica
DEBUG    | 2026-06-29 17:01:00,911 | FolderBuilder | Smistato strutturato: LI-ROSIGNANO MARITTIMO-98-101.pdf -> Campo AGRO 7
WARNING  | 2026-06-29 17:01:00,912 | FolderBuilder | File PDF non trovato in cache per la chiave: ROSIGNANO MARITTIMO_98_13_AA_NCT (Impossibile smistare)
DEBUG    | 2026-06-29 17:01:00,916 | FolderBuilder | Smistato strutturato: LI-ROSIGNANO MARITTIMO-98-13-AB.pdf -> Campo AGRO 7
DEBUG    | 2026-06-29 17:01:00,920 | FolderBuilder | Smistato strutturato: LI-ROSIGNANO MARITTIMO-98-16.pdf -> Campo AGRO 7
DEBUG    | 2026-06-29 17:01:00,922 | FolderBuilder | Smistato strutturato: LI-ROSIGNANO MARITTIMO-98-16.pdf -> Campo AGRO 7\opere accessorie di invarianza idraulica
DEBUG    | 2026-06-29 17:01:00,931 | FolderBuilder | Smistato strutturato: LI-ROSIGNANO MARITTIMO-98-16.pdf -> Campo AGRO 7\cabine
DEBUG    | 2026-06-29 17:01:00,934 | FolderBuilder | Smistato strutturato: LI-ROSIGNANO MARITTIMO-98-16.pdf -> Campo AGRO 7\strade accesso esistenti
DEBUG    | 2026-06-29 17:01:00,937 | FolderBuilder | Smistato strutturato: LI-ROSIGNANO MARITTIMO-98-16.pdf -> Campo AGRO 7\cancelli ingresso
DEBUG    | 2026-06-29 17:01:00,940 | FolderBuilder | Smistato strutturato: LI-ROSIGNANO MARITTIMO-98-16.pdf -> Campo AGRO 7\stradelle in progetto esterne impianto
DEBUG    | 2026-06-29 17:01:00,943 | FolderBuilder | Smistato strutturato: LI-ROSIGNANO MARITTIMO-98-16.pdf -> Campo AGRO 7\opere di invarianza idraulica
DEBUG    | 2026-06-29 17:01:00,947 | FolderBuilder | Smistato strutturato: LI-ROSIGNANO MARITTIMO-98-4-AA.pdf -> Campo AGRO 7
DEBUG    | 2026-06-29 17:01:00,950 | FolderBuilder | Smistato strutturato: LI-ROSIGNANO MARITTIMO-98-4-AA.pdf -> Campo AGRO 7\opere di invarianza idraulica
DEBUG    | 2026-06-29 17:01:00,953 | FolderBuilder | Smistato strutturato: LI-ROSIGNANO MARITTIMO-98-4-AB.pdf -> Campo AGRO 7
DEBUG    | 2026-06-29 17:01:00,956 | FolderBuilder | Smistato strutturato: LI-ROSIGNANO MARITTIMO-98-4-AB.pdf -> Campo AGRO 7\opere di invarianza idraulica
WARNING  | 2026-06-29 17:01:00,956 | FolderBuilder | File PDF non trovato in cache per la chiave: ROSIGNANO MARITTIMO_98_17_AA_NCT (Impossibile smistare)
WARNING  | 2026-06-29 17:01:00,956 | FolderBuilder | File PDF non trovato in cache per la chiave: ROSIGNANO MARITTIMO_98_17_AB_NCT (Impossibile smistare)
DEBUG    | 2026-06-29 17:01:00,963 | FolderBuilder | Smistato strutturato: LI-ROSIGNANO MARITTIMO-98-171.pdf -> Campo AGRO 9
DEBUG    | 2026-06-29 17:01:00,966 | FolderBuilder | Smistato strutturato: LI-ROSIGNANO MARITTIMO-98-171.pdf -> Campo AGRO 9\cabine
DEBUG    | 2026-06-29 17:01:00,969 | FolderBuilder | Smistato strutturato: LI-ROSIGNANO MARITTIMO-98-171.pdf -> Campo AGRO 9\cancelli ingresso
DEBUG    | 2026-06-29 17:01:00,972 | FolderBuilder | Smistato strutturato: LI-ROSIGNANO MARITTIMO-98-171.pdf -> Campo AGRO 9\stradelle in progetto esterne impianto
DEBUG    | 2026-06-29 17:01:00,977 | FolderBuilder | Smistato strutturato: LI-ROSIGNANO MARITTIMO-98-171.pdf -> Campo AGRO 9\opere di invarianza idraulica
WARNING  | 2026-06-29 17:01:00,977 | FolderBuilder | File PDF non trovato in cache per la chiave: ROSIGNANO MARITTIMO_98_29_AA_NCT (Impossibile smistare)
WARNING  | 2026-06-29 17:01:00,978 | FolderBuilder | File PDF non trovato in cache per la chiave: ROSIGNANO MARITTIMO_98_29_AB_NCT (Impossibile smistare)
DEBUG    | 2026-06-29 17:01:00,983 | FolderBuilder | Smistato strutturato: LI-ROSIGNANO MARITTIMO-98-142-AA.pdf -> Campo AGRO 9
DEBUG    | 2026-06-29 17:01:00,985 | FolderBuilder | Smistato strutturato: LI-ROSIGNANO MARITTIMO-98-142-AA.pdf -> Campo AGRO 9\opere di invarianza idraulica
DEBUG    | 2026-06-29 17:01:00,989 | FolderBuilder | Smistato strutturato: LI-ROSIGNANO MARITTIMO-98-142-AA.pdf -> Campo AGRO 9\cancelli ingresso
DEBUG    | 2026-06-29 17:01:00,994 | FolderBuilder | Smistato strutturato: LI-ROSIGNANO MARITTIMO-98-142-AA.pdf -> Campo AGRO 9\cabine
WARNING  | 2026-06-29 17:01:00,994 | FolderBuilder | File PDF non trovato in cache per la chiave: ROSIGNANO MARITTIMO_98_142_AB_NCT (Impossibile smistare)
WARNING  | 2026-06-29 17:01:00,995 | FolderBuilder | File PDF non trovato in cache per la chiave: ROSIGNANO MARITTIMO_98_31_AA_NCT (Impossibile smistare)
WARNING  | 2026-06-29 17:01:00,996 | FolderBuilder | File PDF non trovato in cache per la chiave: ROSIGNANO MARITTIMO_98_31_AB_NCT (Impossibile smistare)
DEBUG    | 2026-06-29 17:01:01,002 | FolderBuilder | Smistato strutturato: LI-ROSIGNANO MARITTIMO-98-144.pdf -> Campo AGRO 9
DEBUG    | 2026-06-29 17:01:01,005 | FolderBuilder | Smistato strutturato: LI-ROSIGNANO MARITTIMO-98-144.pdf -> Campo AGRO 9\opere accessorie di invarianza idraulica
DEBUG    | 2026-06-29 17:01:01,011 | FolderBuilder | Smistato strutturato: LI-ROSIGNANO MARITTIMO-98-144.pdf -> Campo AGRO 9\strade accesso esistenti
DEBUG    | 2026-06-29 17:01:01,016 | FolderBuilder | Smistato strutturato: LI-ROSIGNANO MARITTIMO-98-144.pdf -> Campo AGRO 9\cancelli ingresso
DEBUG    | 2026-06-29 17:01:01,018 | FolderBuilder | Smistato strutturato: LI-ROSIGNANO MARITTIMO-98-144.pdf -> Campo AGRO 9\stradelle in progetto esterne impianto
DEBUG    | 2026-06-29 17:01:01,021 | FolderBuilder | Smistato strutturato: LI-ROSIGNANO MARITTIMO-98-144.pdf -> Campo AGRO 9\opere di invarianza idraulica
WARNING  | 2026-06-29 17:01:01,021 | FolderBuilder | File PDF non trovato in cache per la chiave: ROSIGNANO MARITTIMO_98_32_NCT (Impossibile smistare)
WARNING  | 2026-06-29 17:01:01,022 | FolderBuilder | File PDF non trovato in cache per la chiave: ROSIGNANO MARITTIMO_98_114_NCT (Impossibile smistare)
DEBUG    | 2026-06-29 17:01:01,030 | FolderBuilder | Smistato strutturato: LI-ROSIGNANO MARITTIMO-98-146.pdf -> Campo FV 8
DEBUG    | 2026-06-29 17:01:01,034 | FolderBuilder | Smistato strutturato: LI-ROSIGNANO MARITTIMO-98-146.pdf -> Campo FV 8\cabine
DEBUG    | 2026-06-29 17:01:01,037 | FolderBuilder | Smistato strutturato: LI-ROSIGNANO MARITTIMO-98-146.pdf -> Campo FV 8\strade accesso esistenti
DEBUG    | 2026-06-29 17:01:01,040 | FolderBuilder | Smistato strutturato: LI-ROSIGNANO MARITTIMO-98-146.pdf -> Campo FV 8\cancelli ingresso
DEBUG    | 2026-06-29 17:01:01,046 | FolderBuilder | Smistato strutturato: LI-ROSIGNANO MARITTIMO-98-146.pdf -> Campo FV 8\stradelle in progetto esterne impianto
DEBUG    | 2026-06-29 17:01:01,050 | FolderBuilder | Smistato strutturato: LI-ROSIGNANO MARITTIMO-98-146.pdf -> Campo FV 8\opere di invarianza idraulica
WARNING  | 2026-06-29 17:01:01,050 | FolderBuilder | File PDF non trovato in cache per la chiave: ROSIGNANO MARITTIMO_98_168_NCT (Impossibile smistare)
WARNING  | 2026-06-29 17:01:01,050 | FolderBuilder | File PDF non trovato in cache per la chiave: ROSIGNANO MARITTIMO_98_118_NCT (Impossibile smistare)
WARNING  | 2026-06-29 17:01:01,051 | FolderBuilder | File PDF non trovato in cache per la chiave: ROSIGNANO MARITTIMO_81_1138_NCT (Impossibile smistare)
WARNING  | 2026-06-29 17:01:01,052 | FolderBuilder | File PDF non trovato in cache per la chiave: ROSIGNANO MARITTIMO_81_1143_NCF (Impossibile smistare)
WARNING  | 2026-06-29 17:01:01,058 | FolderBuilder | File PDF non trovato in cache per la chiave: ROSIGNANO MARITTIMO_86_673_NCF (Impossibile smistare)
WARNING  | 2026-06-29 17:01:01,060 | FolderBuilder | File PDF non trovato in cache per la chiave: ROSIGNANO MARITTIMO_86_50_NCT (Impossibile smistare)
WARNING  | 2026-06-29 17:01:01,061 | FolderBuilder | File PDF non trovato in cache per la chiave: ROSIGNANO MARITTIMO_86_49_NCT (Impossibile smistare)
WARNING  | 2026-06-29 17:01:01,063 | FolderBuilder | File PDF non trovato in cache per la chiave: ROSIGNANO MARITTIMO_86_35_NCT (Impossibile smistare)
WARNING  | 2026-06-29 17:01:01,068 | FolderBuilder | File PDF non trovato in cache per la chiave: ROSIGNANO MARITTIMO_86_543_NCT (Impossibile smistare)
WARNING  | 2026-06-29 17:01:01,072 | FolderBuilder | File PDF non trovato in cache per la chiave: ROSIGNANO MARITTIMO_86_581_NCT (Impossibile smistare)
WARNING  | 2026-06-29 17:01:01,073 | FolderBuilder | File PDF non trovato in cache per la chiave: ROSIGNANO MARITTIMO_86_584_610_NCT (Impossibile smistare)
WARNING  | 2026-06-29 17:01:01,074 | FolderBuilder | File PDF non trovato in cache per la chiave: ROSIGNANO MARITTIMO_86_589_AA_NCT (Impossibile smistare)
WARNING  | 2026-06-29 17:01:01,075 | FolderBuilder | File PDF non trovato in cache per la chiave: ROSIGNANO MARITTIMO_86_589_AB_NCT (Impossibile smistare)
WARNING  | 2026-06-29 17:01:01,076 | FolderBuilder | File PDF non trovato in cache per la chiave: ROSIGNANO MARITTIMO_86_44_NCF (Impossibile smistare)
WARNING  | 2026-06-29 17:01:01,078 | FolderBuilder | File PDF non trovato in cache per la chiave: ROSIGNANO MARITTIMO_86_583_NCT (Impossibile smistare)
WARNING  | 2026-06-29 17:01:01,085 | FolderBuilder | File PDF non trovato in cache per la chiave: ROSIGNANO MARITTIMO_86_907_NCT (Impossibile smistare)
WARNING  | 2026-06-29 17:01:01,087 | FolderBuilder | File PDF non trovato in cache per la chiave: ROSIGNANO MARITTIMO_86_908_NCT (Impossibile smistare)
WARNING  | 2026-06-29 17:01:01,088 | FolderBuilder | File PDF non trovato in cache per la chiave: ROSIGNANO MARITTIMO_86_797_NCT (Impossibile smistare)
WARNING  | 2026-06-29 17:01:01,089 | FolderBuilder | File PDF non trovato in cache per la chiave: ROSIGNANO MARITTIMO_86_120_NCT (Impossibile smistare)
WARNING  | 2026-06-29 17:01:01,091 | FolderBuilder | File PDF non trovato in cache per la chiave: ROSIGNANO MARITTIMO_86_798_NCT (Impossibile smistare)
WARNING  | 2026-06-29 17:01:01,092 | FolderBuilder | File PDF non trovato in cache per la chiave: ROSIGNANO MARITTIMO_86_111_NCT (Impossibile smistare)
WARNING  | 2026-06-29 17:01:01,093 | FolderBuilder | File PDF non trovato in cache per la chiave: ROSIGNANO MARITTIMO_86_107_NCT (Impossibile smistare)
WARNING  | 2026-06-29 17:01:01,095 | FolderBuilder | File PDF non trovato in cache per la chiave: ROSIGNANO MARITTIMO_86_63_617_NCF (Impossibile smistare)
WARNING  | 2026-06-29 17:01:01,096 | FolderBuilder | File PDF non trovato in cache per la chiave: ROSIGNANO MARITTIMO_86_913_601_NCF (Impossibile smistare)
WARNING  | 2026-06-29 17:01:01,102 | FolderBuilder | File PDF non trovato in cache per la chiave: ROSIGNANO MARITTIMO_91_337_601_NCF (Impossibile smistare)
WARNING  | 2026-06-29 17:01:01,104 | FolderBuilder | File PDF non trovato in cache per la chiave: ROSIGNANO MARITTIMO_91_179_612_NCF (Impossibile smistare)
WARNING  | 2026-06-29 17:01:01,105 | FolderBuilder | File PDF non trovato in cache per la chiave: ROSIGNANO MARITTIMO_91_179_613_NCF (Impossibile smistare)
WARNING  | 2026-06-29 17:01:01,106 | FolderBuilder | File PDF non trovato in cache per la chiave: ROSIGNANO MARITTIMO_91_179_614_NCF (Impossibile smistare)
WARNING  | 2026-06-29 17:01:01,107 | FolderBuilder | File PDF non trovato in cache per la chiave: ROSIGNANO MARITTIMO_91_179_608_NCF (Impossibile smistare)
WARNING  | 2026-06-29 17:01:01,108 | FolderBuilder | File PDF non trovato in cache per la chiave: ROSIGNANO MARITTIMO_91_81_605_NCF (Impossibile smistare)
WARNING  | 2026-06-29 17:01:01,110 | FolderBuilder | File PDF non trovato in cache per la chiave: ROSIGNANO MARITTIMO_91_81_625_NCF (Impossibile smistare)
WARNING  | 2026-06-29 17:01:01,118 | FolderBuilder | File PDF non trovato in cache per la chiave: ROSIGNANO MARITTIMO_91_314_NCT (Impossibile smistare)
WARNING  | 2026-06-29 17:01:01,119 | FolderBuilder | File PDF non trovato in cache per la chiave: ROSIGNANO MARITTIMO_91_291_610_NCT (Impossibile smistare)
WARNING  | 2026-06-29 17:01:01,120 | FolderBuilder | File PDF non trovato in cache per la chiave: ROSIGNANO MARITTIMO_85_3_NCF (Impossibile smistare)
WARNING  | 2026-06-29 17:01:01,125 | FolderBuilder | File PDF non trovato in cache per la chiave: ROSIGNANO MARITTIMO_90_69_NCT (Impossibile smistare)
WARNING  | 2026-06-29 17:01:01,127 | FolderBuilder | File PDF non trovato in cache per la chiave: ROSIGNANO MARITTIMO_92_46_NCT (Impossibile smistare)
WARNING  | 2026-06-29 17:01:01,134 | FolderBuilder | File PDF non trovato in cache per la chiave: ROSIGNANO MARITTIMO_92_45_NCT (Impossibile smistare)
WARNING  | 2026-06-29 17:01:01,136 | FolderBuilder | File PDF non trovato in cache per la chiave: ROSIGNANO MARITTIMO_92_26_NCT (Impossibile smistare)
WARNING  | 2026-06-29 17:01:01,137 | FolderBuilder | File PDF non trovato in cache per la chiave: ROSIGNANO MARITTIMO_92_22_NCT (Impossibile smistare)
WARNING  | 2026-06-29 17:01:01,138 | FolderBuilder | File PDF non trovato in cache per la chiave: ROSIGNANO MARITTIMO_98_56_NCF (Impossibile smistare)
WARNING  | 2026-06-29 17:01:01,138 | FolderBuilder | File PDF non trovato in cache per la chiave: ROSIGNANO MARITTIMO_98_19_NCT (Impossibile smistare)
WARNING  | 2026-06-29 17:01:01,139 | FolderBuilder | File PDF non trovato in cache per la chiave: ROSIGNANO MARITTIMO_98_102_NCF (Impossibile smistare)
WARNING  | 2026-06-29 17:01:01,140 | FolderBuilder | File PDF non trovato in cache per la chiave: ROSIGNANO MARITTIMO_98_80_601_NCF (Impossibile smistare)
WARNING  | 2026-06-29 17:01:01,141 | FolderBuilder | File PDF non trovato in cache per la chiave: ROSIGNANO MARITTIMO_98_95_NCT (Impossibile smistare)
WARNING  | 2026-06-29 17:01:01,143 | FolderBuilder | File PDF non trovato in cache per la chiave: ROSIGNANO MARITTIMO_90_25_602_NCF (Impossibile smistare)
WARNING  | 2026-06-29 17:01:01,144 | FolderBuilder | File PDF non trovato in cache per la chiave: ROSIGNANO MARITTIMO_86_540_NCF (Impossibile smistare)
WARNING  | 2026-06-29 17:01:01,146 | FolderBuilder | File PDF non trovato in cache per la chiave: ROSIGNANO MARITTIMO_86_591_NCF (Impossibile smistare)
WARNING  | 2026-06-29 17:01:01,147 | FolderBuilder | File PDF non trovato in cache per la chiave: ROSIGNANO MARITTIMO_86_594_NCF (Impossibile smistare)
WARNING  | 2026-06-29 17:01:01,148 | FolderBuilder | File PDF non trovato in cache per la chiave: ROSIGNANO MARITTIMO_86_597_NCT (Impossibile smistare)
WARNING  | 2026-06-29 17:01:01,149 | FolderBuilder | File PDF non trovato in cache per la chiave: ROSIGNANO MARITTIMO_86_599_NCT (Impossibile smistare)
WARNING  | 2026-06-29 17:01:01,151 | FolderBuilder | File PDF non trovato in cache per la chiave: ROSIGNANO MARITTIMO_86_794_NCT (Impossibile smistare)
WARNING  | 2026-06-29 17:01:01,155 | FolderBuilder | File PDF non trovato in cache per la chiave: ROSIGNANO MARITTIMO_86_544_NCT (Impossibile smistare)
WARNING  | 2026-06-29 17:01:01,156 | FolderBuilder | File PDF non trovato in cache per la chiave: ROSIGNANO MARITTIMO_86_545_NCT (Impossibile smistare)
WARNING  | 2026-06-29 17:01:01,163 | FolderBuilder | File PDF non trovato in cache per la chiave: ROSIGNANO MARITTIMO_86_550_NCT (Impossibile smistare)
WARNING  | 2026-06-29 17:01:01,164 | FolderBuilder | File PDF non trovato in cache per la chiave: ROSIGNANO MARITTIMO_86_520_NCF (Impossibile smistare)
WARNING  | 2026-06-29 17:01:01,166 | FolderBuilder | File PDF non trovato in cache per la chiave: ROSIGNANO MARITTIMO_86_521_NCF (Impossibile smistare)
WARNING  | 2026-06-29 17:01:01,167 | FolderBuilder | File PDF non trovato in cache per la chiave: ROSIGNANO MARITTIMO_86_604_NCF (Impossibile smistare)
WARNING  | 2026-06-29 17:01:01,168 | FolderBuilder | File PDF non trovato in cache per la chiave: ROSIGNANO MARITTIMO_98_117_AA_NCT (Impossibile smistare)
WARNING  | 2026-06-29 17:01:01,169 | FolderBuilder | File PDF non trovato in cache per la chiave: ROSIGNANO MARITTIMO_98_117_AB_NCT (Impossibile smistare)
INFO     | 2026-06-29 17:01:01,170 | FolderBuilder | Smistamento completato. Effettuate 275 copie conformi nel nuovo layout d'impianto.
INFO     | 2026-06-29 17:01:01,172 | Reporters    | Avvio generazione del report unificato delle eccezioni...
INFO     | 2026-06-29 17:01:01,598 | Reporters    | ✅ Report delle eccezioni salvato con successo in: report_eccezioni_20260629_170101.xlsx
INFO     | 2026-06-29 17:01:01,598 | Reporters    |    📊 Riepilogo anomalie -> Totale: 60
INFO     | 2026-06-29 17:01:01,604 | Orchestrator | ============================================================
INFO     | 2026-06-29 17:01:01,606 | Orchestrator |          Workflow terminato. Risorse salvate e consolidate!
INFO     | 2026-06-29 17:01:01,607 | Orchestrator | ============================================================
INFO     | 2026-06-29 17:01:07,544 | Orchestrator | === [FASE 1] CARICAMENTO DATI LOCALI ===
INFO     | 2026-06-29 17:01:07,830 | Orchestrator | Righe valide: 446 | Job unici da elaborare: 167
INFO     | 2026-06-29 17:01:07,839 | Orchestrator | === [FASE 2] AVVIO AUTOMAZIONE SISTER ===
INFO     | 2026-06-29 17:01:51,075 | Orchestrator |  Finestra corretta agganciata: https://sister3.agenziaentrate.gov.it/Visure/SceltaLink.do?lista=IMM&codUfficio=LI
INFO     | 2026-06-29 17:01:51,079 | Orchestrator | [1/167] Elaborazione chiave: ROSIGNANO MARITTIMO_81_1145_NCT
INFO     | 2026-06-29 17:01:51,087 | Orchestrator |    -> Job già  presente in cache (Skip).
INFO     | 2026-06-29 17:01:51,095 | Orchestrator | [2/167] Elaborazione chiave: ROSIGNANO MARITTIMO_81_1148_NCT
INFO     | 2026-06-29 17:01:51,097 | Orchestrator |    -> Job già  presente in cache (Skip).
INFO     | 2026-06-29 17:01:51,100 | Orchestrator | [3/167] Elaborazione chiave: ROSIGNANO MARITTIMO_81_259_AA_NCT
INFO     | 2026-06-29 17:01:51,103 | Orchestrator |    -> Job già  presente in cache (Skip).
INFO     | 2026-06-29 17:01:51,105 | Orchestrator | [4/167] Elaborazione chiave: ROSIGNANO MARITTIMO_81_259_AB_NCT
INFO     | 2026-06-29 17:01:51,111 | Orchestrator |    -> Job già  presente in cache (Skip).
INFO     | 2026-06-29 17:01:51,114 | Orchestrator | [5/167] Elaborazione chiave: ROSIGNANO MARITTIMO_81_262_NCT
INFO     | 2026-06-29 17:01:51,120 | Orchestrator |    -> Job già  presente in cache (Skip).
INFO     | 2026-06-29 17:01:51,121 | Orchestrator | [6/167] Elaborazione chiave: ROSIGNANO MARITTIMO_81_1151_NCT
INFO     | 2026-06-29 17:01:51,127 | Orchestrator |    -> Job già  presente in cache (Skip).
INFO     | 2026-06-29 17:01:51,128 | Orchestrator | [7/167] Elaborazione chiave: ROSIGNANO MARITTIMO_81_1154_NCT
INFO     | 2026-06-29 17:01:51,130 | Orchestrator |    -> Job già  presente in cache (Skip).
INFO     | 2026-06-29 17:01:51,135 | Orchestrator | [8/167] Elaborazione chiave: ROSIGNANO MARITTIMO_81_1157_NCT
INFO     | 2026-06-29 17:01:51,145 | Orchestrator |    -> Job già  presente in cache (Skip).
INFO     | 2026-06-29 17:01:51,147 | Orchestrator | [9/167] Elaborazione chiave: ROSIGNANO MARITTIMO_81_1160_NCT
INFO     | 2026-06-29 17:01:51,154 | Orchestrator |    -> Job già  presente in cache (Skip).
INFO     | 2026-06-29 17:01:51,156 | Orchestrator | [10/167] Elaborazione chiave: ROSIGNANO MARITTIMO_81_1165_NCT
INFO     | 2026-06-29 17:01:51,157 | Orchestrator |    -> Job già  presente in cache (Skip).
INFO     | 2026-06-29 17:01:51,159 | Orchestrator | [11/167] Elaborazione chiave: ROSIGNANO MARITTIMO_86_717_NCT
INFO     | 2026-06-29 17:01:51,161 | Orchestrator |    -> Job già  presente in cache (Skip).
INFO     | 2026-06-29 17:01:51,162 | Orchestrator | [12/167] Elaborazione chiave: ROSIGNANO MARITTIMO_86_709_NCT
INFO     | 2026-06-29 17:01:51,164 | Orchestrator |    -> Job già  presente in cache (Skip).
INFO     | 2026-06-29 17:01:51,168 | Orchestrator | [13/167] Elaborazione chiave: ROSIGNANO MARITTIMO_86_706_NCT
INFO     | 2026-06-29 17:01:51,171 | Orchestrator |    -> Job già  presente in cache (Skip).
INFO     | 2026-06-29 17:01:51,172 | Orchestrator | [14/167] Elaborazione chiave: ROSIGNANO MARITTIMO_86_799_NCT
INFO     | 2026-06-29 17:01:51,179 | Orchestrator |    -> Job già  presente in cache (Skip).
INFO     | 2026-06-29 17:01:51,182 | Orchestrator | [15/167] Elaborazione chiave: ROSIGNANO MARITTIMO_86_714_NCT
INFO     | 2026-06-29 17:01:51,184 | Orchestrator |    -> Job già  presente in cache (Skip).
INFO     | 2026-06-29 17:01:51,185 | Orchestrator | [16/167] Elaborazione chiave: ROSIGNANO MARITTIMO_86_712_NCT
INFO     | 2026-06-29 17:01:51,186 | Orchestrator |    -> Job già  presente in cache (Skip).
INFO     | 2026-06-29 17:01:51,187 | Orchestrator | [17/167] Elaborazione chiave: ROSIGNANO MARITTIMO_86_713_NCT
INFO     | 2026-06-29 17:01:51,191 | Orchestrator |    -> Job già  presente in cache (Skip).
INFO     | 2026-06-29 17:01:51,193 | Orchestrator | [18/167] Elaborazione chiave: ROSIGNANO MARITTIMO_86_707_NCT
INFO     | 2026-06-29 17:01:51,195 | Orchestrator |    -> Job già  presente in cache (Skip).
INFO     | 2026-06-29 17:01:51,196 | Orchestrator | [19/167] Elaborazione chiave: ROSIGNANO MARITTIMO_86_710_AA_NCT
INFO     | 2026-06-29 17:01:51,201 | Orchestrator |    -> Job già  presente in cache (Skip).
INFO     | 2026-06-29 17:01:51,203 | Orchestrator | [20/167] Elaborazione chiave: ROSIGNANO MARITTIMO_86_710_AB_NCT
INFO     | 2026-06-29 17:01:51,204 | Orchestrator |    -> Job già  presente in cache (Skip).
INFO     | 2026-06-29 17:01:51,209 | Orchestrator | [21/167] Elaborazione chiave: ROSIGNANO MARITTIMO_86_796_NCT
INFO     | 2026-06-29 17:01:51,211 | Orchestrator |    -> Job già  presente in cache (Skip).
INFO     | 2026-06-29 17:01:51,216 | Orchestrator | [22/167] Elaborazione chiave: ROSIGNANO MARITTIMO_86_782_NCT
INFO     | 2026-06-29 17:01:51,221 | Orchestrator |    -> Job già  presente in cache (Skip).
INFO     | 2026-06-29 17:01:51,223 | Orchestrator | [23/167] Elaborazione chiave: ROSIGNANO MARITTIMO_86_59_NCT
INFO     | 2026-06-29 17:01:51,224 | Orchestrator |    -> Job già  presente in cache (Skip).
INFO     | 2026-06-29 17:01:51,225 | Orchestrator | [24/167] Elaborazione chiave: ROSIGNANO MARITTIMO_86_720_NCT
INFO     | 2026-06-29 17:01:51,226 | Orchestrator |    -> Job già  presente in cache (Skip).
INFO     | 2026-06-29 17:01:51,229 | Orchestrator | [25/167] Elaborazione chiave: ROSIGNANO MARITTIMO_86_722_NCT
INFO     | 2026-06-29 17:01:51,234 | Orchestrator |    -> Job già  presente in cache (Skip).
INFO     | 2026-06-29 17:01:51,235 | Orchestrator | [26/167] Elaborazione chiave: ROSIGNANO MARITTIMO_86_723_NCT
INFO     | 2026-06-29 17:01:51,239 | Orchestrator |    -> Job già  presente in cache (Skip).
INFO     | 2026-06-29 17:01:51,245 | Orchestrator | [27/167] Elaborazione chiave: ROSIGNANO MARITTIMO_86_719_NCT
INFO     | 2026-06-29 17:01:51,246 | Orchestrator |    -> Job già  presente in cache (Skip).
INFO     | 2026-06-29 17:01:51,250 | Orchestrator | [28/167] Elaborazione chiave: ROSIGNANO MARITTIMO_86_124_NCT
INFO     | 2026-06-29 17:01:51,255 | Orchestrator |    -> Job già  presente in cache (Skip).
INFO     | 2026-06-29 17:01:51,259 | Orchestrator | [29/167] Elaborazione chiave: ROSIGNANO MARITTIMO_86_68_NCT
INFO     | 2026-06-29 17:01:51,261 | Orchestrator |    -> Job già  presente in cache (Skip).
INFO     | 2026-06-29 17:01:51,262 | Orchestrator | [30/167] Elaborazione chiave: ROSIGNANO MARITTIMO_86_87_NCT
INFO     | 2026-06-29 17:01:51,264 | Orchestrator |    -> Job già  presente in cache (Skip).
INFO     | 2026-06-29 17:01:51,268 | Orchestrator | [31/167] Elaborazione chiave: ROSIGNANO MARITTIMO_86_86_AA_NCT
INFO     | 2026-06-29 17:01:51,270 | Orchestrator |    -> Job già  presente in cache (Skip).
INFO     | 2026-06-29 17:01:51,274 | Orchestrator | [32/167] Elaborazione chiave: ROSIGNANO MARITTIMO_86_86_AB_NCT
INFO     | 2026-06-29 17:01:51,276 | Orchestrator |    -> Job già  presente in cache (Skip).
INFO     | 2026-06-29 17:01:51,278 | Orchestrator | [33/167] Elaborazione chiave: ROSIGNANO MARITTIMO_86_765_601_NCF
INFO     | 2026-06-29 17:01:51,279 | Orchestrator |    -> Job già  presente in cache (Skip).
INFO     | 2026-06-29 17:01:51,281 | Orchestrator | [34/167] Elaborazione chiave: ROSIGNANO MARITTIMO_86_606_AA_NCT
INFO     | 2026-06-29 17:01:51,285 | Orchestrator |    -> Job già  presente in cache (Skip).
INFO     | 2026-06-29 17:01:51,290 | Orchestrator | [35/167] Elaborazione chiave: ROSIGNANO MARITTIMO_86_606_AB_NCT
INFO     | 2026-06-29 17:01:51,294 | Orchestrator |    -> Job già  presente in cache (Skip).
INFO     | 2026-06-29 17:01:51,298 | Orchestrator | [36/167] Elaborazione chiave: ROSIGNANO MARITTIMO_90_62_NCT
INFO     | 2026-06-29 17:01:51,304 | Orchestrator |    -> Job già  presente in cache (Skip).
INFO     | 2026-06-29 17:01:51,310 | Orchestrator | [37/167] Elaborazione chiave: ROSIGNANO MARITTIMO_90_4_605_NCF
INFO     | 2026-06-29 17:01:51,312 | Orchestrator |    -> Job già  presente in cache (Skip).
INFO     | 2026-06-29 17:01:51,316 | Orchestrator | [38/167] Elaborazione chiave: ROSIGNANO MARITTIMO_90_5_NCF
INFO     | 2026-06-29 17:01:51,364 | SisterClient |    🎯 Form individuato nel Frame [0] (Tentativo radar 1/5). Verifica e iniezione dati...
INFO     | 2026-06-29 17:01:52,457 | SisterClient |    -> Cambio comune rilevato. Imposto: ROSIGNANO MARITTIMO...
INFO     | 2026-06-29 17:01:56,418 | SisterClient |    🚀 [MASTER BYPASS] Pagina senza captcha rilevata! Applico un'esitazione dinamica di sicurezza...
INFO     | 2026-06-29 17:01:59,179 | SisterClient |    ✅ Codice accettato o bypassato con successo al tentativo [1/2]!
INFO     | 2026-06-29 17:01:59,181 | CacheManager | Intercettazione del download per la visura: ROSIGNANO MARITTIMO_90_5_NCF
ERROR    | 2026-06-29 17:02:04,217 | Orchestrator | Anomalia riscontrata sul record: Impossibile completare il download del PDF (Documentazione non disponibile o schermata imprevista). Dettaglio: Locator.click: Timeout 5000ms exceeded.
Call log:
  - waiting for locator("input[type='submit'][name='metodo'][value='Salva']")
    - waiting for" https://sister3.agenziaentrate.gov.it/Visure/CheckRichiesta?par=VC&idRichiesta=2019198541&valRip=&uffSIT=1" navigation to finish...
    - navigated to "https://sister3.agenziaentrate.gov.it/Visure/CheckRichiesta?par=VC&idRichiesta=2019198541&valRip=&uffSIT=1"

INFO     | 2026-06-29 17:02:04,219 | SisterClient | 🔄 Avvio della procedura di ritorno alla maschera principale...
INFO     | 2026-06-29 17:02:04,239 | SisterClient |    -> [Passo 1] Clic su bottone 'Indietro' strutturale.
INFO     | 2026-06-29 17:02:06,525 | SisterClient |    -> [Passo 2] Clic su bottone 'Indietro' strutturale.
INFO     | 2026-06-29 17:02:09,041 | SisterClient | ✅ Maschera principale agganciata con successo. Pronto per il prossimo job.
INFO     | 2026-06-29 17:02:09,043 | Orchestrator |    ⏳ Pausa mimetica: attendo 3.15 secondi prima del prossimo record...
INFO     | 2026-06-29 17:02:12,208 | Orchestrator | [39/167] Elaborazione chiave: ROSIGNANO MARITTIMO_90_42_NCT
INFO     | 2026-06-29 17:02:12,208 | Orchestrator |    -> Job già  presente in cache (Skip).
INFO     | 2026-06-29 17:02:12,210 | Orchestrator | [40/167] Elaborazione chiave: ROSIGNANO MARITTIMO_90_63_610_NCF
INFO     | 2026-06-29 17:02:12,211 | Orchestrator |    -> Job già  presente in cache (Skip).
INFO     | 2026-06-29 17:02:12,212 | Orchestrator | [41/167] Elaborazione chiave: ROSIGNANO MARITTIMO_90_60_NCT
INFO     | 2026-06-29 17:02:12,213 | Orchestrator |    -> Job già  presente in cache (Skip).
INFO     | 2026-06-29 17:02:12,216 | Orchestrator | [42/167] Elaborazione chiave: ROSIGNANO MARITTIMO_90_9_NCT
INFO     | 2026-06-29 17:02:12,217 | Orchestrator |    -> Job già  presente in cache (Skip).
INFO     | 2026-06-29 17:02:12,219 | Orchestrator | [43/167] Elaborazione chiave: ROSIGNANO MARITTIMO_90_17_NCT
INFO     | 2026-06-29 17:02:12,222 | Orchestrator |    -> Job già  presente in cache (Skip).
INFO     | 2026-06-29 17:02:12,223 | Orchestrator | [44/167] Elaborazione chiave: ROSIGNANO MARITTIMO_90_7_NCT
INFO     | 2026-06-29 17:02:12,225 | Orchestrator |    -> Job già  presente in cache (Skip).
INFO     | 2026-06-29 17:02:12,225 | Orchestrator | [45/167] Elaborazione chiave: ROSIGNANO MARITTIMO_90_59_NCT
INFO     | 2026-06-29 17:02:12,227 | Orchestrator |    -> Job già  presente in cache (Skip).
INFO     | 2026-06-29 17:02:12,230 | Orchestrator | [46/167] Elaborazione chiave: ROSIGNANO MARITTIMO_90_47_602_NCF
INFO     | 2026-06-29 17:02:12,232 | Orchestrator |    -> Job già  presente in cache (Skip).
INFO     | 2026-06-29 17:02:12,233 | Orchestrator | [47/167] Elaborazione chiave: ROSIGNANO MARITTIMO_90_21_NCT
INFO     | 2026-06-29 17:02:12,234 | Orchestrator |    -> Job già  presente in cache (Skip).
INFO     | 2026-06-29 17:02:12,234 | Orchestrator | [48/167] Elaborazione chiave: ROSIGNANO MARITTIMO_90_22_NCT
INFO     | 2026-06-29 17:02:12,235 | Orchestrator |    -> Job già  presente in cache (Skip).
INFO     | 2026-06-29 17:02:12,237 | Orchestrator | [49/167] Elaborazione chiave: ROSIGNANO MARITTIMO_90_11_NCT
INFO     | 2026-06-29 17:02:12,238 | Orchestrator |    -> Job già  presente in cache (Skip).
INFO     | 2026-06-29 17:02:12,239 | Orchestrator | [50/167] Elaborazione chiave: ROSIGNANO MARITTIMO_90_46_602_NCF
INFO     | 2026-06-29 17:02:12,241 | Orchestrator |    -> Job già  presente in cache (Skip).
INFO     | 2026-06-29 17:02:12,244 | Orchestrator | [51/167] Elaborazione chiave: ROSIGNANO MARITTIMO_90_23_NCT
INFO     | 2026-06-29 17:02:12,246 | Orchestrator |    -> Job già  presente in cache (Skip).
INFO     | 2026-06-29 17:02:12,247 | Orchestrator | [52/167] Elaborazione chiave: ROSIGNANO MARITTIMO_90_51_NCT
INFO     | 2026-06-29 17:02:12,248 | Orchestrator |    -> Job già  presente in cache (Skip).
INFO     | 2026-06-29 17:02:12,249 | Orchestrator | [53/167] Elaborazione chiave: ROSIGNANO MARITTIMO_90_13_AA_NCT
INFO     | 2026-06-29 17:02:12,250 | Orchestrator |    -> Job già  presente in cache (Skip).
INFO     | 2026-06-29 17:02:12,251 | Orchestrator | [54/167] Elaborazione chiave: ROSIGNANO MARITTIMO_90_13_AB_NCT
INFO     | 2026-06-29 17:02:12,252 | Orchestrator |    -> Job già  presente in cache (Skip).
INFO     | 2026-06-29 17:02:12,254 | Orchestrator | [55/167] Elaborazione chiave: ROSIGNANO MARITTIMO_92_5_AA_NCT
INFO     | 2026-06-29 17:02:12,255 | Orchestrator |    -> Job già  presente in cache (Skip).
INFO     | 2026-06-29 17:02:12,256 | Orchestrator | [56/167] Elaborazione chiave: ROSIGNANO MARITTIMO_92_5_AB_NCT
INFO     | 2026-06-29 17:02:12,257 | Orchestrator |    -> Job già  presente in cache (Skip).
INFO     | 2026-06-29 17:02:12,259 | Orchestrator | [57/167] Elaborazione chiave: ROSIGNANO MARITTIMO_92_6_NCT
INFO     | 2026-06-29 17:02:12,260 | Orchestrator |    -> Job già  presente in cache (Skip).
INFO     | 2026-06-29 17:02:12,262 | Orchestrator | [58/167] Elaborazione chiave: ROSIGNANO MARITTIMO_92_10_AA_NCT
INFO     | 2026-06-29 17:02:12,264 | Orchestrator |    -> Job già  presente in cache (Skip).
INFO     | 2026-06-29 17:02:12,266 | Orchestrator | [59/167] Elaborazione chiave: ROSIGNANO MARITTIMO_92_10_AB_NCT
INFO     | 2026-06-29 17:02:12,267 | Orchestrator |    -> Job già  presente in cache (Skip).
INFO     | 2026-06-29 17:02:12,268 | Orchestrator | [60/167] Elaborazione chiave: ROSIGNANO MARITTIMO_92_9_NCT
INFO     | 2026-06-29 17:02:12,269 | Orchestrator |    -> Job già  presente in cache (Skip).
INFO     | 2026-06-29 17:02:12,270 | Orchestrator | [61/167] Elaborazione chiave: ROSIGNANO MARITTIMO_92_44_NCT
INFO     | 2026-06-29 17:02:12,271 | Orchestrator |    -> Job già  presente in cache (Skip).
INFO     | 2026-06-29 17:02:12,273 | Orchestrator | [62/167] Elaborazione chiave: ROSIGNANO MARITTIMO_92_11_AA_NCT
INFO     | 2026-06-29 17:02:12,275 | Orchestrator |    -> Job già  presente in cache (Skip).
INFO     | 2026-06-29 17:02:12,278 | Orchestrator | [63/167] Elaborazione chiave: ROSIGNANO MARITTIMO_92_11_AB_NCT
INFO     | 2026-06-29 17:02:12,280 | Orchestrator |    -> Job già  presente in cache (Skip).
INFO     | 2026-06-29 17:02:12,281 | Orchestrator | [64/167] Elaborazione chiave: ROSIGNANO MARITTIMO_92_11_AC_NCT
INFO     | 2026-06-29 17:02:12,282 | Orchestrator |    -> Job già  presente in cache (Skip).
INFO     | 2026-06-29 17:02:12,284 | Orchestrator | [65/167] Elaborazione chiave: ROSIGNANO MARITTIMO_92_39_NCT
INFO     | 2026-06-29 17:02:12,287 | Orchestrator |    -> Job già  presente in cache (Skip).
INFO     | 2026-06-29 17:02:12,288 | Orchestrator | [66/167] Elaborazione chiave: ROSIGNANO MARITTIMO_98_138_NCT
INFO     | 2026-06-29 17:02:12,289 | Orchestrator |    -> Job già  presente in cache (Skip).
INFO     | 2026-06-29 17:02:12,289 | Orchestrator | [67/167] Elaborazione chiave: ROSIGNANO MARITTIMO_98_139_NCT
INFO     | 2026-06-29 17:02:12,291 | Orchestrator |    -> Job già  presente in cache (Skip).
INFO     | 2026-06-29 17:02:12,292 | Orchestrator | [68/167] Elaborazione chiave: ROSIGNANO MARITTIMO_98_154_NCT
INFO     | 2026-06-29 17:02:12,293 | Orchestrator |    -> Job già  presente in cache (Skip).
INFO     | 2026-06-29 17:02:12,295 | Orchestrator | [69/167] Elaborazione chiave: ROSIGNANO MARITTIMO_98_155_NCT
INFO     | 2026-06-29 17:02:12,296 | Orchestrator |    -> Job già  presente in cache (Skip).
INFO     | 2026-06-29 17:02:12,297 | Orchestrator | [70/167] Elaborazione chiave: ROSIGNANO MARITTIMO_98_44_NCF
INFO     | 2026-06-29 17:02:12,298 | Orchestrator |    -> Job già  presente in cache (Skip).
INFO     | 2026-06-29 17:02:12,299 | Orchestrator | [71/167] Elaborazione chiave: ROSIGNANO MARITTIMO_98_153_NCT
INFO     | 2026-06-29 17:02:12,300 | Orchestrator |    -> Job già  presente in cache (Skip).
INFO     | 2026-06-29 17:02:12,301 | Orchestrator | [72/167] Elaborazione chiave: ROSIGNANO MARITTIMO_98_8_AA_NCT
INFO     | 2026-06-29 17:02:12,302 | Orchestrator |    -> Job già  presente in cache (Skip).
INFO     | 2026-06-29 17:02:12,303 | Orchestrator | [73/167] Elaborazione chiave: ROSIGNANO MARITTIMO_98_8_AB_NCT
INFO     | 2026-06-29 17:02:12,304 | Orchestrator |    -> Job già  presente in cache (Skip).
INFO     | 2026-06-29 17:02:12,305 | Orchestrator | [74/167] Elaborazione chiave: ROSIGNANO MARITTIMO_98_40_NCT
INFO     | 2026-06-29 17:02:12,306 | Orchestrator |    -> Job già  presente in cache (Skip).
INFO     | 2026-06-29 17:02:12,307 | Orchestrator | [75/167] Elaborazione chiave: ROSIGNANO MARITTIMO_98_161_NCT
INFO     | 2026-06-29 17:02:12,310 | Orchestrator |    -> Job già  presente in cache (Skip).
INFO     | 2026-06-29 17:02:12,312 | Orchestrator | [76/167] Elaborazione chiave: ROSIGNANO MARITTIMO_98_162_NCT
INFO     | 2026-06-29 17:02:12,313 | Orchestrator |    -> Job già  presente in cache (Skip).
INFO     | 2026-06-29 17:02:12,314 | Orchestrator | [77/167] Elaborazione chiave: ROSIGNANO MARITTIMO_98_163_NCT
INFO     | 2026-06-29 17:02:12,315 | Orchestrator |    -> Job già  presente in cache (Skip).
INFO     | 2026-06-29 17:02:12,316 | Orchestrator | [78/167] Elaborazione chiave: ROSIGNANO MARITTIMO_98_46_NCF
INFO     | 2026-06-29 17:02:12,317 | Orchestrator |    -> Job già  presente in cache (Skip).
INFO     | 2026-06-29 17:02:12,317 | Orchestrator | [79/167] Elaborazione chiave: ROSIGNANO MARITTIMO_98_45_NCT
INFO     | 2026-06-29 17:02:12,318 | Orchestrator |    -> Job già  presente in cache (Skip).
INFO     | 2026-06-29 17:02:12,319 | Orchestrator | [80/167] Elaborazione chiave: ROSIGNANO MARITTIMO_98_85_NCT
INFO     | 2026-06-29 17:02:12,321 | Orchestrator |    -> Job già  presente in cache (Skip).
INFO     | 2026-06-29 17:02:12,321 | Orchestrator | [81/167] Elaborazione chiave: ROSIGNANO MARITTIMO_98_86_NCT
INFO     | 2026-06-29 17:02:12,322 | Orchestrator |    -> Job già  presente in cache (Skip).
INFO     | 2026-06-29 17:02:12,323 | Orchestrator | [82/167] Elaborazione chiave: ROSIGNANO MARITTIMO_98_87_NCT
INFO     | 2026-06-29 17:02:12,325 | Orchestrator |    -> Job già  presente in cache (Skip).
INFO     | 2026-06-29 17:02:12,328 | Orchestrator | [83/167] Elaborazione chiave: ROSIGNANO MARITTIMO_102_302_NCT
INFO     | 2026-06-29 17:02:12,329 | Orchestrator |    -> Job già  presente in cache (Skip).
INFO     | 2026-06-29 17:02:12,330 | Orchestrator | [84/167] Elaborazione chiave: ROSIGNANO MARITTIMO_102_303_NCT
INFO     | 2026-06-29 17:02:12,333 | Orchestrator |    -> Job già  presente in cache (Skip).
INFO     | 2026-06-29 17:02:12,334 | Orchestrator | [85/167] Elaborazione chiave: ROSIGNANO MARITTIMO_102_300_NCT
INFO     | 2026-06-29 17:02:12,335 | Orchestrator |    -> Job già  presente in cache (Skip).
INFO     | 2026-06-29 17:02:12,335 | Orchestrator | [86/167] Elaborazione chiave: ROSIGNANO MARITTIMO_102_301_NCT
INFO     | 2026-06-29 17:02:12,336 | Orchestrator |    -> Job già  presente in cache (Skip).
INFO     | 2026-06-29 17:02:12,338 | Orchestrator | [87/167] Elaborazione chiave: ROSIGNANO MARITTIMO_102_350_NCF
INFO     | 2026-06-29 17:02:12,340 | Orchestrator |    -> Job già  presente in cache (Skip).
INFO     | 2026-06-29 17:02:12,340 | Orchestrator | [88/167] Elaborazione chiave: ROSIGNANO MARITTIMO_98_79_NCF
INFO     | 2026-06-29 17:02:12,341 | Orchestrator |    -> Job già  presente in cache (Skip).
INFO     | 2026-06-29 17:02:12,342 | Orchestrator | [89/167] Elaborazione chiave: ROSIGNANO MARITTIMO_98_81_NCT
INFO     | 2026-06-29 17:02:12,344 | Orchestrator |    -> Job già  presente in cache (Skip).
INFO     | 2026-06-29 17:02:12,345 | Orchestrator | [90/167] Elaborazione chiave: ROSIGNANO MARITTIMO_98_101_NCF
INFO     | 2026-06-29 17:02:12,348 | Orchestrator |    -> Job già  presente in cache (Skip).
INFO     | 2026-06-29 17:02:12,348 | Orchestrator | [91/167] Elaborazione chiave: ROSIGNANO MARITTIMO_98_13_AA_NCT
INFO     | 2026-06-29 17:02:12,353 | SisterClient |    🎯 Form individuato nel Frame [0] (Tentativo radar 1/5). Verifica e iniezione dati...
INFO     | 2026-06-29 17:02:13,408 | SisterClient |    -> Comune 'ROSIGNANO MARITTIMO' già agganciato. Salto la selezione del dropdown.
INFO     | 2026-06-29 17:02:17,986 | SisterClient | 🤖 [GPT VISION] Codice analizzato per ROSIGNANO MARITTIMO FG 98 PART 13 -> Tentativo: 'gegemmo'
INFO     | 2026-06-29 17:02:19,096 | SisterClient |    ✅ Codice accettato o bypassato con successo al tentativo [1/2]!
INFO     | 2026-06-29 17:02:19,097 | CacheManager | Intercettazione del download per la visura: ROSIGNANO MARITTIMO_98_13_AA_NCT
INFO     | 2026-06-29 17:02:23,211 | Orchestrator | Visura scaricata ed inserita in cache.
INFO     | 2026-06-29 17:02:23,212 | SisterClient | 🔄 Avvio della procedura di ritorno alla maschera principale...
INFO     | 2026-06-29 17:02:23,251 | SisterClient |    -> [Passo 1] Clic su bottone 'Indietro' strutturale.
INFO     | 2026-06-29 17:02:25,589 | SisterClient |    -> [Passo 2] Clic su bottone 'Indietro' strutturale.
INFO     | 2026-06-29 17:02:27,929 | SisterClient | ✅ Maschera principale agganciata con successo. Pronto per il prossimo job.
INFO     | 2026-06-29 17:02:27,929 | Orchestrator |    ⏳ Pausa mimetica: attendo 4.77 secondi prima del prossimo record...
INFO     | 2026-06-29 17:02:32,708 | Orchestrator | [92/167] Elaborazione chiave: ROSIGNANO MARITTIMO_98_13_AB_NCT
INFO     | 2026-06-29 17:02:32,709 | Orchestrator |    -> Job già  presente in cache (Skip).
INFO     | 2026-06-29 17:02:32,711 | Orchestrator | [93/167] Elaborazione chiave: ROSIGNANO MARITTIMO_98_16_NCT
INFO     | 2026-06-29 17:02:32,713 | Orchestrator |    -> Job già  presente in cache (Skip).
INFO     | 2026-06-29 17:02:32,714 | Orchestrator | [94/167] Elaborazione chiave: ROSIGNANO MARITTIMO_98_4_AA_NCT
INFO     | 2026-06-29 17:02:32,716 | Orchestrator |    -> Job già  presente in cache (Skip).
INFO     | 2026-06-29 17:02:32,717 | Orchestrator | [95/167] Elaborazione chiave: ROSIGNANO MARITTIMO_98_4_AB_NCT
INFO     | 2026-06-29 17:02:32,719 | Orchestrator |    -> Job già  presente in cache (Skip).
INFO     | 2026-06-29 17:02:32,721 | Orchestrator | [96/167] Elaborazione chiave: ROSIGNANO MARITTIMO_98_17_AA_NCT
INFO     | 2026-06-29 17:02:32,728 | SisterClient |    🎯 Form individuato nel Frame [0] (Tentativo radar 1/5). Verifica e iniezione dati...
INFO     | 2026-06-29 17:02:32,924 | SisterClient |    -> Comune 'ROSIGNANO MARITTIMO' già agganciato. Salto la selezione del dropdown.
INFO     | 2026-06-29 17:02:37,359 | SisterClient | 🤖 [GPT VISION] Codice analizzato per ROSIGNANO MARITTIMO FG 98 PART 17 -> Tentativo: 'snacerbw'
WARNING  | 2026-06-29 17:02:38,465 | SisterClient |    ⚠️ Tentativo [1/2] fallito (Codice errato). Sister ha rigenerato l'immagine.
INFO     | 2026-06-29 17:02:40,986 | SisterClient | 🤖 [GPT VISION] Codice analizzato per ROSIGNANO MARITTIMO FG 98 PART 17 -> Tentativo: 'lusunayo'
WARNING  | 2026-06-29 17:02:42,051 | SisterClient |    ⚠️ Tentativo [2/2] fallito (Codice errato). Sister ha rigenerato l'immagine.
ERROR    | 2026-06-29 17:02:42,051 | SisterClient |    ❌ Falliti 2 tentativi di codice consecutivi per la particella 17.
ERROR    | 2026-06-29 17:02:42,811 | Orchestrator | Anomalia riscontrata sul record: Codice di sicurezza errato per 2 volte consecutive. Record saltato.
INFO     | 2026-06-29 17:02:42,814 | SisterClient | 🔄 Avvio della procedura di ritorno alla maschera principale...
INFO     | 2026-06-29 17:02:42,837 | SisterClient | ✅ Maschera principale agganciata con successo. Pronto per il prossimo job.
INFO     | 2026-06-29 17:02:42,838 | Orchestrator |    ⏳ Pausa mimetica: attendo 6.00 secondi prima del prossimo record...
INFO     | 2026-06-29 17:02:48,858 | Orchestrator | [97/167] Elaborazione chiave: ROSIGNANO MARITTIMO_98_17_AB_NCT
INFO     | 2026-06-29 17:02:48,863 | SisterClient |    🎯 Form individuato nel Frame [0] (Tentativo radar 1/5). Verifica e iniezione dati...
INFO     | 2026-06-29 17:02:48,889 | SisterClient |    -> Comune 'ROSIGNANO MARITTIMO' già agganciato. Salto la selezione del dropdown.
INFO     | 2026-06-29 17:02:52,897 | SisterClient | 🤖 [GPT VISION] Codice analizzato per ROSIGNANO MARITTIMO FG 98 PART 17 -> Tentativo: 'vomulla'
INFO     | 2026-06-29 17:02:54,483 | SisterClient |    ✅ Codice accettato o bypassato con successo al tentativo [1/2]!
INFO     | 2026-06-29 17:02:54,484 | CacheManager | Intercettazione del download per la visura: ROSIGNANO MARITTIMO_98_17_AB_NCT
INFO     | 2026-06-29 17:02:58,352 | Orchestrator | Visura scaricata ed inserita in cache.
INFO     | 2026-06-29 17:02:58,352 | SisterClient | 🔄 Avvio della procedura di ritorno alla maschera principale...
INFO     | 2026-06-29 17:02:58,409 | SisterClient |    -> [Passo 1] Clic su bottone 'Indietro' strutturale.
INFO     | 2026-06-29 17:03:00,693 | SisterClient |    -> [Passo 2] Clic su bottone 'Indietro' strutturale.
INFO     | 2026-06-29 17:03:02,992 | SisterClient | ✅ Maschera principale agganciata con successo. Pronto per il prossimo job.
INFO     | 2026-06-29 17:03:02,993 | Orchestrator |    ⏳ Pausa mimetica: attendo 7.20 secondi prima del prossimo record...
INFO     | 2026-06-29 17:03:10,210 | Orchestrator | [98/167] Elaborazione chiave: ROSIGNANO MARITTIMO_98_171_NCT
INFO     | 2026-06-29 17:03:10,211 | Orchestrator |    -> Job già  presente in cache (Skip).
INFO     | 2026-06-29 17:03:10,213 | Orchestrator | [99/167] Elaborazione chiave: ROSIGNANO MARITTIMO_98_29_AA_NCT
INFO     | 2026-06-29 17:03:10,220 | SisterClient |    🎯 Form individuato nel Frame [0] (Tentativo radar 1/5). Verifica e iniezione dati...
INFO     | 2026-06-29 17:03:10,253 | SisterClient |    -> Comune 'ROSIGNANO MARITTIMO' già agganciato. Salto la selezione del dropdown.
INFO     | 2026-06-29 17:03:13,268 | SisterClient | 🤖 [GPT VISION] Codice analizzato per ROSIGNANO MARITTIMO FG 98 PART 29 -> Tentativo: 'naminolo'
INFO     | 2026-06-29 17:03:14,427 | SisterClient |    ✅ Codice accettato o bypassato con successo al tentativo [1/2]!
INFO     | 2026-06-29 17:03:14,428 | CacheManager | Intercettazione del download per la visura: ROSIGNANO MARITTIMO_98_29_AA_NCT
ERROR    | 2026-06-29 17:03:19,508 | Orchestrator | Anomalia riscontrata sul record: Impossibile completare il download del PDF (Documentazione non disponibile o schermata imprevista). Dettaglio: Locator.click: Timeout 5000ms exceeded.
Call log:
  - waiting for locator("input[type='submit'][name='metodo'][value='Salva']")
    - waiting for" https://sister3.agenziaentrate.gov.it/Visure/CheckRichiesta?par=VC&idRichiesta=2019199404&valRip=&uffSIT=1" navigation to finish...

INFO     | 2026-06-29 17:03:19,509 | SisterClient | 🔄 Avvio della procedura di ritorno alla maschera principale...
WARNING  | 2026-06-29 17:03:24,892 | SisterClient |    -> [Passo 1] Nessun bottone rilevato (schermata di errore). Eseguo go_back() nativo...
WARNING  | 2026-06-29 17:03:27,146 | SisterClient |    -> [Passo 2] Nessun bottone rilevato (schermata di errore). Eseguo go_back() nativo...
INFO     | 2026-06-29 17:03:29,291 | SisterClient |    -> [Passo 3] Clic su bottone 'Indietro' strutturale.
INFO     | 2026-06-29 17:03:31,661 | SisterClient | ✅ Maschera principale agganciata con successo. Pronto per il prossimo job.
INFO     | 2026-06-29 17:03:31,662 | Orchestrator |    ⏳ Pausa mimetica: attendo 2.33 secondi prima del prossimo record...
INFO     | 2026-06-29 17:03:34,009 | Orchestrator | [100/167] Elaborazione chiave: ROSIGNANO MARITTIMO_98_29_AB_NCT
INFO     | 2026-06-29 17:03:34,015 | SisterClient |    🎯 Form individuato nel Frame [0] (Tentativo radar 1/5). Verifica e iniezione dati...
INFO     | 2026-06-29 17:03:34,046 | SisterClient |    -> Comune 'ROSIGNANO MARITTIMO' già agganciato. Salto la selezione del dropdown.
INFO     | 2026-06-29 17:03:35,817 | SisterClient |    🚀 [MASTER BYPASS] Pagina senza captcha rilevata! Applico un'esitazione dinamica di sicurezza...
INFO     | 2026-06-29 17:03:38,430 | SisterClient |    ✅ Codice accettato o bypassato con successo al tentativo [1/2]!
INFO     | 2026-06-29 17:03:38,431 | CacheManager | Intercettazione del download per la visura: ROSIGNANO MARITTIMO_98_29_AB_NCT
INFO     | 2026-06-29 17:03:42,664 | Orchestrator | Visura scaricata ed inserita in cache.
INFO     | 2026-06-29 17:03:42,665 | SisterClient | 🔄 Avvio della procedura di ritorno alla maschera principale...
INFO     | 2026-06-29 17:03:42,980 | SisterClient |    -> [Passo 1] Clic su bottone 'Indietro' strutturale.
INFO     | 2026-06-29 17:03:45,340 | SisterClient |    -> [Passo 2] Clic su bottone 'Indietro' strutturale.
INFO     | 2026-06-29 17:03:47,683 | SisterClient | ✅ Maschera principale agganciata con successo. Pronto per il prossimo job.
INFO     | 2026-06-29 17:03:47,686 | Orchestrator |    ⏳ Pausa mimetica: attendo 5.23 secondi prima del prossimo record...
INFO     | 2026-06-29 17:03:52,941 | Orchestrator | [101/167] Elaborazione chiave: ROSIGNANO MARITTIMO_98_142_AA_NCT
INFO     | 2026-06-29 17:03:52,942 | Orchestrator |    -> Job già  presente in cache (Skip).
INFO     | 2026-06-29 17:03:52,945 | Orchestrator | [102/167] Elaborazione chiave: ROSIGNANO MARITTIMO_98_142_AB_NCT
INFO     | 2026-06-29 17:03:52,952 | SisterClient |    🎯 Form individuato nel Frame [0] (Tentativo radar 1/5). Verifica e iniezione dati...
INFO     | 2026-06-29 17:03:52,981 | SisterClient |    -> Comune 'ROSIGNANO MARITTIMO' già agganciato. Salto la selezione del dropdown.
INFO     | 2026-06-29 17:03:56,413 | SisterClient | 🤖 [GPT VISION] Codice analizzato per ROSIGNANO MARITTIMO FG 98 PART 142 -> Tentativo: 'nonfeme'
INFO     | 2026-06-29 17:03:57,726 | SisterClient |    ✅ Codice accettato o bypassato con successo al tentativo [1/2]!
INFO     | 2026-06-29 17:03:57,727 | CacheManager | Intercettazione del download per la visura: ROSIGNANO MARITTIMO_98_142_AB_NCT
INFO     | 2026-06-29 17:04:01,418 | Orchestrator | Visura scaricata ed inserita in cache.
INFO     | 2026-06-29 17:04:01,419 | SisterClient | 🔄 Avvio della procedura di ritorno alla maschera principale...
INFO     | 2026-06-29 17:04:01,464 | SisterClient |    -> [Passo 1] Clic su bottone 'Indietro' strutturale.
INFO     | 2026-06-29 17:04:03,773 | SisterClient |    -> [Passo 2] Clic su bottone 'Indietro' strutturale.
INFO     | 2026-06-29 17:04:06,193 | SisterClient | ✅ Maschera principale agganciata con successo. Pronto per il prossimo job.
INFO     | 2026-06-29 17:04:06,194 | Orchestrator |    ⏳ Pausa mimetica: attendo 3.95 secondi prima del prossimo record...
INFO     | 2026-06-29 17:04:10,152 | Orchestrator | [103/167] Elaborazione chiave: ROSIGNANO MARITTIMO_98_31_AA_NCT
INFO     | 2026-06-29 17:04:10,158 | SisterClient |    🎯 Form individuato nel Frame [0] (Tentativo radar 1/5). Verifica e iniezione dati...
INFO     | 2026-06-29 17:04:10,189 | SisterClient |    -> Comune 'ROSIGNANO MARITTIMO' già agganciato. Salto la selezione del dropdown.
INFO     | 2026-06-29 17:04:14,156 | SisterClient | 🤖 [GPT VISION] Codice analizzato per ROSIGNANO MARITTIMO FG 98 PART 31 -> Tentativo: 'ezarrivv'
WARNING  | 2026-06-29 17:04:15,177 | SisterClient |    ⚠️ Tentativo [1/2] fallito (Codice errato). Sister ha rigenerato l'immagine.
INFO     | 2026-06-29 17:04:17,017 | SisterClient | 🤖 [GPT VISION] Codice analizzato per ROSIGNANO MARITTIMO FG 98 PART 31 -> Tentativo: 'metinnivitt'
WARNING  | 2026-06-29 17:04:18,000 | SisterClient |    ⚠️ Tentativo [2/2] fallito (Codice errato). Sister ha rigenerato l'immagine.
ERROR    | 2026-06-29 17:04:18,001 | SisterClient |    ❌ Falliti 2 tentativi di codice consecutivi per la particella 31.
ERROR    | 2026-06-29 17:04:18,861 | Orchestrator | Anomalia riscontrata sul record: Codice di sicurezza errato per 2 volte consecutive. Record saltato.
INFO     | 2026-06-29 17:04:18,863 | SisterClient | 🔄 Avvio della procedura di ritorno alla maschera principale...
INFO     | 2026-06-29 17:04:18,886 | SisterClient | ✅ Maschera principale agganciata con successo. Pronto per il prossimo job.
INFO     | 2026-06-29 17:04:18,887 | Orchestrator |    ⏳ Pausa mimetica: attendo 6.47 secondi prima del prossimo record...
INFO     | 2026-06-29 17:04:25,359 | Orchestrator | [104/167] Elaborazione chiave: ROSIGNANO MARITTIMO_98_31_AB_NCT
INFO     | 2026-06-29 17:04:25,366 | SisterClient |    🎯 Form individuato nel Frame [0] (Tentativo radar 1/5). Verifica e iniezione dati...
INFO     | 2026-06-29 17:04:25,400 | SisterClient |    -> Comune 'ROSIGNANO MARITTIMO' già agganciato. Salto la selezione del dropdown.
INFO     | 2026-06-29 17:04:29,699 | SisterClient | 🤖 [GPT VISION] Codice analizzato per ROSIGNANO MARITTIMO FG 98 PART 31 -> Tentativo: 'non riesco a vedere alcun testo nell'immagine fornita.'
WARNING  | 2026-06-29 17:04:30,833 | SisterClient |    ⚠️ Tentativo [1/2] fallito (Codice errato). Sister ha rigenerato l'immagine.
INFO     | 2026-06-29 17:04:32,644 | SisterClient | 🤖 [GPT VISION] Codice analizzato per ROSIGNANO MARITTIMO FG 98 PART 31 -> Tentativo: 'cebedati'
INFO     | 2026-06-29 17:04:34,515 | SisterClient |    ✅ Codice accettato o bypassato con successo al tentativo [2/2]!
INFO     | 2026-06-29 17:04:34,516 | CacheManager | Intercettazione del download per la visura: ROSIGNANO MARITTIMO_98_31_AB_NCT
INFO     | 2026-06-29 17:04:38,786 | Orchestrator | Visura scaricata ed inserita in cache.
INFO     | 2026-06-29 17:04:38,787 | SisterClient | 🔄 Avvio della procedura di ritorno alla maschera principale...
INFO     | 2026-06-29 17:04:38,929 | SisterClient |    -> [Passo 1] Clic su bottone 'Indietro' strutturale.
INFO     | 2026-06-29 17:04:41,292 | SisterClient |    -> [Passo 2] Clic su bottone 'Indietro' strutturale.
INFO     | 2026-06-29 17:04:43,595 | SisterClient | ✅ Maschera principale agganciata con successo. Pronto per il prossimo job.
INFO     | 2026-06-29 17:04:43,596 | Orchestrator |    ⏳ Pausa mimetica: attendo 8.54 secondi prima del prossimo record...
INFO     | 2026-06-29 17:04:52,142 | Orchestrator | [105/167] Elaborazione chiave: ROSIGNANO MARITTIMO_98_144_NCT
INFO     | 2026-06-29 17:04:52,143 | Orchestrator |    -> Job già  presente in cache (Skip).
INFO     | 2026-06-29 17:04:52,145 | Orchestrator | [106/167] Elaborazione chiave: ROSIGNANO MARITTIMO_98_32_NCT
INFO     | 2026-06-29 17:04:52,151 | SisterClient |    🎯 Form individuato nel Frame [0] (Tentativo radar 1/5). Verifica e iniezione dati...
INFO     | 2026-06-29 17:04:52,186 | SisterClient |    -> Comune 'ROSIGNANO MARITTIMO' già agganciato. Salto la selezione del dropdown.
INFO     | 2026-06-29 17:04:58,267 | SisterClient | 🤖 [GPT VISION] Codice analizzato per ROSIGNANO MARITTIMO FG 98 PART 32 -> Tentativo: 'fidopesa'
INFO     | 2026-06-29 17:04:59,746 | SisterClient |    ✅ Codice accettato o bypassato con successo al tentativo [1/2]!
INFO     | 2026-06-29 17:04:59,746 | CacheManager | Intercettazione del download per la visura: ROSIGNANO MARITTIMO_98_32_NCT
INFO     | 2026-06-29 17:05:04,149 | Orchestrator | Visura scaricata ed inserita in cache.
INFO     | 2026-06-29 17:05:04,149 | SisterClient | 🔄 Avvio della procedura di ritorno alla maschera principale...
INFO     | 2026-06-29 17:05:04,471 | SisterClient |    -> [Passo 1] Clic su bottone 'Indietro' strutturale.
INFO     | 2026-06-29 17:05:06,876 | SisterClient |    -> [Passo 2] Clic su bottone 'Indietro' strutturale.
INFO     | 2026-06-29 17:05:09,307 | SisterClient | ✅ Maschera principale agganciata con successo. Pronto per il prossimo job.
INFO     | 2026-06-29 17:05:09,308 | Orchestrator |    ⏳ Pausa mimetica: attendo 5.75 secondi prima del prossimo record...
INFO     | 2026-06-29 17:05:15,072 | Orchestrator | [107/167] Elaborazione chiave: ROSIGNANO MARITTIMO_98_114_NCT
INFO     | 2026-06-29 17:05:15,079 | SisterClient |    🎯 Form individuato nel Frame [0] (Tentativo radar 1/5). Verifica e iniezione dati...
INFO     | 2026-06-29 17:05:15,109 | SisterClient |    -> Comune 'ROSIGNANO MARITTIMO' già agganciato. Salto la selezione del dropdown.
INFO     | 2026-06-29 17:05:23,120 | SisterClient | 🤖 [GPT VISION] Codice analizzato per ROSIGNANO MARITTIMO FG 98 PART 114 -> Tentativo: 'rugradii'
WARNING  | 2026-06-29 17:05:24,247 | SisterClient |    ⚠️ Tentativo [1/2] fallito (Codice errato). Sister ha rigenerato l'immagine.
INFO     | 2026-06-29 17:05:26,574 | SisterClient | 🤖 [GPT VISION] Codice analizzato per ROSIGNANO MARITTIMO FG 98 PART 114 -> Tentativo: 'riseia'
INFO     | 2026-06-29 17:05:28,388 | SisterClient |    ✅ Codice accettato o bypassato con successo al tentativo [2/2]!
INFO     | 2026-06-29 17:05:28,390 | CacheManager | Intercettazione del download per la visura: ROSIGNANO MARITTIMO_98_114_NCT
INFO     | 2026-06-29 17:05:32,480 | Orchestrator | Visura scaricata ed inserita in cache.
INFO     | 2026-06-29 17:05:32,482 | SisterClient | 🔄 Avvio della procedura di ritorno alla maschera principale...
INFO     | 2026-06-29 17:05:32,634 | SisterClient |    -> [Passo 1] Clic su bottone 'Indietro' strutturale.
INFO     | 2026-06-29 17:05:35,011 | SisterClient |    -> [Passo 2] Clic su bottone 'Indietro' strutturale.
INFO     | 2026-06-29 17:05:37,369 | SisterClient | ✅ Maschera principale agganciata con successo. Pronto per il prossimo job.
INFO     | 2026-06-29 17:05:37,370 | Orchestrator |    ⏳ Pausa mimetica: attendo 6.42 secondi prima del prossimo record...
INFO     | 2026-06-29 17:05:43,810 | Orchestrator | [108/167] Elaborazione chiave: ROSIGNANO MARITTIMO_98_146_NCT
INFO     | 2026-06-29 17:05:43,811 | Orchestrator |    -> Job già  presente in cache (Skip).
INFO     | 2026-06-29 17:05:43,815 | Orchestrator | [109/167] Elaborazione chiave: ROSIGNANO MARITTIMO_98_168_NCT
INFO     | 2026-06-29 17:05:43,828 | SisterClient |    🎯 Form individuato nel Frame [0] (Tentativo radar 1/5). Verifica e iniezione dati...
INFO     | 2026-06-29 17:05:43,892 | SisterClient |    -> Comune 'ROSIGNANO MARITTIMO' già agganciato. Salto la selezione del dropdown.
INFO     | 2026-06-29 17:05:47,966 | SisterClient | 🤖 [GPT VISION] Codice analizzato per ROSIGNANO MARITTIMO FG 98 PART 168 -> Tentativo: 'suteani'
WARNING  | 2026-06-29 17:05:49,045 | SisterClient |    ⚠️ Tentativo [1/2] fallito (Codice errato). Sister ha rigenerato l'immagine.
INFO     | 2026-06-29 17:05:51,058 | SisterClient | 🤖 [GPT VISION] Codice analizzato per ROSIGNANO MARITTIMO FG 98 PART 168 -> Tentativo: 'sfregula'
WARNING  | 2026-06-29 17:05:52,159 | SisterClient |    ⚠️ Tentativo [2/2] fallito (Codice errato). Sister ha rigenerato l'immagine.
ERROR    | 2026-06-29 17:05:52,161 | SisterClient |    ❌ Falliti 2 tentativi di codice consecutivi per la particella 168.
ERROR    | 2026-06-29 17:05:53,041 | Orchestrator | Anomalia riscontrata sul record: Codice di sicurezza errato per 2 volte consecutive. Record saltato.
INFO     | 2026-06-29 17:05:53,053 | SisterClient | 🔄 Avvio della procedura di ritorno alla maschera principale...
INFO     | 2026-06-29 17:05:53,082 | SisterClient | ✅ Maschera principale agganciata con successo. Pronto per il prossimo job.
INFO     | 2026-06-29 17:05:53,083 | Orchestrator |    ⏳ Pausa mimetica: attendo 5.88 secondi prima del prossimo record...
INFO     | 2026-06-29 17:05:58,974 | Orchestrator | [110/167] Elaborazione chiave: ROSIGNANO MARITTIMO_98_118_NCT
INFO     | 2026-06-29 17:05:58,981 | SisterClient |    🎯 Form individuato nel Frame [0] (Tentativo radar 1/5). Verifica e iniezione dati...
INFO     | 2026-06-29 17:05:59,030 | SisterClient |    -> Comune 'ROSIGNANO MARITTIMO' già agganciato. Salto la selezione del dropdown.
INFO     | 2026-06-29 17:06:03,097 | SisterClient | 🤖 [GPT VISION] Codice analizzato per ROSIGNANO MARITTIMO FG 98 PART 118 -> Tentativo: 'besveata'
INFO     | 2026-06-29 17:06:04,404 | SisterClient |    ✅ Codice accettato o bypassato con successo al tentativo [1/2]!
INFO     | 2026-06-29 17:06:04,404 | CacheManager | Intercettazione del download per la visura: ROSIGNANO MARITTIMO_98_118_NCT
INFO     | 2026-06-29 17:06:08,996 | Orchestrator | Visura scaricata ed inserita in cache.
INFO     | 2026-06-29 17:06:08,999 | SisterClient | 🔄 Avvio della procedura di ritorno alla maschera principale...
INFO     | 2026-06-29 17:06:09,118 | SisterClient |    -> [Passo 1] Clic su bottone 'Indietro' strutturale.
INFO     | 2026-06-29 17:06:11,638 | SisterClient |    -> [Passo 2] Clic su bottone 'Indietro' strutturale.
INFO     | 2026-06-29 17:06:14,101 | SisterClient | ✅ Maschera principale agganciata con successo. Pronto per il prossimo job.
INFO     | 2026-06-29 17:06:14,102 | Orchestrator |    ⏳ Pausa mimetica: attendo 6.27 secondi prima del prossimo record...
INFO     | 2026-06-29 17:06:20,394 | Orchestrator | [111/167] Elaborazione chiave: ROSIGNANO MARITTIMO_81_1138_NCT
INFO     | 2026-06-29 17:06:20,407 | SisterClient |    🎯 Form individuato nel Frame [0] (Tentativo radar 1/5). Verifica e iniezione dati...
INFO     | 2026-06-29 17:06:20,456 | SisterClient |    -> Comune 'ROSIGNANO MARITTIMO' già agganciato. Salto la selezione del dropdown.
INFO     | 2026-06-29 17:06:24,830 | SisterClient | 🤖 [GPT VISION] Codice analizzato per ROSIGNANO MARITTIMO FG 81 PART 1138 -> Tentativo: 'ondavanu'
INFO     | 2026-06-29 17:06:25,947 | SisterClient |    ✅ Codice accettato o bypassato con successo al tentativo [1/2]!
INFO     | 2026-06-29 17:06:25,947 | CacheManager | Intercettazione del download per la visura: ROSIGNANO MARITTIMO_81_1138_NCT
INFO     | 2026-06-29 17:06:30,288 | Orchestrator | Visura scaricata ed inserita in cache.
INFO     | 2026-06-29 17:06:30,299 | SisterClient | 🔄 Avvio della procedura di ritorno alla maschera principale...
INFO     | 2026-06-29 17:06:30,372 | SisterClient |    -> [Passo 1] Clic su bottone 'Indietro' strutturale.
INFO     | 2026-06-29 17:06:32,927 | SisterClient |    -> [Passo 2] Clic su bottone 'Indietro' strutturale.
INFO     | 2026-06-29 17:06:35,348 | SisterClient | ✅ Maschera principale agganciata con successo. Pronto per il prossimo job.
INFO     | 2026-06-29 17:06:35,349 | Orchestrator |    ⏳ Pausa mimetica: attendo 3.76 secondi prima del prossimo record...
INFO     | 2026-06-29 17:06:39,126 | Orchestrator | [112/167] Elaborazione chiave: ROSIGNANO MARITTIMO_81_1143_NCF
INFO     | 2026-06-29 17:06:39,133 | SisterClient |    🎯 Form individuato nel Frame [0] (Tentativo radar 1/5). Verifica e iniezione dati...
INFO     | 2026-06-29 17:06:40,226 | SisterClient |    -> Comune 'ROSIGNANO MARITTIMO' già agganciato. Salto la selezione del dropdown.
INFO     | 2026-06-29 17:06:41,853 | SisterClient |    🚀 [MASTER BYPASS] Pagina senza captcha rilevata! Applico un'esitazione dinamica di sicurezza...
INFO     | 2026-06-29 17:06:44,365 | SisterClient |    ✅ Codice accettato o bypassato con successo al tentativo [1/2]!
INFO     | 2026-06-29 17:06:44,367 | CacheManager | Intercettazione del download per la visura: ROSIGNANO MARITTIMO_81_1143_NCF
INFO     | 2026-06-29 17:06:48,303 | Orchestrator | Visura scaricata ed inserita in cache.
INFO     | 2026-06-29 17:06:48,304 | SisterClient | 🔄 Avvio della procedura di ritorno alla maschera principale...
INFO     | 2026-06-29 17:06:48,464 | SisterClient |    -> [Passo 1] Clic su bottone 'Indietro' strutturale.
INFO     | 2026-06-29 17:06:50,885 | SisterClient |    -> [Passo 2] Clic su bottone 'Indietro' strutturale.
INFO     | 2026-06-29 17:06:53,180 | SisterClient | ✅ Maschera principale agganciata con successo. Pronto per il prossimo job.
INFO     | 2026-06-29 17:06:53,181 | Orchestrator |    ⏳ Pausa mimetica: attendo 4.91 secondi prima del prossimo record...
INFO     | 2026-06-29 17:06:58,106 | Orchestrator | [113/167] Elaborazione chiave: ROSIGNANO MARITTIMO_86_673_NCF
INFO     | 2026-06-29 17:06:58,112 | SisterClient |    🎯 Form individuato nel Frame [0] (Tentativo radar 1/5). Verifica e iniezione dati...
INFO     | 2026-06-29 17:06:58,158 | SisterClient |    -> Comune 'ROSIGNANO MARITTIMO' già agganciato. Salto la selezione del dropdown.
INFO     | 2026-06-29 17:06:59,726 | SisterClient |    🚀 [MASTER BYPASS] Pagina senza captcha rilevata! Applico un'esitazione dinamica di sicurezza...
INFO     | 2026-06-29 17:07:02,313 | SisterClient |    ✅ Codice accettato o bypassato con successo al tentativo [1/2]!
INFO     | 2026-06-29 17:07:02,314 | CacheManager | Intercettazione del download per la visura: ROSIGNANO MARITTIMO_86_673_NCF
INFO     | 2026-06-29 17:07:06,040 | Orchestrator | Visura scaricata ed inserita in cache.
INFO     | 2026-06-29 17:07:06,040 | SisterClient | 🔄 Avvio della procedura di ritorno alla maschera principale...
INFO     | 2026-06-29 17:07:06,163 | SisterClient |    -> [Passo 1] Clic su bottone 'Indietro' strutturale.
INFO     | 2026-06-29 17:07:08,447 | SisterClient |    -> [Passo 2] Clic su bottone 'Indietro' strutturale.
INFO     | 2026-06-29 17:07:11,001 | SisterClient | ✅ Maschera principale agganciata con successo. Pronto per il prossimo job.
INFO     | 2026-06-29 17:07:11,002 | Orchestrator |    ⏳ Pausa mimetica: attendo 4.33 secondi prima del prossimo record...
INFO     | 2026-06-29 17:07:15,341 | Orchestrator | [114/167] Elaborazione chiave: ROSIGNANO MARITTIMO_86_50_NCT
INFO     | 2026-06-29 17:07:15,349 | SisterClient |    🎯 Form individuato nel Frame [0] (Tentativo radar 1/5). Verifica e iniezione dati...
INFO     | 2026-06-29 17:07:16,421 | SisterClient |    -> Comune 'ROSIGNANO MARITTIMO' già agganciato. Salto la selezione del dropdown.
INFO     | 2026-06-29 17:07:24,257 | SisterClient | 🤖 [GPT VISION] Codice analizzato per ROSIGNANO MARITTIMO FG 86 PART 50 -> Tentativo: 'non riesco a vedere alcun testo nell'immagine fornita.'
WARNING  | 2026-06-29 17:07:25,232 | SisterClient |    ⚠️ Tentativo [1/2] fallito (Codice errato). Sister ha rigenerato l'immagine.
INFO     | 2026-06-29 17:07:27,206 | SisterClient | 🤖 [GPT VISION] Codice analizzato per ROSIGNANO MARITTIMO FG 86 PART 50 -> Tentativo: 'zosvuato'
INFO     | 2026-06-29 17:07:28,365 | SisterClient |    ✅ Codice accettato o bypassato con successo al tentativo [2/2]!
INFO     | 2026-06-29 17:07:28,365 | CacheManager | Intercettazione del download per la visura: ROSIGNANO MARITTIMO_86_50_NCT
INFO     | 2026-06-29 17:07:32,567 | Orchestrator | Visura scaricata ed inserita in cache.
INFO     | 2026-06-29 17:07:32,568 | SisterClient | 🔄 Avvio della procedura di ritorno alla maschera principale...
INFO     | 2026-06-29 17:07:32,682 | SisterClient |    -> [Passo 1] Clic su bottone 'Indietro' strutturale.
INFO     | 2026-06-29 17:07:34,882 | SisterClient |    -> [Passo 2] Clic su bottone 'Indietro' strutturale.
INFO     | 2026-06-29 17:07:37,278 | SisterClient | ✅ Maschera principale agganciata con successo. Pronto per il prossimo job.
INFO     | 2026-06-29 17:07:37,278 | Orchestrator |    ⏳ Pausa mimetica: attendo 3.37 secondi prima del prossimo record...
INFO     | 2026-06-29 17:07:40,658 | Orchestrator | [115/167] Elaborazione chiave: ROSIGNANO MARITTIMO_86_49_NCT
INFO     | 2026-06-29 17:07:40,662 | SisterClient |    🎯 Form individuato nel Frame [0] (Tentativo radar 1/5). Verifica e iniezione dati...
INFO     | 2026-06-29 17:07:40,693 | SisterClient |    -> Comune 'ROSIGNANO MARITTIMO' già agganciato. Salto la selezione del dropdown.
INFO     | 2026-06-29 17:07:42,405 | SisterClient |    🚀 [MASTER BYPASS] Pagina senza captcha rilevata! Applico un'esitazione dinamica di sicurezza...
INFO     | 2026-06-29 17:07:44,923 | SisterClient |    ✅ Codice accettato o bypassato con successo al tentativo [1/2]!
INFO     | 2026-06-29 17:07:44,924 | CacheManager | Intercettazione del download per la visura: ROSIGNANO MARITTIMO_86_49_NCT
INFO     | 2026-06-29 17:07:48,794 | Orchestrator | Visura scaricata ed inserita in cache.
INFO     | 2026-06-29 17:07:48,795 | SisterClient | 🔄 Avvio della procedura di ritorno alla maschera principale...
INFO     | 2026-06-29 17:07:48,878 | SisterClient |    -> [Passo 1] Clic su bottone 'Indietro' strutturale.
INFO     | 2026-06-29 17:07:51,116 | SisterClient |    -> [Passo 2] Clic su bottone 'Indietro' strutturale.
INFO     | 2026-06-29 17:07:53,456 | SisterClient | ✅ Maschera principale agganciata con successo. Pronto per il prossimo job.
INFO     | 2026-06-29 17:07:53,457 | Orchestrator |    ⏳ Pausa mimetica: attendo 4.83 secondi prima del prossimo record...
INFO     | 2026-06-29 17:07:58,292 | Orchestrator | [116/167] Elaborazione chiave: ROSIGNANO MARITTIMO_86_35_NCT
INFO     | 2026-06-29 17:07:58,298 | SisterClient |    🎯 Form individuato nel Frame [0] (Tentativo radar 1/5). Verifica e iniezione dati...
INFO     | 2026-06-29 17:07:58,333 | SisterClient |    -> Comune 'ROSIGNANO MARITTIMO' già agganciato. Salto la selezione del dropdown.
INFO     | 2026-06-29 17:08:00,454 | SisterClient |    🚀 [MASTER BYPASS] Pagina senza captcha rilevata! Applico un'esitazione dinamica di sicurezza...
INFO     | 2026-06-29 17:08:03,091 | SisterClient |    ✅ Codice accettato o bypassato con successo al tentativo [1/2]!
INFO     | 2026-06-29 17:08:03,092 | CacheManager | Intercettazione del download per la visura: ROSIGNANO MARITTIMO_86_35_NCT
INFO     | 2026-06-29 17:08:06,836 | Orchestrator | Visura scaricata ed inserita in cache.
INFO     | 2026-06-29 17:08:06,837 | SisterClient | 🔄 Avvio della procedura di ritorno alla maschera principale...
INFO     | 2026-06-29 17:08:06,932 | SisterClient |    -> [Passo 1] Clic su bottone 'Indietro' strutturale.
INFO     | 2026-06-29 17:08:09,155 | SisterClient |    -> [Passo 2] Clic su bottone 'Indietro' strutturale.
INFO     | 2026-06-29 17:08:11,605 | SisterClient | ✅ Maschera principale agganciata con successo. Pronto per il prossimo job.
INFO     | 2026-06-29 17:08:11,606 | Orchestrator |    ⏳ Pausa mimetica: attendo 5.40 secondi prima del prossimo record...
INFO     | 2026-06-29 17:08:17,024 | Orchestrator | [117/167] Elaborazione chiave: ROSIGNANO MARITTIMO_86_543_NCT
INFO     | 2026-06-29 17:08:17,031 | SisterClient |    🎯 Form individuato nel Frame [0] (Tentativo radar 1/5). Verifica e iniezione dati...
INFO     | 2026-06-29 17:08:17,080 | SisterClient |    -> Comune 'ROSIGNANO MARITTIMO' già agganciato. Salto la selezione del dropdown.
INFO     | 2026-06-29 17:08:18,776 | SisterClient |    🚀 [MASTER BYPASS] Pagina senza captcha rilevata! Applico un'esitazione dinamica di sicurezza...
INFO     | 2026-06-29 17:08:21,418 | SisterClient |    ✅ Codice accettato o bypassato con successo al tentativo [1/2]!
INFO     | 2026-06-29 17:08:21,420 | CacheManager | Intercettazione del download per la visura: ROSIGNANO MARITTIMO_86_543_NCT
INFO     | 2026-06-29 17:08:25,543 | Orchestrator | Visura scaricata ed inserita in cache.
INFO     | 2026-06-29 17:08:25,551 | SisterClient | 🔄 Avvio della procedura di ritorno alla maschera principale...
INFO     | 2026-06-29 17:08:25,641 | SisterClient |    -> [Passo 1] Clic su bottone 'Indietro' strutturale.
INFO     | 2026-06-29 17:08:27,896 | SisterClient |    -> [Passo 2] Clic su bottone 'Indietro' strutturale.
INFO     | 2026-06-29 17:08:30,156 | SisterClient | ✅ Maschera principale agganciata con successo. Pronto per il prossimo job.
INFO     | 2026-06-29 17:08:30,157 | Orchestrator |    ⏳ Pausa mimetica: attendo 6.77 secondi prima del prossimo record...
INFO     | 2026-06-29 17:08:36,940 | Orchestrator | [118/167] Elaborazione chiave: ROSIGNANO MARITTIMO_86_581_NCT
INFO     | 2026-06-29 17:08:36,947 | SisterClient |    🎯 Form individuato nel Frame [0] (Tentativo radar 1/5). Verifica e iniezione dati...
INFO     | 2026-06-29 17:08:36,980 | SisterClient |    -> Comune 'ROSIGNANO MARITTIMO' già agganciato. Salto la selezione del dropdown.
INFO     | 2026-06-29 17:08:38,729 | SisterClient |    🚀 [MASTER BYPASS] Pagina senza captcha rilevata! Applico un'esitazione dinamica di sicurezza...
INFO     | 2026-06-29 17:08:41,342 | SisterClient |    ✅ Codice accettato o bypassato con successo al tentativo [1/2]!
INFO     | 2026-06-29 17:08:41,343 | CacheManager | Intercettazione del download per la visura: ROSIGNANO MARITTIMO_86_581_NCT
INFO     | 2026-06-29 17:08:45,707 | Orchestrator | Visura scaricata ed inserita in cache.
INFO     | 2026-06-29 17:08:45,707 | SisterClient | 🔄 Avvio della procedura di ritorno alla maschera principale...
INFO     | 2026-06-29 17:08:45,814 | SisterClient |    -> [Passo 1] Clic su bottone 'Indietro' strutturale.
INFO     | 2026-06-29 17:08:48,110 | SisterClient |    -> [Passo 2] Clic su bottone 'Indietro' strutturale.
INFO     | 2026-06-29 17:08:50,431 | SisterClient | ✅ Maschera principale agganciata con successo. Pronto per il prossimo job.
INFO     | 2026-06-29 17:08:50,432 | Orchestrator |    ⏳ Pausa mimetica: attendo 8.67 secondi prima del prossimo record...
INFO     | 2026-06-29 17:08:59,110 | Orchestrator | [119/167] Elaborazione chiave: ROSIGNANO MARITTIMO_86_584_610_NCT
INFO     | 2026-06-29 17:08:59,118 | SisterClient |    🎯 Form individuato nel Frame [0] (Tentativo radar 1/5). Verifica e iniezione dati...
INFO     | 2026-06-29 17:08:59,169 | SisterClient |    -> Comune 'ROSIGNANO MARITTIMO' già agganciato. Salto la selezione del dropdown.
INFO     | 2026-06-29 17:09:00,879 | SisterClient |    🚀 [MASTER BYPASS] Pagina senza captcha rilevata! Applico un'esitazione dinamica di sicurezza...
INFO     | 2026-06-29 17:09:03,638 | SisterClient |    ✅ Codice accettato o bypassato con successo al tentativo [1/2]!
INFO     | 2026-06-29 17:09:03,640 | CacheManager | Intercettazione del download per la visura: ROSIGNANO MARITTIMO_86_584_610_NCT
INFO     | 2026-06-29 17:09:07,430 | Orchestrator | Visura scaricata ed inserita in cache.
INFO     | 2026-06-29 17:09:07,430 | SisterClient | 🔄 Avvio della procedura di ritorno alla maschera principale...
INFO     | 2026-06-29 17:09:07,569 | SisterClient |    -> [Passo 1] Clic su bottone 'Indietro' strutturale.
INFO     | 2026-06-29 17:09:09,831 | SisterClient |    -> [Passo 2] Clic su bottone 'Indietro' strutturale.
INFO     | 2026-06-29 17:09:12,111 | SisterClient | ✅ Maschera principale agganciata con successo. Pronto per il prossimo job.
INFO     | 2026-06-29 17:09:12,113 | Orchestrator |    ⏳ Pausa mimetica: attendo 6.65 secondi prima del prossimo record...
INFO     | 2026-06-29 17:09:18,808 | Orchestrator | [120/167] Elaborazione chiave: ROSIGNANO MARITTIMO_86_589_AA_NCT
INFO     | 2026-06-29 17:09:18,814 | SisterClient |    🎯 Form individuato nel Frame [0] (Tentativo radar 1/5). Verifica e iniezione dati...
INFO     | 2026-06-29 17:09:18,850 | SisterClient |    -> Comune 'ROSIGNANO MARITTIMO' già agganciato. Salto la selezione del dropdown.
INFO     | 2026-06-29 17:09:25,764 | SisterClient | 🤖 [GPT VISION] Codice analizzato per ROSIGNANO MARITTIMO FG 86 PART 589 -> Tentativo: 'rasudane'
INFO     | 2026-06-29 17:09:26,944 | SisterClient |    ✅ Codice accettato o bypassato con successo al tentativo [1/2]!
INFO     | 2026-06-29 17:09:26,945 | CacheManager | Intercettazione del download per la visura: ROSIGNANO MARITTIMO_86_589_AA_NCT
INFO     | 2026-06-29 17:09:31,884 | Orchestrator | Visura scaricata ed inserita in cache.
INFO     | 2026-06-29 17:09:31,885 | SisterClient | 🔄 Avvio della procedura di ritorno alla maschera principale...
INFO     | 2026-06-29 17:09:32,049 | SisterClient |    -> [Passo 1] Clic su bottone 'Indietro' strutturale.
INFO     | 2026-06-29 17:09:35,106 | SisterClient |    -> [Passo 2] Clic su bottone 'Indietro' strutturale.
INFO     | 2026-06-29 17:09:37,392 | SisterClient | ✅ Maschera principale agganciata con successo. Pronto per il prossimo job.
INFO     | 2026-06-29 17:09:37,393 | Orchestrator |    ⏳ Pausa mimetica: attendo 7.38 secondi prima del prossimo record...
INFO     | 2026-06-29 17:09:44,791 | Orchestrator | [121/167] Elaborazione chiave: ROSIGNANO MARITTIMO_86_589_AB_NCT
INFO     | 2026-06-29 17:09:44,799 | SisterClient |    🎯 Form individuato nel Frame [0] (Tentativo radar 1/5). Verifica e iniezione dati...
INFO     | 2026-06-29 17:09:44,858 | SisterClient |    -> Comune 'ROSIGNANO MARITTIMO' già agganciato. Salto la selezione del dropdown.
INFO     | 2026-06-29 17:09:46,667 | SisterClient |    🚀 [MASTER BYPASS] Pagina senza captcha rilevata! Applico un'esitazione dinamica di sicurezza...
INFO     | 2026-06-29 17:09:49,242 | SisterClient |    ✅ Codice accettato o bypassato con successo al tentativo [1/2]!
INFO     | 2026-06-29 17:09:49,243 | CacheManager | Intercettazione del download per la visura: ROSIGNANO MARITTIMO_86_589_AB_NCT
INFO     | 2026-06-29 17:09:53,093 | Orchestrator | Visura scaricata ed inserita in cache.
INFO     | 2026-06-29 17:09:53,094 | SisterClient | 🔄 Avvio della procedura di ritorno alla maschera principale...
INFO     | 2026-06-29 17:09:53,224 | SisterClient |    -> [Passo 1] Clic su bottone 'Indietro' strutturale.
INFO     | 2026-06-29 17:09:55,549 | SisterClient |    -> [Passo 2] Clic su bottone 'Indietro' strutturale.
INFO     | 2026-06-29 17:09:57,939 | SisterClient | ✅ Maschera principale agganciata con successo. Pronto per il prossimo job.
INFO     | 2026-06-29 17:09:57,940 | Orchestrator |    ⏳ Pausa mimetica: attendo 3.19 secondi prima del prossimo record...
INFO     | 2026-06-29 17:10:01,155 | Orchestrator | [122/167] Elaborazione chiave: ROSIGNANO MARITTIMO_86_44_NCF
INFO     | 2026-06-29 17:10:01,164 | SisterClient |    🎯 Form individuato nel Frame [0] (Tentativo radar 1/5). Verifica e iniezione dati...
INFO     | 2026-06-29 17:10:02,287 | SisterClient |    -> Comune 'ROSIGNANO MARITTIMO' già agganciato. Salto la selezione del dropdown.
INFO     | 2026-06-29 17:10:04,273 | SisterClient |    🚀 [MASTER BYPASS] Pagina senza captcha rilevata! Applico un'esitazione dinamica di sicurezza...
INFO     | 2026-06-29 17:10:06,887 | SisterClient |    ✅ Codice accettato o bypassato con successo al tentativo [1/2]!
INFO     | 2026-06-29 17:10:06,888 | CacheManager | Intercettazione del download per la visura: ROSIGNANO MARITTIMO_86_44_NCF
INFO     | 2026-06-29 17:10:11,955 | Orchestrator | Visura scaricata ed inserita in cache.
INFO     | 2026-06-29 17:10:11,958 | SisterClient | 🔄 Avvio della procedura di ritorno alla maschera principale...
INFO     | 2026-06-29 17:10:12,078 | SisterClient |    -> [Passo 1] Clic su bottone 'Indietro' strutturale.
INFO     | 2026-06-29 17:10:14,474 | SisterClient |    -> [Passo 2] Clic su bottone 'Indietro' strutturale.
INFO     | 2026-06-29 17:10:16,776 | SisterClient | ✅ Maschera principale agganciata con successo. Pronto per il prossimo job.
INFO     | 2026-06-29 17:10:16,777 | Orchestrator |    ⏳ Pausa mimetica: attendo 5.46 secondi prima del prossimo record...
INFO     | 2026-06-29 17:10:22,249 | Orchestrator | [123/167] Elaborazione chiave: ROSIGNANO MARITTIMO_86_583_NCT
INFO     | 2026-06-29 17:10:22,254 | SisterClient |    🎯 Form individuato nel Frame [0] (Tentativo radar 1/5). Verifica e iniezione dati...
INFO     | 2026-06-29 17:10:23,313 | SisterClient |    -> Comune 'ROSIGNANO MARITTIMO' già agganciato. Salto la selezione del dropdown.
INFO     | 2026-06-29 17:10:29,078 | SisterClient | 🤖 [GPT VISION] Codice analizzato per ROSIGNANO MARITTIMO FG 86 PART 583 -> Tentativo: 'vostrado'
INFO     | 2026-06-29 17:10:30,538 | SisterClient |    ✅ Codice accettato o bypassato con successo al tentativo [1/2]!
INFO     | 2026-06-29 17:10:30,539 | CacheManager | Intercettazione del download per la visura: ROSIGNANO MARITTIMO_86_583_NCT
INFO     | 2026-06-29 17:10:34,592 | Orchestrator | Visura scaricata ed inserita in cache.
INFO     | 2026-06-29 17:10:34,593 | SisterClient | 🔄 Avvio della procedura di ritorno alla maschera principale...
INFO     | 2026-06-29 17:10:34,797 | SisterClient |    -> [Passo 1] Clic su bottone 'Indietro' strutturale.
INFO     | 2026-06-29 17:10:37,077 | SisterClient |    -> [Passo 2] Clic su bottone 'Indietro' strutturale.
INFO     | 2026-06-29 17:10:39,348 | SisterClient | ✅ Maschera principale agganciata con successo. Pronto per il prossimo job.
INFO     | 2026-06-29 17:10:39,348 | Orchestrator |    ⏳ Pausa mimetica: attendo 6.91 secondi prima del prossimo record...
INFO     | 2026-06-29 17:10:46,276 | Orchestrator | [124/167] Elaborazione chiave: ROSIGNANO MARITTIMO_86_907_NCT
INFO     | 2026-06-29 17:10:46,285 | SisterClient |    🎯 Form individuato nel Frame [0] (Tentativo radar 1/5). Verifica e iniezione dati...
INFO     | 2026-06-29 17:10:46,322 | SisterClient |    -> Comune 'ROSIGNANO MARITTIMO' già agganciato. Salto la selezione del dropdown.
INFO     | 2026-06-29 17:10:50,185 | SisterClient | 🤖 [GPT VISION] Codice analizzato per ROSIGNANO MARITTIMO FG 86 PART 907 -> Tentativo: 'dsazhnate'
WARNING  | 2026-06-29 17:10:51,155 | SisterClient |    ⚠️ Tentativo [1/2] fallito (Codice errato). Sister ha rigenerato l'immagine.
INFO     | 2026-06-29 17:10:52,746 | SisterClient | 🤖 [GPT VISION] Codice analizzato per ROSIGNANO MARITTIMO FG 86 PART 907 -> Tentativo: 'rusaepi'
INFO     | 2026-06-29 17:10:53,957 | SisterClient |    ✅ Codice accettato o bypassato con successo al tentativo [2/2]!
INFO     | 2026-06-29 17:10:53,958 | CacheManager | Intercettazione del download per la visura: ROSIGNANO MARITTIMO_86_907_NCT
INFO     | 2026-06-29 17:10:57,904 | Orchestrator | Visura scaricata ed inserita in cache.
INFO     | 2026-06-29 17:10:57,904 | SisterClient | 🔄 Avvio della procedura di ritorno alla maschera principale...
INFO     | 2026-06-29 17:10:58,032 | SisterClient |    -> [Passo 1] Clic su bottone 'Indietro' strutturale.
INFO     | 2026-06-29 17:11:00,378 | SisterClient |    -> [Passo 2] Clic su bottone 'Indietro' strutturale.
INFO     | 2026-06-29 17:11:02,733 | SisterClient | ✅ Maschera principale agganciata con successo. Pronto per il prossimo job.
INFO     | 2026-06-29 17:11:02,734 | Orchestrator |    ⏳ Pausa mimetica: attendo 5.87 secondi prima del prossimo record...
INFO     | 2026-06-29 17:11:08,659 | Orchestrator | [125/167] Elaborazione chiave: ROSIGNANO MARITTIMO_86_908_NCT
INFO     | 2026-06-29 17:11:08,665 | SisterClient |    🎯 Form individuato nel Frame [0] (Tentativo radar 1/5). Verifica e iniezione dati...
INFO     | 2026-06-29 17:11:08,698 | SisterClient |    -> Comune 'ROSIGNANO MARITTIMO' già agganciato. Salto la selezione del dropdown.
INFO     | 2026-06-29 17:11:12,856 | SisterClient | 🤖 [GPT VISION] Codice analizzato per ROSIGNANO MARITTIMO FG 86 PART 908 -> Tentativo: 'buspegtì'
WARNING  | 2026-06-29 17:11:13,988 | SisterClient |    ⚠️ Tentativo [1/2] fallito (Codice errato). Sister ha rigenerato l'immagine.
INFO     | 2026-06-29 17:11:16,841 | SisterClient | 🤖 [GPT VISION] Codice analizzato per ROSIGNANO MARITTIMO FG 86 PART 908 -> Tentativo: 'diuropaga'
WARNING  | 2026-06-29 17:11:21,161 | SisterClient |    ⚠️ Tentativo [2/2] fallito (Codice errato). Sister ha rigenerato l'immagine.
ERROR    | 2026-06-29 17:11:21,162 | SisterClient |    ❌ Falliti 2 tentativi di codice consecutivi per la particella 908.
ERROR    | 2026-06-29 17:11:22,133 | Orchestrator | Anomalia riscontrata sul record: Codice di sicurezza errato per 2 volte consecutive. Record saltato.
INFO     | 2026-06-29 17:11:22,148 | SisterClient | 🔄 Avvio della procedura di ritorno alla maschera principale...
INFO     | 2026-06-29 17:11:22,185 | SisterClient | ✅ Maschera principale agganciata con successo. Pronto per il prossimo job.
INFO     | 2026-06-29 17:11:22,186 | Orchestrator |    ⏳ Pausa mimetica: attendo 3.55 secondi prima del prossimo record...
INFO     | 2026-06-29 17:11:25,759 | Orchestrator | [126/167] Elaborazione chiave: ROSIGNANO MARITTIMO_86_797_NCT
INFO     | 2026-06-29 17:11:25,767 | SisterClient |    🎯 Form individuato nel Frame [0] (Tentativo radar 1/5). Verifica e iniezione dati...
INFO     | 2026-06-29 17:11:25,803 | SisterClient |    -> Comune 'ROSIGNANO MARITTIMO' già agganciato. Salto la selezione del dropdown.
INFO     | 2026-06-29 17:11:29,312 | SisterClient | 🤖 [GPT VISION] Codice analizzato per ROSIGNANO MARITTIMO FG 86 PART 797 -> Tentativo: 'diponura'
WARNING  | 2026-06-29 17:11:30,297 | SisterClient |    ⚠️ Tentativo [1/2] fallito (Codice errato). Sister ha rigenerato l'immagine.
INFO     | 2026-06-29 17:11:32,081 | SisterClient | 🤖 [GPT VISION] Codice analizzato per ROSIGNANO MARITTIMO FG 86 PART 797 -> Tentativo: 'ipulse'
INFO     | 2026-06-29 17:11:33,224 | SisterClient |    ✅ Codice accettato o bypassato con successo al tentativo [2/2]!
INFO     | 2026-06-29 17:11:33,225 | CacheManager | Intercettazione del download per la visura: ROSIGNANO MARITTIMO_86_797_NCT
INFO     | 2026-06-29 17:11:37,172 | Orchestrator | Visura scaricata ed inserita in cache.
INFO     | 2026-06-29 17:11:37,173 | SisterClient | 🔄 Avvio della procedura di ritorno alla maschera principale...
INFO     | 2026-06-29 17:11:37,335 | SisterClient |    -> [Passo 1] Clic su bottone 'Indietro' strutturale.
INFO     | 2026-06-29 17:11:39,597 | SisterClient |    -> [Passo 2] Clic su bottone 'Indietro' strutturale.
INFO     | 2026-06-29 17:11:42,062 | SisterClient | ✅ Maschera principale agganciata con successo. Pronto per il prossimo job.
INFO     | 2026-06-29 17:11:42,063 | Orchestrator |    ⏳ Pausa mimetica: attendo 7.32 secondi prima del prossimo record...
INFO     | 2026-06-29 17:11:49,393 | Orchestrator | [127/167] Elaborazione chiave: ROSIGNANO MARITTIMO_86_120_NCT
INFO     | 2026-06-29 17:11:49,398 | SisterClient |    🎯 Form individuato nel Frame [0] (Tentativo radar 1/5). Verifica e iniezione dati...
INFO     | 2026-06-29 17:11:49,432 | SisterClient |    -> Comune 'ROSIGNANO MARITTIMO' già agganciato. Salto la selezione del dropdown.
INFO     | 2026-06-29 17:11:53,036 | SisterClient | 🤖 [GPT VISION] Codice analizzato per ROSIGNANO MARITTIMO FG 86 PART 120 -> Tentativo: 'effritetti'
WARNING  | 2026-06-29 17:11:54,270 | SisterClient |    ⚠️ Tentativo [1/2] fallito (Codice errato). Sister ha rigenerato l'immagine.
INFO     | 2026-06-29 17:11:56,226 | SisterClient | 🤖 [GPT VISION] Codice analizzato per ROSIGNANO MARITTIMO FG 86 PART 120 -> Tentativo: 'gafaveri'
INFO     | 2026-06-29 17:11:57,560 | SisterClient |    ✅ Codice accettato o bypassato con successo al tentativo [2/2]!
INFO     | 2026-06-29 17:11:57,560 | CacheManager | Intercettazione del download per la visura: ROSIGNANO MARITTIMO_86_120_NCT
INFO     | 2026-06-29 17:12:02,132 | Orchestrator | Visura scaricata ed inserita in cache.
INFO     | 2026-06-29 17:12:02,133 | SisterClient | 🔄 Avvio della procedura di ritorno alla maschera principale...
INFO     | 2026-06-29 17:12:02,294 | SisterClient |    -> [Passo 1] Clic su bottone 'Indietro' strutturale.
INFO     | 2026-06-29 17:12:04,813 | SisterClient |    -> [Passo 2] Clic su bottone 'Indietro' strutturale.
INFO     | 2026-06-29 17:12:07,211 | SisterClient | ✅ Maschera principale agganciata con successo. Pronto per il prossimo job.
INFO     | 2026-06-29 17:12:07,212 | Orchestrator |    ⏳ Pausa mimetica: attendo 2.77 secondi prima del prossimo record...
INFO     | 2026-06-29 17:12:09,992 | Orchestrator | [128/167] Elaborazione chiave: ROSIGNANO MARITTIMO_86_798_NCT
INFO     | 2026-06-29 17:12:09,998 | SisterClient |    🎯 Form individuato nel Frame [0] (Tentativo radar 1/5). Verifica e iniezione dati...
INFO     | 2026-06-29 17:12:10,029 | SisterClient |    -> Comune 'ROSIGNANO MARITTIMO' già agganciato. Salto la selezione del dropdown.
INFO     | 2026-06-29 17:12:11,852 | SisterClient |    🚀 [MASTER BYPASS] Pagina senza captcha rilevata! Applico un'esitazione dinamica di sicurezza...
INFO     | 2026-06-29 17:12:14,682 | SisterClient |    ✅ Codice accettato o bypassato con successo al tentativo [1/2]!
INFO     | 2026-06-29 17:12:14,683 | CacheManager | Intercettazione del download per la visura: ROSIGNANO MARITTIMO_86_798_NCT
INFO     | 2026-06-29 17:12:18,440 | Orchestrator | Visura scaricata ed inserita in cache.
INFO     | 2026-06-29 17:12:18,441 | SisterClient | 🔄 Avvio della procedura di ritorno alla maschera principale...
INFO     | 2026-06-29 17:12:18,591 | SisterClient |    -> [Passo 1] Clic su bottone 'Indietro' strutturale.
INFO     | 2026-06-29 17:12:20,853 | SisterClient |    -> [Passo 2] Clic su bottone 'Indietro' strutturale.
INFO     | 2026-06-29 17:12:23,159 | SisterClient | ✅ Maschera principale agganciata con successo. Pronto per il prossimo job.
INFO     | 2026-06-29 17:12:23,160 | Orchestrator |    ⏳ Pausa mimetica: attendo 7.06 secondi prima del prossimo record...
INFO     | 2026-06-29 17:12:30,225 | Orchestrator | [129/167] Elaborazione chiave: ROSIGNANO MARITTIMO_86_111_NCT
INFO     | 2026-06-29 17:12:30,232 | SisterClient |    🎯 Form individuato nel Frame [0] (Tentativo radar 1/5). Verifica e iniezione dati...
INFO     | 2026-06-29 17:12:30,265 | SisterClient |    -> Comune 'ROSIGNANO MARITTIMO' già agganciato. Salto la selezione del dropdown.
INFO     | 2026-06-29 17:12:31,957 | SisterClient |    🚀 [MASTER BYPASS] Pagina senza captcha rilevata! Applico un'esitazione dinamica di sicurezza...
INFO     | 2026-06-29 17:12:34,855 | SisterClient |    ✅ Codice accettato o bypassato con successo al tentativo [1/2]!
INFO     | 2026-06-29 17:12:34,855 | CacheManager | Intercettazione del download per la visura: ROSIGNANO MARITTIMO_86_111_NCT
INFO     | 2026-06-29 17:12:38,982 | Orchestrator | Visura scaricata ed inserita in cache.
INFO     | 2026-06-29 17:12:38,983 | SisterClient | 🔄 Avvio della procedura di ritorno alla maschera principale...
INFO     | 2026-06-29 17:12:39,162 | SisterClient |    -> [Passo 1] Clic su bottone 'Indietro' strutturale.
INFO     | 2026-06-29 17:12:41,497 | SisterClient |    -> [Passo 2] Clic su bottone 'Indietro' strutturale.
INFO     | 2026-06-29 17:12:43,793 | SisterClient | ✅ Maschera principale agganciata con successo. Pronto per il prossimo job.
INFO     | 2026-06-29 17:12:43,794 | Orchestrator |    ⏳ Pausa mimetica: attendo 7.59 secondi prima del prossimo record...
INFO     | 2026-06-29 17:12:51,394 | Orchestrator | [130/167] Elaborazione chiave: ROSIGNANO MARITTIMO_86_107_NCT
INFO     | 2026-06-29 17:12:51,401 | SisterClient |    🎯 Form individuato nel Frame [0] (Tentativo radar 1/5). Verifica e iniezione dati...
INFO     | 2026-06-29 17:12:51,432 | SisterClient |    -> Comune 'ROSIGNANO MARITTIMO' già agganciato. Salto la selezione del dropdown.
INFO     | 2026-06-29 17:12:55,605 | SisterClient | 🤖 [GPT VISION] Codice analizzato per ROSIGNANO MARITTIMO FG 86 PART 107 -> Tentativo: 'brevetti'
WARNING  | 2026-06-29 17:12:56,593 | SisterClient |    ⚠️ Tentativo [1/2] fallito (Codice errato). Sister ha rigenerato l'immagine.
INFO     | 2026-06-29 17:12:58,479 | SisterClient | 🤖 [GPT VISION] Codice analizzato per ROSIGNANO MARITTIMO FG 86 PART 107 -> Tentativo: 'disperso'
WARNING  | 2026-06-29 17:12:59,647 | SisterClient |    ⚠️ Tentativo [2/2] fallito (Codice errato). Sister ha rigenerato l'immagine.
ERROR    | 2026-06-29 17:12:59,648 | SisterClient |    ❌ Falliti 2 tentativi di codice consecutivi per la particella 107.
ERROR    | 2026-06-29 17:13:00,562 | Orchestrator | Anomalia riscontrata sul record: Codice di sicurezza errato per 2 volte consecutive. Record saltato.
INFO     | 2026-06-29 17:13:00,569 | SisterClient | 🔄 Avvio della procedura di ritorno alla maschera principale...
INFO     | 2026-06-29 17:13:00,603 | SisterClient | ✅ Maschera principale agganciata con successo. Pronto per il prossimo job.
INFO     | 2026-06-29 17:13:00,605 | Orchestrator |    ⏳ Pausa mimetica: attendo 4.13 secondi prima del prossimo record...
INFO     | 2026-06-29 17:13:04,759 | Orchestrator | [131/167] Elaborazione chiave: ROSIGNANO MARITTIMO_86_63_617_NCF
INFO     | 2026-06-29 17:13:04,804 | SisterClient |    🎯 Form individuato nel Frame [0] (Tentativo radar 1/5). Verifica e iniezione dati...
INFO     | 2026-06-29 17:13:05,989 | SisterClient |    -> Comune 'ROSIGNANO MARITTIMO' già agganciato. Salto la selezione del dropdown.
INFO     | 2026-06-29 17:13:09,615 | SisterClient | 🤖 [GPT VISION] Codice analizzato per ROSIGNANO MARITTIMO FG 86 PART 63 -> Tentativo: 'smosissee'
WARNING  | 2026-06-29 17:13:10,692 | SisterClient |    ⚠️ Tentativo [1/2] fallito (Codice errato). Sister ha rigenerato l'immagine.
INFO     | 2026-06-29 17:13:12,090 | SisterClient | 🤖 [GPT VISION] Codice analizzato per ROSIGNANO MARITTIMO FG 86 PART 63 -> Tentativo: 'atettivva'
WARNING  | 2026-06-29 17:13:13,092 | SisterClient |    ⚠️ Tentativo [2/2] fallito (Codice errato). Sister ha rigenerato l'immagine.
ERROR    | 2026-06-29 17:13:13,092 | SisterClient |    ❌ Falliti 2 tentativi di codice consecutivi per la particella 63.
ERROR    | 2026-06-29 17:13:13,897 | Orchestrator | Anomalia riscontrata sul record: Codice di sicurezza errato per 2 volte consecutive. Record saltato.
INFO     | 2026-06-29 17:13:13,899 | SisterClient | 🔄 Avvio della procedura di ritorno alla maschera principale...
INFO     | 2026-06-29 17:13:13,918 | SisterClient | ✅ Maschera principale agganciata con successo. Pronto per il prossimo job.
INFO     | 2026-06-29 17:13:13,919 | Orchestrator |    ⏳ Pausa mimetica: attendo 3.13 secondi prima del prossimo record...
INFO     | 2026-06-29 17:13:17,058 | Orchestrator | [132/167] Elaborazione chiave: ROSIGNANO MARITTIMO_86_913_601_NCF
INFO     | 2026-06-29 17:13:17,064 | SisterClient |    🎯 Form individuato nel Frame [0] (Tentativo radar 1/5). Verifica e iniezione dati...
INFO     | 2026-06-29 17:13:17,099 | SisterClient |    -> Comune 'ROSIGNANO MARITTIMO' già agganciato. Salto la selezione del dropdown.
ERROR    | 2026-06-29 17:13:23,659 | Orchestrator | Anomalia riscontrata sul record: Il server di Sister ha risposto con Errore 500 (NullPointerException).
INFO     | 2026-06-29 17:13:23,663 | SisterClient | 🔄 Avvio della procedura di ritorno alla maschera principale...
WARNING  | 2026-06-29 17:13:23,690 | SisterClient |    -> [Passo 1] Nessun bottone rilevato (schermata di errore). Eseguo go_back() nativo...
INFO     | 2026-06-29 17:13:25,859 | SisterClient | ✅ Maschera principale agganciata con successo. Pronto per il prossimo job.
INFO     | 2026-06-29 17:13:25,860 | Orchestrator |    ⏳ Pausa mimetica: attendo 7.51 secondi prima del prossimo record...
INFO     | 2026-06-29 17:13:33,392 | Orchestrator | [133/167] Elaborazione chiave: ROSIGNANO MARITTIMO_91_337_601_NCF
INFO     | 2026-06-29 17:13:33,399 | SisterClient |    🎯 Form individuato nel Frame [0] (Tentativo radar 1/5). Verifica e iniezione dati...
INFO     | 2026-06-29 17:13:33,436 | SisterClient |    -> Comune 'ROSIGNANO MARITTIMO' già agganciato. Salto la selezione del dropdown.
ERROR    | 2026-06-29 17:13:34,892 | Orchestrator | Anomalia riscontrata sul record: Il server di Sister ha risposto con Errore 500 (NullPointerException).
INFO     | 2026-06-29 17:13:34,897 | SisterClient | 🔄 Avvio della procedura di ritorno alla maschera principale...
WARNING  | 2026-06-29 17:13:34,934 | SisterClient |    -> [Passo 1] Nessun bottone rilevato (schermata di errore). Eseguo go_back() nativo...
INFO     | 2026-06-29 17:13:37,110 | SisterClient | ✅ Maschera principale agganciata con successo. Pronto per il prossimo job.
INFO     | 2026-06-29 17:13:37,110 | Orchestrator |    ⏳ Pausa mimetica: attendo 8.27 secondi prima del prossimo record...
INFO     | 2026-06-29 17:13:45,392 | Orchestrator | [134/167] Elaborazione chiave: ROSIGNANO MARITTIMO_91_179_612_NCF
INFO     | 2026-06-29 17:13:45,401 | SisterClient |    🎯 Form individuato nel Frame [0] (Tentativo radar 1/5). Verifica e iniezione dati...
INFO     | 2026-06-29 17:13:45,433 | SisterClient |    -> Comune 'ROSIGNANO MARITTIMO' già agganciato. Salto la selezione del dropdown.
ERROR    | 2026-06-29 17:13:46,857 | Orchestrator | Anomalia riscontrata sul record: Il server di Sister ha risposto con Errore 500 (NullPointerException).
INFO     | 2026-06-29 17:13:46,858 | SisterClient | 🔄 Avvio della procedura di ritorno alla maschera principale...
WARNING  | 2026-06-29 17:13:46,895 | SisterClient |    -> [Passo 1] Nessun bottone rilevato (schermata di errore). Eseguo go_back() nativo...
INFO     | 2026-06-29 17:13:49,027 | SisterClient | ✅ Maschera principale agganciata con successo. Pronto per il prossimo job.
INFO     | 2026-06-29 17:13:49,028 | Orchestrator |    ⏳ Pausa mimetica: attendo 6.43 secondi prima del prossimo record...
INFO     | 2026-06-29 17:13:55,475 | Orchestrator | [135/167] Elaborazione chiave: ROSIGNANO MARITTIMO_91_179_613_NCF
INFO     | 2026-06-29 17:13:55,480 | SisterClient |    🎯 Form individuato nel Frame [0] (Tentativo radar 1/5). Verifica e iniezione dati...
INFO     | 2026-06-29 17:13:55,607 | SisterClient |    -> Comune 'ROSIGNANO MARITTIMO' già agganciato. Salto la selezione del dropdown.
ERROR    | 2026-06-29 17:13:57,385 | Orchestrator | Anomalia riscontrata sul record: Il server di Sister ha risposto con Errore 500 (NullPointerException).
INFO     | 2026-06-29 17:13:57,389 | SisterClient | 🔄 Avvio della procedura di ritorno alla maschera principale...
WARNING  | 2026-06-29 17:13:57,533 | SisterClient |    -> [Passo 1] Nessun bottone rilevato (schermata di errore). Eseguo go_back() nativo...
INFO     | 2026-06-29 17:13:59,822 | SisterClient | ✅ Maschera principale agganciata con successo. Pronto per il prossimo job.
INFO     | 2026-06-29 17:13:59,824 | Orchestrator |    ⏳ Pausa mimetica: attendo 6.87 secondi prima del prossimo record...
INFO     | 2026-06-29 17:14:06,723 | Orchestrator | [136/167] Elaborazione chiave: ROSIGNANO MARITTIMO_91_179_614_NCF
INFO     | 2026-06-29 17:14:06,728 | SisterClient |    🎯 Form individuato nel Frame [0] (Tentativo radar 1/5). Verifica e iniezione dati...
INFO     | 2026-06-29 17:14:06,758 | SisterClient |    -> Comune 'ROSIGNANO MARITTIMO' già agganciato. Salto la selezione del dropdown.
ERROR    | 2026-06-29 17:14:08,217 | Orchestrator | Anomalia riscontrata sul record: Il server di Sister ha risposto con Errore 500 (NullPointerException).
INFO     | 2026-06-29 17:14:08,219 | SisterClient | 🔄 Avvio della procedura di ritorno alla maschera principale...
WARNING  | 2026-06-29 17:14:08,255 | SisterClient |    -> [Passo 1] Nessun bottone rilevato (schermata di errore). Eseguo go_back() nativo...
INFO     | 2026-06-29 17:14:10,409 | SisterClient | ✅ Maschera principale agganciata con successo. Pronto per il prossimo job.
INFO     | 2026-06-29 17:14:10,411 | Orchestrator |    ⏳ Pausa mimetica: attendo 8.04 secondi prima del prossimo record...
INFO     | 2026-06-29 17:14:18,459 | Orchestrator | [137/167] Elaborazione chiave: ROSIGNANO MARITTIMO_91_179_608_NCF
INFO     | 2026-06-29 17:14:18,465 | SisterClient |    🎯 Form individuato nel Frame [0] (Tentativo radar 1/5). Verifica e iniezione dati...
INFO     | 2026-06-29 17:14:18,500 | SisterClient |    -> Comune 'ROSIGNANO MARITTIMO' già agganciato. Salto la selezione del dropdown.
ERROR    | 2026-06-29 17:14:19,933 | Orchestrator | Anomalia riscontrata sul record: Il server di Sister ha risposto con Errore 500 (NullPointerException).
INFO     | 2026-06-29 17:14:19,934 | SisterClient | 🔄 Avvio della procedura di ritorno alla maschera principale...
WARNING  | 2026-06-29 17:14:19,970 | SisterClient |    -> [Passo 1] Nessun bottone rilevato (schermata di errore). Eseguo go_back() nativo...
INFO     | 2026-06-29 17:14:22,107 | SisterClient | ✅ Maschera principale agganciata con successo. Pronto per il prossimo job.
INFO     | 2026-06-29 17:14:22,108 | Orchestrator |    ⏳ Pausa mimetica: attendo 1.97 secondi prima del prossimo record...
INFO     | 2026-06-29 17:14:24,087 | Orchestrator | [138/167] Elaborazione chiave: ROSIGNANO MARITTIMO_91_81_605_NCF
INFO     | 2026-06-29 17:14:24,094 | SisterClient |    🎯 Form individuato nel Frame [0] (Tentativo radar 1/5). Verifica e iniezione dati...
INFO     | 2026-06-29 17:14:24,122 | SisterClient |    -> Comune 'ROSIGNANO MARITTIMO' già agganciato. Salto la selezione del dropdown.
ERROR    | 2026-06-29 17:14:25,568 | Orchestrator | Anomalia riscontrata sul record: Il server di Sister ha risposto con Errore 500 (NullPointerException).
INFO     | 2026-06-29 17:14:25,570 | SisterClient | 🔄 Avvio della procedura di ritorno alla maschera principale...
WARNING  | 2026-06-29 17:14:25,608 | SisterClient |    -> [Passo 1] Nessun bottone rilevato (schermata di errore). Eseguo go_back() nativo...
INFO     | 2026-06-29 17:14:27,757 | SisterClient | ✅ Maschera principale agganciata con successo. Pronto per il prossimo job.
INFO     | 2026-06-29 17:14:27,757 | Orchestrator |    ⏳ Pausa mimetica: attendo 4.73 secondi prima del prossimo record...
INFO     | 2026-06-29 17:14:32,491 | Orchestrator | [139/167] Elaborazione chiave: ROSIGNANO MARITTIMO_91_81_625_NCF
INFO     | 2026-06-29 17:14:32,496 | SisterClient |    🎯 Form individuato nel Frame [0] (Tentativo radar 1/5). Verifica e iniezione dati...
INFO     | 2026-06-29 17:14:32,525 | SisterClient |    -> Comune 'ROSIGNANO MARITTIMO' già agganciato. Salto la selezione del dropdown.
ERROR    | 2026-06-29 17:14:33,997 | Orchestrator | Anomalia riscontrata sul record: Il server di Sister ha risposto con Errore 500 (NullPointerException).
INFO     | 2026-06-29 17:14:33,999 | SisterClient | 🔄 Avvio della procedura di ritorno alla maschera principale...
WARNING  | 2026-06-29 17:14:34,068 | SisterClient |    -> [Passo 1] Nessun bottone rilevato (schermata di errore). Eseguo go_back() nativo...
INFO     | 2026-06-29 17:14:36,296 | SisterClient | ✅ Maschera principale agganciata con successo. Pronto per il prossimo job.
INFO     | 2026-06-29 17:14:36,296 | Orchestrator |    ⏳ Pausa mimetica: attendo 8.03 secondi prima del prossimo record...
INFO     | 2026-06-29 17:14:44,342 | Orchestrator | [140/167] Elaborazione chiave: ROSIGNANO MARITTIMO_91_314_NCT
INFO     | 2026-06-29 17:14:44,347 | SisterClient |    🎯 Form individuato nel Frame [0] (Tentativo radar 1/5). Verifica e iniezione dati...
INFO     | 2026-06-29 17:14:45,410 | SisterClient |    -> Comune 'ROSIGNANO MARITTIMO' già agganciato. Salto la selezione del dropdown.
ERROR    | 2026-06-29 17:14:46,858 | Orchestrator | Anomalia riscontrata sul record: Il server di Sister ha risposto con Errore 500 (NullPointerException).
INFO     | 2026-06-29 17:14:46,862 | SisterClient | 🔄 Avvio della procedura di ritorno alla maschera principale...
WARNING  | 2026-06-29 17:14:46,895 | SisterClient |    -> [Passo 1] Nessun bottone rilevato (schermata di errore). Eseguo go_back() nativo...
INFO     | 2026-06-29 17:14:49,043 | SisterClient | ✅ Maschera principale agganciata con successo. Pronto per il prossimo job.
INFO     | 2026-06-29 17:14:49,044 | Orchestrator |    ⏳ Pausa mimetica: attendo 8.29 secondi prima del prossimo record...
INFO     | 2026-06-29 17:14:57,343 | Orchestrator | [141/167] Elaborazione chiave: ROSIGNANO MARITTIMO_91_291_610_NCT
INFO     | 2026-06-29 17:14:57,357 | SisterClient |    🎯 Form individuato nel Frame [0] (Tentativo radar 1/5). Verifica e iniezione dati...
INFO     | 2026-06-29 17:14:57,406 | SisterClient |    -> Comune 'ROSIGNANO MARITTIMO' già agganciato. Salto la selezione del dropdown.
ERROR    | 2026-06-29 17:14:58,879 | Orchestrator | Anomalia riscontrata sul record: Il server di Sister ha risposto con Errore 500 (NullPointerException).
INFO     | 2026-06-29 17:14:58,880 | SisterClient | 🔄 Avvio della procedura di ritorno alla maschera principale...
WARNING  | 2026-06-29 17:14:58,916 | SisterClient |    -> [Passo 1] Nessun bottone rilevato (schermata di errore). Eseguo go_back() nativo...
INFO     | 2026-06-29 17:15:01,310 | SisterClient | ✅ Maschera principale agganciata con successo. Pronto per il prossimo job.
INFO     | 2026-06-29 17:15:01,311 | Orchestrator |    ⏳ Pausa mimetica: attendo 3.01 secondi prima del prossimo record...
INFO     | 2026-06-29 17:15:04,326 | Orchestrator | [142/167] Elaborazione chiave: ROSIGNANO MARITTIMO_85_3_NCF
INFO     | 2026-06-29 17:15:04,336 | SisterClient |    🎯 Form individuato nel Frame [0] (Tentativo radar 1/5). Verifica e iniezione dati...
INFO     | 2026-06-29 17:15:05,393 | SisterClient |    -> Comune 'ROSIGNANO MARITTIMO' già agganciato. Salto la selezione del dropdown.
ERROR    | 2026-06-29 17:15:06,998 | Orchestrator | Anomalia riscontrata sul record: Il server di Sister ha risposto con Errore 500 (NullPointerException).
INFO     | 2026-06-29 17:15:07,000 | SisterClient | 🔄 Avvio della procedura di ritorno alla maschera principale...
WARNING  | 2026-06-29 17:15:07,079 | SisterClient |    -> [Passo 1] Nessun bottone rilevato (schermata di errore). Eseguo go_back() nativo...
INFO     | 2026-06-29 17:15:09,322 | SisterClient | ✅ Maschera principale agganciata con successo. Pronto per il prossimo job.
INFO     | 2026-06-29 17:15:09,329 | Orchestrator |    ⏳ Pausa mimetica: attendo 3.63 secondi prima del prossimo record...
INFO     | 2026-06-29 17:15:12,992 | Orchestrator | [143/167] Elaborazione chiave: ROSIGNANO MARITTIMO_90_69_NCT
INFO     | 2026-06-29 17:15:12,998 | SisterClient |    🎯 Form individuato nel Frame [0] (Tentativo radar 1/5). Verifica e iniezione dati...
INFO     | 2026-06-29 17:15:14,048 | SisterClient |    -> Comune 'ROSIGNANO MARITTIMO' già agganciato. Salto la selezione del dropdown.
ERROR    | 2026-06-29 17:15:15,486 | Orchestrator | Anomalia riscontrata sul record: Il server di Sister ha risposto con Errore 500 (NullPointerException).
INFO     | 2026-06-29 17:15:15,489 | SisterClient | 🔄 Avvio della procedura di ritorno alla maschera principale...
WARNING  | 2026-06-29 17:15:15,524 | SisterClient |    -> [Passo 1] Nessun bottone rilevato (schermata di errore). Eseguo go_back() nativo...
INFO     | 2026-06-29 17:15:17,660 | SisterClient | ✅ Maschera principale agganciata con successo. Pronto per il prossimo job.
INFO     | 2026-06-29 17:15:17,660 | Orchestrator |    ⏳ Pausa mimetica: attendo 3.30 secondi prima del prossimo record...
INFO     | 2026-06-29 17:15:20,974 | Orchestrator | [144/167] Elaborazione chiave: ROSIGNANO MARITTIMO_92_46_NCT
INFO     | 2026-06-29 17:15:20,980 | SisterClient |    🎯 Form individuato nel Frame [0] (Tentativo radar 1/5). Verifica e iniezione dati...
INFO     | 2026-06-29 17:15:21,008 | SisterClient |    -> Comune 'ROSIGNANO MARITTIMO' già agganciato. Salto la selezione del dropdown.
ERROR    | 2026-06-29 17:15:22,787 | Orchestrator | Anomalia riscontrata sul record: Il server di Sister ha risposto con Errore 500 (NullPointerException).
INFO     | 2026-06-29 17:15:22,789 | SisterClient | 🔄 Avvio della procedura di ritorno alla maschera principale...
WARNING  | 2026-06-29 17:15:22,825 | SisterClient |    -> [Passo 1] Nessun bottone rilevato (schermata di errore). Eseguo go_back() nativo...
INFO     | 2026-06-29 17:15:25,286 | SisterClient | ✅ Maschera principale agganciata con successo. Pronto per il prossimo job.
INFO     | 2026-06-29 17:15:25,287 | Orchestrator |    ⏳ Pausa mimetica: attendo 5.69 secondi prima del prossimo record...
INFO     | 2026-06-29 17:15:30,990 | Orchestrator | [145/167] Elaborazione chiave: ROSIGNANO MARITTIMO_92_45_NCT
INFO     | 2026-06-29 17:15:30,996 | SisterClient |    🎯 Form individuato nel Frame [0] (Tentativo radar 1/5). Verifica e iniezione dati...
INFO     | 2026-06-29 17:15:31,028 | SisterClient |    -> Comune 'ROSIGNANO MARITTIMO' già agganciato. Salto la selezione del dropdown.
ERROR    | 2026-06-29 17:15:32,485 | Orchestrator | Anomalia riscontrata sul record: Il server di Sister ha risposto con Errore 500 (NullPointerException).
INFO     | 2026-06-29 17:15:32,487 | SisterClient | 🔄 Avvio della procedura di ritorno alla maschera principale...
WARNING  | 2026-06-29 17:15:32,513 | SisterClient |    -> [Passo 1] Nessun bottone rilevato (schermata di errore). Eseguo go_back() nativo...
INFO     | 2026-06-29 17:15:35,028 | SisterClient | ✅ Maschera principale agganciata con successo. Pronto per il prossimo job.
INFO     | 2026-06-29 17:15:35,029 | Orchestrator |    ⏳ Pausa mimetica: attendo 4.07 secondi prima del prossimo record...
INFO     | 2026-06-29 17:15:39,109 | Orchestrator | [146/167] Elaborazione chiave: ROSIGNANO MARITTIMO_92_26_NCT
INFO     | 2026-06-29 17:15:39,114 | SisterClient |    🎯 Form individuato nel Frame [0] (Tentativo radar 1/5). Verifica e iniezione dati...
INFO     | 2026-06-29 17:15:39,148 | SisterClient |    -> Comune 'ROSIGNANO MARITTIMO' già agganciato. Salto la selezione del dropdown.
ERROR    | 2026-06-29 17:15:40,599 | Orchestrator | Anomalia riscontrata sul record: Il server di Sister ha risposto con Errore 500 (NullPointerException).
INFO     | 2026-06-29 17:15:40,600 | SisterClient | 🔄 Avvio della procedura di ritorno alla maschera principale...
WARNING  | 2026-06-29 17:15:40,623 | SisterClient |    -> [Passo 1] Nessun bottone rilevato (schermata di errore). Eseguo go_back() nativo...
INFO     | 2026-06-29 17:15:42,808 | SisterClient | ✅ Maschera principale agganciata con successo. Pronto per il prossimo job.
INFO     | 2026-06-29 17:15:42,809 | Orchestrator |    ⏳ Pausa mimetica: attendo 1.91 secondi prima del prossimo record...
INFO     | 2026-06-29 17:15:44,741 | Orchestrator | [147/167] Elaborazione chiave: ROSIGNANO MARITTIMO_92_22_NCT
INFO     | 2026-06-29 17:15:44,746 | SisterClient |    🎯 Form individuato nel Frame [0] (Tentativo radar 1/5). Verifica e iniezione dati...
INFO     | 2026-06-29 17:15:44,771 | SisterClient |    -> Comune 'ROSIGNANO MARITTIMO' già agganciato. Salto la selezione del dropdown.
ERROR    | 2026-06-29 17:15:46,217 | Orchestrator | Anomalia riscontrata sul record: Il server di Sister ha risposto con Errore 500 (NullPointerException).
INFO     | 2026-06-29 17:15:46,218 | SisterClient | 🔄 Avvio della procedura di ritorno alla maschera principale...
WARNING  | 2026-06-29 17:15:46,258 | SisterClient |    -> [Passo 1] Nessun bottone rilevato (schermata di errore). Eseguo go_back() nativo...
INFO     | 2026-06-29 17:15:48,418 | SisterClient | ✅ Maschera principale agganciata con successo. Pronto per il prossimo job.
INFO     | 2026-06-29 17:15:48,419 | Orchestrator |    ⏳ Pausa mimetica: attendo 1.80 secondi prima del prossimo record...
INFO     | 2026-06-29 17:15:50,241 | Orchestrator | [148/167] Elaborazione chiave: ROSIGNANO MARITTIMO_98_56_NCF
INFO     | 2026-06-29 17:15:50,243 | Orchestrator |  [BATCH LIMIT] Raggiunto il limite di 50 record elaborati in questa sessione.
INFO     | 2026-06-29 17:16:56,261 | Orchestrator | Analisi delle schede del browser per intercettare la nuova sessione...
INFO     | 2026-06-29 17:16:57,882 | Orchestrator | Nuova sessione agganciata stabilmente su: https://sister3.agenziaentrate.gov.it/Visure/SceltaLink.do?lista=IMM&codUfficio=LI
INFO     | 2026-06-29 17:16:57,911 | SisterClient |    🎯 Form individuato nel Frame [0] (Tentativo radar 1/5). Verifica e iniezione dati...
INFO     | 2026-06-29 17:16:58,979 | SisterClient |    -> Cambio comune rilevato. Imposto: ROSIGNANO MARITTIMO...
INFO     | 2026-06-29 17:17:02,530 | SisterClient |    🚀 [MASTER BYPASS] Pagina senza captcha rilevata! Applico un'esitazione dinamica di sicurezza...
INFO     | 2026-06-29 17:17:05,298 | SisterClient |    ✅ Codice accettato o bypassato con successo al tentativo [1/2]!
INFO     | 2026-06-29 17:17:05,300 | CacheManager | Intercettazione del download per la visura: ROSIGNANO MARITTIMO_98_56_NCF
ERROR    | 2026-06-29 17:17:10,343 | Orchestrator | Anomalia riscontrata sul record: Impossibile completare il download del PDF (Documentazione non disponibile o schermata imprevista). Dettaglio: Locator.click: Timeout 5000ms exceeded.
Call log:
  - waiting for locator("input[type='submit'][name='metodo'][value='Salva']")

INFO     | 2026-06-29 17:17:10,346 | SisterClient | 🔄 Avvio della procedura di ritorno alla maschera principale...
INFO     | 2026-06-29 17:17:10,365 | SisterClient |    -> [Passo 1] Clic su bottone 'Indietro' strutturale.
INFO     | 2026-06-29 17:17:12,633 | SisterClient |    -> [Passo 2] Clic su bottone 'Indietro' strutturale.
INFO     | 2026-06-29 17:17:15,079 | SisterClient | ✅ Maschera principale agganciata con successo. Pronto per il prossimo job.
INFO     | 2026-06-29 17:17:15,080 | Orchestrator |    ⏳ Pausa mimetica: attendo 7.71 secondi prima del prossimo record...
INFO     | 2026-06-29 17:17:22,793 | Orchestrator | [149/167] Elaborazione chiave: ROSIGNANO MARITTIMO_98_19_NCT
INFO     | 2026-06-29 17:17:22,801 | SisterClient |    🎯 Form individuato nel Frame [0] (Tentativo radar 1/5). Verifica e iniezione dati...
INFO     | 2026-06-29 17:17:23,852 | SisterClient |    -> Comune 'ROSIGNANO MARITTIMO' già agganciato. Salto la selezione del dropdown.
INFO     | 2026-06-29 17:17:27,923 | SisterClient | 🤖 [GPT VISION] Codice analizzato per ROSIGNANO MARITTIMO FG 98 PART 19 -> Tentativo: 'vogamme'
INFO     | 2026-06-29 17:17:29,466 | SisterClient |    ✅ Codice accettato o bypassato con successo al tentativo [1/2]!
INFO     | 2026-06-29 17:17:29,467 | CacheManager | Intercettazione del download per la visura: ROSIGNANO MARITTIMO_98_19_NCT
INFO     | 2026-06-29 17:17:33,815 | Orchestrator | Visura scaricata ed inserita in cache.
INFO     | 2026-06-29 17:17:33,816 | SisterClient | 🔄 Avvio della procedura di ritorno alla maschera principale...
INFO     | 2026-06-29 17:17:34,077 | SisterClient |    -> [Passo 1] Clic su bottone 'Indietro' strutturale.
INFO     | 2026-06-29 17:17:36,348 | SisterClient |    -> [Passo 2] Clic su bottone 'Indietro' strutturale.
INFO     | 2026-06-29 17:17:38,829 | SisterClient | ✅ Maschera principale agganciata con successo. Pronto per il prossimo job.
INFO     | 2026-06-29 17:17:38,830 | Orchestrator |    ⏳ Pausa mimetica: attendo 5.43 secondi prima del prossimo record...
INFO     | 2026-06-29 17:17:44,275 | Orchestrator | [150/167] Elaborazione chiave: ROSIGNANO MARITTIMO_98_102_NCF
INFO     | 2026-06-29 17:17:44,281 | SisterClient |    🎯 Form individuato nel Frame [0] (Tentativo radar 1/5). Verifica e iniezione dati...
INFO     | 2026-06-29 17:17:45,332 | SisterClient |    -> Comune 'ROSIGNANO MARITTIMO' già agganciato. Salto la selezione del dropdown.
INFO     | 2026-06-29 17:17:49,088 | SisterClient | 🤖 [GPT VISION] Codice analizzato per ROSIGNANO MARITTIMO FG 98 PART 102 -> Tentativo: 'poligate'
ERROR    | 2026-06-29 17:17:50,555 | Orchestrator | Anomalia riscontrata sul record: Il server di Sister ha risposto con Errore 500 (NullPointerException). Richiesto Hard Reset.
INFO     | 2026-06-29 17:17:50,567 | SisterClient | 🔄 Avvio della procedura di ritorno alla maschera principale...
WARNING  | 2026-06-29 17:17:50,743 | SisterClient |    -> [Passo 1] Nessun bottone rilevato (schermata di errore). Eseguo go_back() nativo...
INFO     | 2026-06-29 17:17:53,065 | SisterClient |    -> [Passo 2] Clic su bottone 'Indietro' strutturale.
WARNING  | 2026-06-29 17:17:55,382 | SisterClient |    -> [Passo 3] Nessun bottone rilevato (schermata di errore). Eseguo go_back() nativo...
INFO     | 2026-06-29 17:17:57,642 | SisterClient |    -> [Passo 4] Clic su bottone 'Indietro' strutturale.
WARNING  | 2026-06-29 17:18:00,046 | SisterClient |    -> [Passo 5] Nessun bottone rilevato (schermata di errore). Eseguo go_back() nativo...
WARNING  | 2026-06-29 17:18:02,240 | SisterClient |    🚨 Navigazione a ritroso fallita dopo 5 tentativi. Tento ricaricamento radice strutturale...
INFO     | 2026-06-29 17:18:02,245 | SisterClient |    -> Reset transazione server: vado alla radice dei servizi...
INFO     | 2026-06-29 17:18:04,828 | SisterClient |    -> Rigenerazione maschera pulita: vado a https://sister3.agenziaentrate.gov.it/Visure/SceltaLink.do?lista=IMM&codUfficio=LI
ERROR    | 2026-06-29 17:18:08,010 | Orchestrator | Impossibile ripristinare il modulo: Browser de-sincronizzato: forzato ricaricamento radice d'emergenza per resettare lo stato applicativo.
INFO     | 2026-06-29 17:18:08,011 | Orchestrator |    ⏳ Pausa mimetica: attendo 7.61 secondi prima del prossimo record...
INFO     | 2026-06-29 17:18:15,626 | Orchestrator | [151/167] Elaborazione chiave: ROSIGNANO MARITTIMO_98_80_601_NCF
ERROR    | 2026-06-29 17:18:20,696 | Orchestrator | Anomalia riscontrata sul record: Impossibile agganciare la maschera nei frame per l'iniezione dei parametri (Timeout rendering struttura).
INFO     | 2026-06-29 17:18:20,698 | SisterClient | 🔄 Avvio della procedura di ritorno alla maschera principale...
WARNING  | 2026-06-29 17:18:20,706 | SisterClient |    -> [Passo 1] Nessun bottone rilevato (schermata di errore). Eseguo go_back() nativo...
WARNING  | 2026-06-29 17:18:23,104 | SisterClient |    -> [Passo 2] Nessun bottone rilevato (schermata di errore). Eseguo go_back() nativo...
INFO     | 2026-06-29 17:18:25,466 | SisterClient |    -> [Passo 3] Clic su bottone 'Indietro' strutturale.
WARNING  | 2026-06-29 17:18:29,094 | SisterClient |    -> [Passo 4] Nessun bottone rilevato (schermata di errore). Eseguo go_back() nativo...
INFO     | 2026-06-29 17:18:31,325 | SisterClient |    -> [Passo 5] Clic su bottone 'Indietro' strutturale.
WARNING  | 2026-06-29 17:18:33,567 | SisterClient |    🚨 Navigazione a ritroso fallita dopo 5 tentativi. Tento ricaricamento radice strutturale...
INFO     | 2026-06-29 17:18:33,653 | SisterClient |    -> Reset transazione server: vado alla radice dei servizi...
INFO     | 2026-06-29 17:18:36,282 | SisterClient |    -> Rigenerazione maschera pulita: vado a https://sister3.agenziaentrate.gov.it/Visure/SceltaLink.do?lista=IMM&codUfficio=LI
ERROR    | 2026-06-29 17:18:39,574 | Orchestrator | Impossibile ripristinare il modulo: Browser de-sincronizzato: forzato ricaricamento radice d'emergenza per resettare lo stato applicativo.
INFO     | 2026-06-29 17:18:39,575 | Orchestrator |    ⏳ Pausa mimetica: attendo 5.98 secondi prima del prossimo record...
INFO     | 2026-06-29 17:18:45,558 | Orchestrator | [152/167] Elaborazione chiave: ROSIGNANO MARITTIMO_98_95_NCT
INFO     | 2026-06-29 17:18:45,577 | SisterClient |    🎯 Form individuato nel Frame [0] (Tentativo radar 1/5). Verifica e iniezione dati...
INFO     | 2026-06-29 17:18:45,629 | SisterClient |    -> Cambio comune rilevato. Imposto: ROSIGNANO MARITTIMO...
INFO     | 2026-06-29 17:18:49,247 | SisterClient |    🚀 [MASTER BYPASS] Pagina senza captcha rilevata! Applico un'esitazione dinamica di sicurezza...
INFO     | 2026-06-29 17:18:51,860 | SisterClient |    ✅ Codice accettato o bypassato con successo al tentativo [1/2]!
INFO     | 2026-06-29 17:18:51,861 | CacheManager | Intercettazione del download per la visura: ROSIGNANO MARITTIMO_98_95_NCT
INFO     | 2026-06-29 17:18:56,495 | Orchestrator | Visura scaricata ed inserita in cache.
INFO     | 2026-06-29 17:18:56,496 | SisterClient | 🔄 Avvio della procedura di ritorno alla maschera principale...
INFO     | 2026-06-29 17:18:56,767 | SisterClient |    -> [Passo 1] Clic su bottone 'Indietro' strutturale.
INFO     | 2026-06-29 17:18:59,148 | SisterClient |    -> [Passo 2] Clic su bottone 'Indietro' strutturale.
INFO     | 2026-06-29 17:19:01,473 | SisterClient | ✅ Maschera principale agganciata con successo. Pronto per il prossimo job.
INFO     | 2026-06-29 17:19:01,474 | Orchestrator |    ⏳ Pausa mimetica: attendo 2.98 secondi prima del prossimo record...
INFO     | 2026-06-29 17:19:04,471 | Orchestrator | [153/167] Elaborazione chiave: ROSIGNANO MARITTIMO_90_25_602_NCF
INFO     | 2026-06-29 17:19:04,479 | SisterClient |    🎯 Form individuato nel Frame [0] (Tentativo radar 1/5). Verifica e iniezione dati...
INFO     | 2026-06-29 17:19:05,583 | SisterClient |    -> Comune 'ROSIGNANO MARITTIMO' già agganciato. Salto la selezione del dropdown.
INFO     | 2026-06-29 17:19:08,969 | SisterClient | 🤖 [GPT VISION] Codice analizzato per ROSIGNANO MARITTIMO FG 90 PART 25 -> Tentativo: 'non riesco a vedere alcun testo nell'immagine fornita.'
WARNING  | 2026-06-29 17:19:09,985 | SisterClient |    ⚠️ Tentativo [1/2] fallito (Codice errato). Sister ha rigenerato l'immagine.
INFO     | 2026-06-29 17:19:12,109 | SisterClient | 🤖 [GPT VISION] Codice analizzato per ROSIGNANO MARITTIMO FG 90 PART 25 -> Tentativo: 'mofuravi'
INFO     | 2026-06-29 17:19:13,244 | SisterClient |    ✅ Codice accettato o bypassato con successo al tentativo [2/2]!
INFO     | 2026-06-29 17:19:13,244 | CacheManager | Intercettazione del download per la visura: ROSIGNANO MARITTIMO_90_25_602_NCF
ERROR    | 2026-06-29 17:19:18,287 | Orchestrator | Anomalia riscontrata sul record: Impossibile completare il download del PDF (Documentazione non disponibile o schermata imprevista). Dettaglio: Locator.click: Timeout 5000ms exceeded.
Call log:
  - waiting for locator("input[type='submit'][name='metodo'][value='Salva']")
    - waiting for navigation to finish...

INFO     | 2026-06-29 17:19:18,291 | SisterClient | 🔄 Avvio della procedura di ritorno alla maschera principale...
INFO     | 2026-06-29 17:19:28,366 | SisterClient |    -> [Passo 1] Clic su bottone 'Indietro' strutturale.
INFO     | 2026-06-29 17:19:31,440 | SisterClient |    -> [Passo 2] Clic su bottone 'Indietro' strutturale.
INFO     | 2026-06-29 17:19:33,777 | SisterClient | ✅ Maschera principale agganciata con successo. Pronto per il prossimo job.
INFO     | 2026-06-29 17:19:33,777 | Orchestrator |    ⏳ Pausa mimetica: attendo 1.96 secondi prima del prossimo record...
INFO     | 2026-06-29 17:19:35,740 | Orchestrator | [154/167] Elaborazione chiave: ROSIGNANO MARITTIMO_86_540_NCF
INFO     | 2026-06-29 17:19:35,747 | SisterClient |    🎯 Form individuato nel Frame [0] (Tentativo radar 1/5). Verifica e iniezione dati...
INFO     | 2026-06-29 17:19:35,776 | SisterClient |    -> Comune 'ROSIGNANO MARITTIMO' già agganciato. Salto la selezione del dropdown.
INFO     | 2026-06-29 17:19:40,133 | SisterClient | 🤖 [GPT VISION] Codice analizzato per ROSIGNANO MARITTIMO FG 86 PART 540 -> Tentativo: 'euricendi'
WARNING  | 2026-06-29 17:19:41,077 | SisterClient |    ⚠️ Tentativo [1/2] fallito (Codice errato). Sister ha rigenerato l'immagine.
INFO     | 2026-06-29 17:19:43,513 | SisterClient | 🤖 [GPT VISION] Codice analizzato per ROSIGNANO MARITTIMO FG 86 PART 540 -> Tentativo: 'zimurso'
INFO     | 2026-06-29 17:19:44,680 | SisterClient |    ✅ Codice accettato o bypassato con successo al tentativo [2/2]!
INFO     | 2026-06-29 17:19:44,681 | CacheManager | Intercettazione del download per la visura: ROSIGNANO MARITTIMO_86_540_NCF
ERROR    | 2026-06-29 17:19:49,705 | Orchestrator | Anomalia riscontrata sul record: Impossibile completare il download del PDF (Documentazione non disponibile o schermata imprevista). Dettaglio: Locator.click: Timeout 5000ms exceeded.
Call log:
  - waiting for locator("input[type='submit'][name='metodo'][value='Salva']")
    - waiting for" https://sister3.agenziaentrate.gov.it/Visure/CheckRichiesta?par=VC&idRichiesta=2019211901&valRip=&uffSIT=1" navigation to finish...
    - navigated to "https://sister3.agenziaentrate.gov.it/Visure/CheckRichiesta?par=VC&idRichiesta=2019211901&valRip=&uffSIT=1"

INFO     | 2026-06-29 17:19:49,708 | SisterClient | 🔄 Avvio della procedura di ritorno alla maschera principale...
INFO     | 2026-06-29 17:19:49,723 | SisterClient |    -> [Passo 1] Clic su bottone 'Indietro' strutturale.
INFO     | 2026-06-29 17:19:52,051 | SisterClient |    -> [Passo 2] Clic su bottone 'Indietro' strutturale.
INFO     | 2026-06-29 17:19:54,337 | SisterClient | ✅ Maschera principale agganciata con successo. Pronto per il prossimo job.
INFO     | 2026-06-29 17:19:54,338 | Orchestrator |    ⏳ Pausa mimetica: attendo 2.98 secondi prima del prossimo record...
INFO     | 2026-06-29 17:19:57,340 | Orchestrator | [155/167] Elaborazione chiave: ROSIGNANO MARITTIMO_86_591_NCF
INFO     | 2026-06-29 17:19:57,346 | SisterClient |    🎯 Form individuato nel Frame [0] (Tentativo radar 1/5). Verifica e iniezione dati...
INFO     | 2026-06-29 17:19:57,374 | SisterClient |    -> Comune 'ROSIGNANO MARITTIMO' già agganciato. Salto la selezione del dropdown.
INFO     | 2026-06-29 17:20:01,173 | SisterClient | 🤖 [GPT VISION] Codice analizzato per ROSIGNANO MARITTIMO FG 86 PART 591 -> Tentativo: 'dusino'
INFO     | 2026-06-29 17:20:02,913 | SisterClient |    ✅ Codice accettato o bypassato con successo al tentativo [1/2]!
INFO     | 2026-06-29 17:20:02,914 | CacheManager | Intercettazione del download per la visura: ROSIGNANO MARITTIMO_86_591_NCF
INFO     | 2026-06-29 17:20:06,932 | Orchestrator | Visura scaricata ed inserita in cache.
INFO     | 2026-06-29 17:20:06,934 | SisterClient | 🔄 Avvio della procedura di ritorno alla maschera principale...
INFO     | 2026-06-29 17:20:07,431 | SisterClient |    -> [Passo 1] Clic su bottone 'Indietro' strutturale.
INFO     | 2026-06-29 17:20:09,739 | SisterClient |    -> [Passo 2] Clic su bottone 'Indietro' strutturale.
INFO     | 2026-06-29 17:20:12,032 | SisterClient | ✅ Maschera principale agganciata con successo. Pronto per il prossimo job.
INFO     | 2026-06-29 17:20:12,033 | Orchestrator |    ⏳ Pausa mimetica: attendo 2.50 secondi prima del prossimo record...
INFO     | 2026-06-29 17:20:14,550 | Orchestrator | [156/167] Elaborazione chiave: ROSIGNANO MARITTIMO_86_594_NCF
INFO     | 2026-06-29 17:20:14,556 | SisterClient |    🎯 Form individuato nel Frame [0] (Tentativo radar 1/5). Verifica e iniezione dati...
INFO     | 2026-06-29 17:20:14,585 | SisterClient |    -> Comune 'ROSIGNANO MARITTIMO' già agganciato. Salto la selezione del dropdown.
INFO     | 2026-06-29 17:20:17,940 | SisterClient | 🤖 [GPT VISION] Codice analizzato per ROSIGNANO MARITTIMO FG 86 PART 594 -> Tentativo: 'edureti'
INFO     | 2026-06-29 17:20:19,094 | SisterClient |    ✅ Codice accettato o bypassato con successo al tentativo [1/2]!
INFO     | 2026-06-29 17:20:19,095 | CacheManager | Intercettazione del download per la visura: ROSIGNANO MARITTIMO_86_594_NCF
ERROR    | 2026-06-29 17:20:24,125 | Orchestrator | Anomalia riscontrata sul record: Impossibile completare il download del PDF (Documentazione non disponibile o schermata imprevista). Dettaglio: Locator.click: Timeout 5000ms exceeded.
Call log:
  - waiting for locator("input[type='submit'][name='metodo'][value='Salva']")
    - waiting for" https://sister3.agenziaentrate.gov.it/Visure/CheckRichiesta?par=VC&idRichiesta=2019212347&valRip=&uffSIT=1" navigation to finish...
    - navigated to "https://sister3.agenziaentrate.gov.it/Visure/CheckRichiesta?par=VC&idRichiesta=2019212347&valRip=&uffSIT=1"

INFO     | 2026-06-29 17:20:24,134 | SisterClient | 🔄 Avvio della procedura di ritorno alla maschera principale...
INFO     | 2026-06-29 17:20:24,147 | SisterClient |    -> [Passo 1] Clic su bottone 'Indietro' strutturale.
INFO     | 2026-06-29 17:20:26,396 | SisterClient |    -> [Passo 2] Clic su bottone 'Indietro' strutturale.
INFO     | 2026-06-29 17:20:28,715 | SisterClient | ✅ Maschera principale agganciata con successo. Pronto per il prossimo job.
INFO     | 2026-06-29 17:20:28,716 | Orchestrator |    ⏳ Pausa mimetica: attendo 7.77 secondi prima del prossimo record...
INFO     | 2026-06-29 17:20:36,502 | Orchestrator | [157/167] Elaborazione chiave: ROSIGNANO MARITTIMO_86_597_NCT
INFO     | 2026-06-29 17:20:36,510 | SisterClient |    🎯 Form individuato nel Frame [0] (Tentativo radar 1/5). Verifica e iniezione dati...
INFO     | 2026-06-29 17:20:37,570 | SisterClient |    -> Comune 'ROSIGNANO MARITTIMO' già agganciato. Salto la selezione del dropdown.
INFO     | 2026-06-29 17:20:42,026 | SisterClient | 🤖 [GPT VISION] Codice analizzato per ROSIGNANO MARITTIMO FG 86 PART 597 -> Tentativo: 'voleavabi'
WARNING  | 2026-06-29 17:20:42,995 | SisterClient |    ⚠️ Tentativo [1/2] fallito (Codice errato). Sister ha rigenerato l'immagine.
INFO     | 2026-06-29 17:20:44,342 | SisterClient | 🤖 [GPT VISION] Codice analizzato per ROSIGNANO MARITTIMO FG 86 PART 597 -> Tentativo: 'faspozzzi'
WARNING  | 2026-06-29 17:20:45,347 | SisterClient |    ⚠️ Tentativo [2/2] fallito (Codice errato). Sister ha rigenerato l'immagine.
ERROR    | 2026-06-29 17:20:45,347 | SisterClient |    ❌ Falliti 2 tentativi di codice consecutivi per la particella 597.
ERROR    | 2026-06-29 17:20:46,065 | Orchestrator | Anomalia riscontrata sul record: Codice di sicurezza errato per 2 volte consecutive. Record saltato.
INFO     | 2026-06-29 17:20:46,067 | SisterClient | 🔄 Avvio della procedura di ritorno alla maschera principale...
INFO     | 2026-06-29 17:20:46,083 | SisterClient | ✅ Maschera principale agganciata con successo. Pronto per il prossimo job.
INFO     | 2026-06-29 17:20:46,085 | Orchestrator |    ⏳ Pausa mimetica: attendo 8.58 secondi prima del prossimo record...
INFO     | 2026-06-29 17:20:54,674 | Orchestrator | [158/167] Elaborazione chiave: ROSIGNANO MARITTIMO_86_599_NCT
INFO     | 2026-06-29 17:20:54,680 | SisterClient |    🎯 Form individuato nel Frame [0] (Tentativo radar 1/5). Verifica e iniezione dati...
INFO     | 2026-06-29 17:20:54,712 | SisterClient |    -> Comune 'ROSIGNANO MARITTIMO' già agganciato. Salto la selezione del dropdown.
INFO     | 2026-06-29 17:20:58,374 | SisterClient | 🤖 [GPT VISION] Codice analizzato per ROSIGNANO MARITTIMO FG 86 PART 599 -> Tentativo: 'qaricomi'
INFO     | 2026-06-29 17:20:59,491 | SisterClient |    ✅ Codice accettato o bypassato con successo al tentativo [1/2]!
INFO     | 2026-06-29 17:20:59,492 | CacheManager | Intercettazione del download per la visura: ROSIGNANO MARITTIMO_86_599_NCT
INFO     | 2026-06-29 17:21:03,384 | Orchestrator | Visura scaricata ed inserita in cache.
INFO     | 2026-06-29 17:21:03,384 | SisterClient | 🔄 Avvio della procedura di ritorno alla maschera principale...
INFO     | 2026-06-29 17:21:04,003 | SisterClient |    -> [Passo 1] Clic su bottone 'Indietro' strutturale.
INFO     | 2026-06-29 17:21:06,361 | SisterClient |    -> [Passo 2] Clic su bottone 'Indietro' strutturale.
INFO     | 2026-06-29 17:21:08,626 | SisterClient | ✅ Maschera principale agganciata con successo. Pronto per il prossimo job.
INFO     | 2026-06-29 17:21:08,627 | Orchestrator |    ⏳ Pausa mimetica: attendo 3.77 secondi prima del prossimo record...
INFO     | 2026-06-29 17:21:12,407 | Orchestrator | [159/167] Elaborazione chiave: ROSIGNANO MARITTIMO_86_794_NCT
INFO     | 2026-06-29 17:21:12,419 | SisterClient |    🎯 Form individuato nel Frame [0] (Tentativo radar 1/5). Verifica e iniezione dati...
INFO     | 2026-06-29 17:21:12,479 | SisterClient |    -> Comune 'ROSIGNANO MARITTIMO' già agganciato. Salto la selezione del dropdown.
INFO     | 2026-06-29 17:21:16,000 | SisterClient | 🤖 [GPT VISION] Codice analizzato per ROSIGNANO MARITTIMO FG 86 PART 794 -> Tentativo: 'vimotevo'
INFO     | 2026-06-29 17:21:20,674 | SisterClient |    ✅ Codice accettato o bypassato con successo al tentativo [1/2]!
INFO     | 2026-06-29 17:21:20,675 | CacheManager | Intercettazione del download per la visura: ROSIGNANO MARITTIMO_86_794_NCT
INFO     | 2026-06-29 17:21:24,507 | Orchestrator | Visura scaricata ed inserita in cache.
INFO     | 2026-06-29 17:21:24,510 | SisterClient | 🔄 Avvio della procedura di ritorno alla maschera principale...
INFO     | 2026-06-29 17:21:24,692 | SisterClient |    -> [Passo 1] Clic su bottone 'Indietro' strutturale.
INFO     | 2026-06-29 17:21:26,946 | SisterClient |    -> [Passo 2] Clic su bottone 'Indietro' strutturale.
INFO     | 2026-06-29 17:21:29,192 | SisterClient | ✅ Maschera principale agganciata con successo. Pronto per il prossimo job.
INFO     | 2026-06-29 17:21:29,193 | Orchestrator |    ⏳ Pausa mimetica: attendo 6.59 secondi prima del prossimo record...
INFO     | 2026-06-29 17:21:35,793 | Orchestrator | [160/167] Elaborazione chiave: ROSIGNANO MARITTIMO_86_544_NCT
INFO     | 2026-06-29 17:21:35,800 | SisterClient |    🎯 Form individuato nel Frame [0] (Tentativo radar 1/5). Verifica e iniezione dati...
INFO     | 2026-06-29 17:21:35,851 | SisterClient |    -> Comune 'ROSIGNANO MARITTIMO' già agganciato. Salto la selezione del dropdown.
INFO     | 2026-06-29 17:21:39,007 | SisterClient | 🤖 [GPT VISION] Codice analizzato per ROSIGNANO MARITTIMO FG 86 PART 544 -> Tentativo: 'nascaglù'
WARNING  | 2026-06-29 17:21:39,994 | SisterClient |    ⚠️ Tentativo [1/2] fallito (Codice errato). Sister ha rigenerato l'immagine.
INFO     | 2026-06-29 17:21:42,488 | SisterClient | 🤖 [GPT VISION] Codice analizzato per ROSIGNANO MARITTIMO FG 86 PART 544 -> Tentativo: 'wianthwa'
WARNING  | 2026-06-29 17:21:43,495 | SisterClient |    ⚠️ Tentativo [2/2] fallito (Codice errato). Sister ha rigenerato l'immagine.
ERROR    | 2026-06-29 17:21:43,496 | SisterClient |    ❌ Falliti 2 tentativi di codice consecutivi per la particella 544.
ERROR    | 2026-06-29 17:21:44,210 | Orchestrator | Anomalia riscontrata sul record: Codice di sicurezza errato per 2 volte consecutive. Record saltato.
INFO     | 2026-06-29 17:21:44,213 | SisterClient | 🔄 Avvio della procedura di ritorno alla maschera principale...
INFO     | 2026-06-29 17:21:44,230 | SisterClient | ✅ Maschera principale agganciata con successo. Pronto per il prossimo job.
INFO     | 2026-06-29 17:21:44,230 | Orchestrator |    ⏳ Pausa mimetica: attendo 2.96 secondi prima del prossimo record...
INFO     | 2026-06-29 17:21:47,209 | Orchestrator | [161/167] Elaborazione chiave: ROSIGNANO MARITTIMO_86_545_NCT
INFO     | 2026-06-29 17:21:47,217 | SisterClient |    🎯 Form individuato nel Frame [0] (Tentativo radar 1/5). Verifica e iniezione dati...
INFO     | 2026-06-29 17:21:47,245 | SisterClient |    -> Comune 'ROSIGNANO MARITTIMO' già agganciato. Salto la selezione del dropdown.
INFO     | 2026-06-29 17:21:50,477 | SisterClient | 🤖 [GPT VISION] Codice analizzato per ROSIGNANO MARITTIMO FG 86 PART 545 -> Tentativo: 'natiure'
WARNING  | 2026-06-29 17:21:51,492 | SisterClient |    ⚠️ Tentativo [1/2] fallito (Codice errato). Sister ha rigenerato l'immagine.
INFO     | 2026-06-29 17:21:56,243 | SisterClient | 🤖 [GPT VISION] Codice analizzato per ROSIGNANO MARITTIMO FG 86 PART 545 -> Tentativo: 'erecosti'
WARNING  | 2026-06-29 17:21:57,231 | SisterClient |    ⚠️ Tentativo [2/2] fallito (Codice errato). Sister ha rigenerato l'immagine.
ERROR    | 2026-06-29 17:21:57,232 | SisterClient |    ❌ Falliti 2 tentativi di codice consecutivi per la particella 545.
ERROR    | 2026-06-29 17:21:57,986 | Orchestrator | Anomalia riscontrata sul record: Codice di sicurezza errato per 2 volte consecutive. Record saltato.
INFO     | 2026-06-29 17:21:57,988 | SisterClient | 🔄 Avvio della procedura di ritorno alla maschera principale...
INFO     | 2026-06-29 17:21:58,005 | SisterClient | ✅ Maschera principale agganciata con successo. Pronto per il prossimo job.
INFO     | 2026-06-29 17:21:58,006 | Orchestrator |    ⏳ Pausa mimetica: attendo 5.40 secondi prima del prossimo record...
INFO     | 2026-06-29 17:22:03,425 | Orchestrator | [162/167] Elaborazione chiave: ROSIGNANO MARITTIMO_86_550_NCT
INFO     | 2026-06-29 17:22:03,431 | SisterClient |    🎯 Form individuato nel Frame [0] (Tentativo radar 1/5). Verifica e iniezione dati...
INFO     | 2026-06-29 17:22:03,606 | SisterClient |    -> Comune 'ROSIGNANO MARITTIMO' già agganciato. Salto la selezione del dropdown.
INFO     | 2026-06-29 17:22:07,262 | SisterClient | 🤖 [GPT VISION] Codice analizzato per ROSIGNANO MARITTIMO FG 86 PART 550 -> Tentativo: 'scalte'
INFO     | 2026-06-29 17:22:08,552 | SisterClient |    ✅ Codice accettato o bypassato con successo al tentativo [1/2]!
INFO     | 2026-06-29 17:22:08,552 | CacheManager | Intercettazione del download per la visura: ROSIGNANO MARITTIMO_86_550_NCT
INFO     | 2026-06-29 17:22:12,621 | Orchestrator | Visura scaricata ed inserita in cache.
INFO     | 2026-06-29 17:22:12,622 | SisterClient | 🔄 Avvio della procedura di ritorno alla maschera principale...
INFO     | 2026-06-29 17:22:12,890 | SisterClient |    -> [Passo 1] Clic su bottone 'Indietro' strutturale.
INFO     | 2026-06-29 17:22:15,306 | SisterClient |    -> [Passo 2] Clic su bottone 'Indietro' strutturale.
INFO     | 2026-06-29 17:22:17,706 | SisterClient | ✅ Maschera principale agganciata con successo. Pronto per il prossimo job.
INFO     | 2026-06-29 17:22:17,710 | Orchestrator |    ⏳ Pausa mimetica: attendo 7.47 secondi prima del prossimo record...
INFO     | 2026-06-29 17:22:25,208 | Orchestrator | [163/167] Elaborazione chiave: ROSIGNANO MARITTIMO_86_520_NCF
INFO     | 2026-06-29 17:22:25,221 | SisterClient |    🎯 Form individuato nel Frame [0] (Tentativo radar 1/5). Verifica e iniezione dati...
INFO     | 2026-06-29 17:22:26,368 | SisterClient |    -> Comune 'ROSIGNANO MARITTIMO' già agganciato. Salto la selezione del dropdown.
INFO     | 2026-06-29 17:22:29,987 | SisterClient | 🤖 [GPT VISION] Codice analizzato per ROSIGNANO MARITTIMO FG 86 PART 520 -> Tentativo: 'appesogui'
WARNING  | 2026-06-29 17:22:31,104 | SisterClient |    ⚠️ Tentativo [1/2] fallito (Codice errato). Sister ha rigenerato l'immagine.
INFO     | 2026-06-29 17:22:33,155 | SisterClient | 🤖 [GPT VISION] Codice analizzato per ROSIGNANO MARITTIMO FG 86 PART 520 -> Tentativo: 'pefarvu'
INFO     | 2026-06-29 17:22:34,445 | SisterClient |    ✅ Codice accettato o bypassato con successo al tentativo [2/2]!
INFO     | 2026-06-29 17:22:34,449 | CacheManager | Intercettazione del download per la visura: ROSIGNANO MARITTIMO_86_520_NCF
INFO     | 2026-06-29 17:22:38,346 | Orchestrator | Visura scaricata ed inserita in cache.
INFO     | 2026-06-29 17:22:38,347 | SisterClient | 🔄 Avvio della procedura di ritorno alla maschera principale...
INFO     | 2026-06-29 17:22:38,635 | SisterClient |    -> [Passo 1] Clic su bottone 'Indietro' strutturale.
INFO     | 2026-06-29 17:22:40,967 | SisterClient |    -> [Passo 2] Clic su bottone 'Indietro' strutturale.
INFO     | 2026-06-29 17:22:43,365 | SisterClient | ✅ Maschera principale agganciata con successo. Pronto per il prossimo job.
INFO     | 2026-06-29 17:22:43,366 | Orchestrator |    ⏳ Pausa mimetica: attendo 7.51 secondi prima del prossimo record...
INFO     | 2026-06-29 17:22:50,892 | Orchestrator | [164/167] Elaborazione chiave: ROSIGNANO MARITTIMO_86_521_NCF
INFO     | 2026-06-29 17:22:50,902 | SisterClient |    🎯 Form individuato nel Frame [0] (Tentativo radar 1/5). Verifica e iniezione dati...
INFO     | 2026-06-29 17:22:50,971 | SisterClient |    -> Comune 'ROSIGNANO MARITTIMO' già agganciato. Salto la selezione del dropdown.
INFO     | 2026-06-29 17:22:52,630 | SisterClient |    🚀 [MASTER BYPASS] Pagina senza captcha rilevata! Applico un'esitazione dinamica di sicurezza...
INFO     | 2026-06-29 17:22:55,133 | SisterClient |    ✅ Codice accettato o bypassato con successo al tentativo [1/2]!
INFO     | 2026-06-29 17:22:55,133 | CacheManager | Intercettazione del download per la visura: ROSIGNANO MARITTIMO_86_521_NCF
INFO     | 2026-06-29 17:22:59,154 | Orchestrator | Visura scaricata ed inserita in cache.
INFO     | 2026-06-29 17:22:59,155 | SisterClient | 🔄 Avvio della procedura di ritorno alla maschera principale...
INFO     | 2026-06-29 17:22:59,476 | SisterClient |    -> [Passo 1] Clic su bottone 'Indietro' strutturale.
INFO     | 2026-06-29 17:23:01,735 | SisterClient |    -> [Passo 2] Clic su bottone 'Indietro' strutturale.
INFO     | 2026-06-29 17:23:04,060 | SisterClient | ✅ Maschera principale agganciata con successo. Pronto per il prossimo job.
INFO     | 2026-06-29 17:23:04,061 | Orchestrator |    ⏳ Pausa mimetica: attendo 5.10 secondi prima del prossimo record...
INFO     | 2026-06-29 17:23:09,175 | Orchestrator | [165/167] Elaborazione chiave: ROSIGNANO MARITTIMO_86_604_NCF
INFO     | 2026-06-29 17:23:09,182 | SisterClient |    🎯 Form individuato nel Frame [0] (Tentativo radar 1/5). Verifica e iniezione dati...
INFO     | 2026-06-29 17:23:09,221 | SisterClient |    -> Comune 'ROSIGNANO MARITTIMO' già agganciato. Salto la selezione del dropdown.
INFO     | 2026-06-29 17:23:12,918 | SisterClient | 🤖 [GPT VISION] Codice analizzato per ROSIGNANO MARITTIMO FG 86 PART 604 -> Tentativo: 'non posso aiutarti con questo.'
WARNING  | 2026-06-29 17:23:14,024 | SisterClient |    ⚠️ Tentativo [1/2] fallito (Codice errato). Sister ha rigenerato l'immagine.
INFO     | 2026-06-29 17:23:16,961 | SisterClient | 🤖 [GPT VISION] Codice analizzato per ROSIGNANO MARITTIMO FG 86 PART 604 -> Tentativo: 'ficurtei'
ERROR    | 2026-06-29 17:23:22,835 | Orchestrator | Anomalia riscontrata sul record: Il server di Sister ha risposto con Errore 500 (NullPointerException). Richiesto Hard Reset.
INFO     | 2026-06-29 17:23:22,842 | SisterClient | 🔄 Avvio della procedura di ritorno alla maschera principale...
WARNING  | 2026-06-29 17:23:22,874 | SisterClient |    -> [Passo 1] Nessun bottone rilevato (schermata di errore). Eseguo go_back() nativo...
INFO     | 2026-06-29 17:23:25,145 | SisterClient |    -> [Passo 2] Clic su bottone 'Indietro' strutturale.
WARNING  | 2026-06-29 17:23:27,469 | SisterClient |    -> [Passo 3] Nessun bottone rilevato (schermata di errore). Eseguo go_back() nativo...
INFO     | 2026-06-29 17:23:29,664 | SisterClient |    -> [Passo 4] Clic su bottone 'Indietro' strutturale.
WARNING  | 2026-06-29 17:23:31,923 | SisterClient |    -> [Passo 5] Nessun bottone rilevato (schermata di errore). Eseguo go_back() nativo...
WARNING  | 2026-06-29 17:23:34,076 | SisterClient |    🚨 Navigazione a ritroso fallita dopo 5 tentativi. Tento ricaricamento radice strutturale...
INFO     | 2026-06-29 17:23:34,090 | SisterClient |    -> Reset transazione server: vado alla radice dei servizi...
INFO     | 2026-06-29 17:23:36,680 | SisterClient |    -> Rigenerazione maschera pulita: vado a https://sister3.agenziaentrate.gov.it/Visure/SceltaLink.do?lista=IMM&codUfficio=LI
ERROR    | 2026-06-29 17:23:39,930 | Orchestrator | Impossibile ripristinare il modulo: Browser de-sincronizzato: forzato ricaricamento radice d'emergenza per resettare lo stato applicativo.
INFO     | 2026-06-29 17:23:39,931 | Orchestrator |    ⏳ Pausa mimetica: attendo 3.93 secondi prima del prossimo record...
INFO     | 2026-06-29 17:23:43,875 | Orchestrator | [166/167] Elaborazione chiave: ROSIGNANO MARITTIMO_98_117_AA_NCT
ERROR    | 2026-06-29 17:23:48,932 | Orchestrator | Anomalia riscontrata sul record: Impossibile agganciare la maschera nei frame per l'iniezione dei parametri (Timeout rendering struttura).
INFO     | 2026-06-29 17:23:48,935 | SisterClient | 🔄 Avvio della procedura di ritorno alla maschera principale...
WARNING  | 2026-06-29 17:23:48,945 | SisterClient |    -> [Passo 1] Nessun bottone rilevato (schermata di errore). Eseguo go_back() nativo...
WARNING  | 2026-06-29 17:23:51,142 | SisterClient |    -> [Passo 2] Nessun bottone rilevato (schermata di errore). Eseguo go_back() nativo...
INFO     | 2026-06-29 17:23:53,395 | SisterClient |    -> [Passo 3] Clic su bottone 'Indietro' strutturale.
WARNING  | 2026-06-29 17:23:55,644 | SisterClient |    -> [Passo 4] Nessun bottone rilevato (schermata di errore). Eseguo go_back() nativo...
INFO     | 2026-06-29 17:23:57,962 | SisterClient |    -> [Passo 5] Clic su bottone 'Indietro' strutturale.
WARNING  | 2026-06-29 17:24:00,195 | SisterClient |    🚨 Navigazione a ritroso fallita dopo 5 tentativi. Tento ricaricamento radice strutturale...
INFO     | 2026-06-29 17:24:00,197 | SisterClient |    -> Reset transazione server: vado alla radice dei servizi...
INFO     | 2026-06-29 17:24:02,463 | SisterClient |    -> Rigenerazione maschera pulita: vado a https://sister3.agenziaentrate.gov.it/Visure/SceltaLink.do?lista=IMM&codUfficio=LI
ERROR    | 2026-06-29 17:24:05,913 | Orchestrator | Impossibile ripristinare il modulo: Browser de-sincronizzato: forzato ricaricamento radice d'emergenza per resettare lo stato applicativo.
INFO     | 2026-06-29 17:24:05,914 | Orchestrator |    ⏳ Pausa mimetica: attendo 2.90 secondi prima del prossimo record...
INFO     | 2026-06-29 17:24:08,825 | Orchestrator | [167/167] Elaborazione chiave: ROSIGNANO MARITTIMO_98_117_AB_NCT
INFO     | 2026-06-29 17:24:08,850 | SisterClient |    🎯 Form individuato nel Frame [0] (Tentativo radar 1/5). Verifica e iniezione dati...
INFO     | 2026-06-29 17:24:08,901 | SisterClient |    -> Cambio comune rilevato. Imposto: ROSIGNANO MARITTIMO...
ERROR    | 2026-06-29 17:24:12,567 | Orchestrator | Anomalia riscontrata sul record: Il server di Sister ha risposto con Errore 500 (NullPointerException).
INFO     | 2026-06-29 17:24:12,572 | SisterClient | 🔄 Avvio della procedura di ritorno alla maschera principale...
WARNING  | 2026-06-29 17:24:12,636 | SisterClient |    -> [Passo 1] Nessun bottone rilevato (schermata di errore). Eseguo go_back() nativo...
INFO     | 2026-06-29 17:24:14,878 | SisterClient | ✅ Maschera principale agganciata con successo. Pronto per il prossimo job.
INFO     | 2026-06-29 17:24:14,879 | Orchestrator |    ⏳ Pausa mimetica: attendo 6.47 secondi prima del prossimo record...
INFO     | 2026-06-29 17:24:21,377 | Orchestrator | === [FASE 2.4] INIZIO ATTESA ELABORAZIONE ATTI DIFFERITI (20 MINUTI) === 
 ALTRIMENTI FAI IL LOGOUT E CHIUDI LA FINESTRA DEL BROWSER
INFO     | 2026-06-29 17:24:21,378 | Orchestrator | ⏱️ Sister sta elaborando i KO asincroni sullo sfondo... Mancano 20 minuti al recupero.
CRITICAL | 2026-06-29 17:24:57,053 | Orchestrator | Automazione interrotta o completata prematuramente: Page.wait_for_timeout: Target page, context or browser has been closed
INFO     | 2026-06-29 17:24:57,059 | Orchestrator | === [FASE 3] FINALIZZAZIONE OUTPUT E REPORTING ===
INFO     | 2026-06-29 17:24:57,064 | FolderBuilder | Avvio smistamento strutturato delle visure secondo il layout dinamico del cliente...
DEBUG    | 2026-06-29 17:24:57,086 | FolderBuilder | Smistato strutturato: LI-ROSIGNANO MARITTIMO-81-1145.pdf -> Campo FV 13
DEBUG    | 2026-06-29 17:24:57,091 | FolderBuilder | Smistato strutturato: LI-ROSIGNANO MARITTIMO-81-1145.pdf -> Campo FV 13\opere di invarianza idraulica
DEBUG    | 2026-06-29 17:24:57,097 | FolderBuilder | Smistato strutturato: LI-ROSIGNANO MARITTIMO-81-1148.pdf -> Campo FV 13
DEBUG    | 2026-06-29 17:24:57,101 | FolderBuilder | Smistato strutturato: LI-ROSIGNANO MARITTIMO-81-1148.pdf -> Campo FV 13\opere di invarianza idraulica
DEBUG    | 2026-06-29 17:24:57,105 | FolderBuilder | Smistato strutturato: LI-ROSIGNANO MARITTIMO-81-259-AA.pdf -> Campo FV 13
DEBUG    | 2026-06-29 17:24:57,111 | FolderBuilder | Smistato strutturato: LI-ROSIGNANO MARITTIMO-81-259-AB.pdf -> Campo FV 13
DEBUG    | 2026-06-29 17:24:57,117 | FolderBuilder | Smistato strutturato: LI-ROSIGNANO MARITTIMO-81-262.pdf -> Campo FV 13
DEBUG    | 2026-06-29 17:24:57,120 | FolderBuilder | Smistato strutturato: LI-ROSIGNANO MARITTIMO-81-262.pdf -> Campo FV 13\opere di invarianza idraulica
DEBUG    | 2026-06-29 17:24:57,126 | FolderBuilder | Smistato strutturato: LI-ROSIGNANO MARITTIMO-81-1151.pdf -> Campo FV 13
DEBUG    | 2026-06-29 17:24:57,132 | FolderBuilder | Smistato strutturato: LI-ROSIGNANO MARITTIMO-81-1154.pdf -> Campo FV 13
DEBUG    | 2026-06-29 17:24:57,137 | FolderBuilder | Smistato strutturato: LI-ROSIGNANO MARITTIMO-81-1157.pdf -> Campo FV 13
DEBUG    | 2026-06-29 17:24:57,141 | FolderBuilder | Smistato strutturato: LI-ROSIGNANO MARITTIMO-81-1157.pdf -> Campo FV 13\opere accessorie di invarianza idraulica
DEBUG    | 2026-06-29 17:24:57,146 | FolderBuilder | Smistato strutturato: LI-ROSIGNANO MARITTIMO-81-1157.pdf -> Campo FV 13\cabine
DEBUG    | 2026-06-29 17:24:57,150 | FolderBuilder | Smistato strutturato: LI-ROSIGNANO MARITTIMO-81-1157.pdf -> Campo FV 13\strade accesso esistenti
DEBUG    | 2026-06-29 17:24:57,153 | FolderBuilder | Smistato strutturato: LI-ROSIGNANO MARITTIMO-81-1157.pdf -> Campo FV 13\cancelli ingresso
DEBUG    | 2026-06-29 17:24:57,156 | FolderBuilder | Smistato strutturato: LI-ROSIGNANO MARITTIMO-81-1157.pdf -> Campo FV 13\opere di invarianza idraulica
DEBUG    | 2026-06-29 17:24:57,161 | FolderBuilder | Smistato strutturato: LI-ROSIGNANO MARITTIMO-81-1160.pdf -> Campo FV 13
DEBUG    | 2026-06-29 17:24:57,164 | FolderBuilder | Smistato strutturato: LI-ROSIGNANO MARITTIMO-81-1160.pdf -> Campo FV 13\opere accessorie di invarianza idraulica
DEBUG    | 2026-06-29 17:24:57,168 | FolderBuilder | Smistato strutturato: LI-ROSIGNANO MARITTIMO-81-1160.pdf -> Campo FV 13\strade accesso esistenti
DEBUG    | 2026-06-29 17:24:57,173 | FolderBuilder | Smistato strutturato: LI-ROSIGNANO MARITTIMO-81-1160.pdf -> Campo FV 13\cancelli ingresso
DEBUG    | 2026-06-29 17:24:57,177 | FolderBuilder | Smistato strutturato: LI-ROSIGNANO MARITTIMO-81-1160.pdf -> Campo FV 13\stradelle in progetto esterne impianto
DEBUG    | 2026-06-29 17:24:57,179 | FolderBuilder | Smistato strutturato: LI-ROSIGNANO MARITTIMO-81-1160.pdf -> Campo FV 13\opere di invarianza idraulica
DEBUG    | 2026-06-29 17:24:57,183 | FolderBuilder | Smistato strutturato: LI-ROSIGNANO MARITTIMO-81-1165.pdf -> Campo FV 13
DEBUG    | 2026-06-29 17:24:57,186 | FolderBuilder | Smistato strutturato: LI-ROSIGNANO MARITTIMO-81-1165.pdf -> Campo FV 13\opere di invarianza idraulica
DEBUG    | 2026-06-29 17:24:57,189 | FolderBuilder | Smistato strutturato: LI-ROSIGNANO MARITTIMO-81-1165.pdf -> Campo FV 13\strade accesso esistenti
DEBUG    | 2026-06-29 17:24:57,192 | FolderBuilder | Smistato strutturato: LI-ROSIGNANO MARITTIMO-81-1165.pdf -> Campo FV 13\opere accessorie di invarianza idraulica
DEBUG    | 2026-06-29 17:24:57,197 | FolderBuilder | Smistato strutturato: LI-ROSIGNANO MARITTIMO-86-717.pdf -> Campo FV 14
DEBUG    | 2026-06-29 17:24:57,200 | FolderBuilder | Smistato strutturato: LI-ROSIGNANO MARITTIMO-86-709.pdf -> Campo FV 14
DEBUG    | 2026-06-29 17:24:57,204 | FolderBuilder | Smistato strutturato: LI-ROSIGNANO MARITTIMO-86-706.pdf -> Campo FV 14
DEBUG    | 2026-06-29 17:24:57,207 | FolderBuilder | Smistato strutturato: LI-ROSIGNANO MARITTIMO-86-799.pdf -> Campo FV 14
DEBUG    | 2026-06-29 17:24:57,211 | FolderBuilder | Smistato strutturato: LI-ROSIGNANO MARITTIMO-86-799.pdf -> Campo FV 14\strade accesso esistenti
DEBUG    | 2026-06-29 17:24:57,215 | FolderBuilder | Smistato strutturato: LI-ROSIGNANO MARITTIMO-86-714.pdf -> Campo FV 14
DEBUG    | 2026-06-29 17:24:57,219 | FolderBuilder | Smistato strutturato: LI-ROSIGNANO MARITTIMO-86-712.pdf -> Campo FV 14
DEBUG    | 2026-06-29 17:24:57,222 | FolderBuilder | Smistato strutturato: LI-ROSIGNANO MARITTIMO-86-712.pdf -> Campo FV 14\opere di invarianza idraulica
DEBUG    | 2026-06-29 17:24:57,225 | FolderBuilder | Smistato strutturato: LI-ROSIGNANO MARITTIMO-86-712.pdf -> Campo FV 14\strade accesso esistenti
DEBUG    | 2026-06-29 17:24:57,229 | FolderBuilder | Smistato strutturato: LI-ROSIGNANO MARITTIMO-86-712.pdf -> Campo FV 14\opere accessorie di invarianza idraulica
DEBUG    | 2026-06-29 17:24:57,233 | FolderBuilder | Smistato strutturato: LI-ROSIGNANO MARITTIMO-86-713.pdf -> Campo FV 14
DEBUG    | 2026-06-29 17:24:57,236 | FolderBuilder | Smistato strutturato: LI-ROSIGNANO MARITTIMO-86-713.pdf -> Campo FV 14\opere di invarianza idraulica
DEBUG    | 2026-06-29 17:24:57,239 | FolderBuilder | Smistato strutturato: LI-ROSIGNANO MARITTIMO-86-713.pdf -> Campo FV 14\strade accesso esistenti
DEBUG    | 2026-06-29 17:24:57,242 | FolderBuilder | Smistato strutturato: LI-ROSIGNANO MARITTIMO-86-713.pdf -> Campo FV 14\opere accessorie di invarianza idraulica
DEBUG    | 2026-06-29 17:24:57,247 | FolderBuilder | Smistato strutturato: LI-ROSIGNANO MARITTIMO-86-707.pdf -> Campo FV 14
DEBUG    | 2026-06-29 17:24:57,250 | FolderBuilder | Smistato strutturato: LI-ROSIGNANO MARITTIMO-86-707.pdf -> Campo FV 14\opere di invarianza idraulica
DEBUG    | 2026-06-29 17:24:57,254 | FolderBuilder | Smistato strutturato: LI-ROSIGNANO MARITTIMO-86-710-AA.pdf -> Campo FV 14
DEBUG    | 2026-06-29 17:24:57,256 | FolderBuilder | Smistato strutturato: LI-ROSIGNANO MARITTIMO-86-710-AA.pdf -> Campo FV 14\opere di invarianza idraulica
DEBUG    | 2026-06-29 17:24:57,261 | FolderBuilder | Smistato strutturato: LI-ROSIGNANO MARITTIMO-86-710-AB.pdf -> Campo FV 14
DEBUG    | 2026-06-29 17:24:57,263 | FolderBuilder | Smistato strutturato: LI-ROSIGNANO MARITTIMO-86-710-AB.pdf -> Campo FV 14\opere di invarianza idraulica
DEBUG    | 2026-06-29 17:24:57,268 | FolderBuilder | Smistato strutturato: LI-ROSIGNANO MARITTIMO-86-796.pdf -> Campo FV 14
DEBUG    | 2026-06-29 17:24:57,271 | FolderBuilder | Smistato strutturato: LI-ROSIGNANO MARITTIMO-86-782.pdf -> Campo FV 14
DEBUG    | 2026-06-29 17:24:57,274 | FolderBuilder | Smistato strutturato: LI-ROSIGNANO MARITTIMO-86-782.pdf -> Campo FV 14\opere di invarianza idraulica
DEBUG    | 2026-06-29 17:24:57,279 | FolderBuilder | Smistato strutturato: LI-ROSIGNANO MARITTIMO-86-59.pdf -> Campo FV 14
DEBUG    | 2026-06-29 17:24:57,281 | FolderBuilder | Smistato strutturato: LI-ROSIGNANO MARITTIMO-86-59.pdf -> Campo FV 14\opere di invarianza idraulica
DEBUG    | 2026-06-29 17:24:57,285 | FolderBuilder | Smistato strutturato: LI-ROSIGNANO MARITTIMO-86-720.pdf -> Campo FV 14
DEBUG    | 2026-06-29 17:24:57,288 | FolderBuilder | Smistato strutturato: LI-ROSIGNANO MARITTIMO-86-722.pdf -> Campo FV 14
DEBUG    | 2026-06-29 17:24:57,291 | FolderBuilder | Smistato strutturato: LI-ROSIGNANO MARITTIMO-86-722.pdf -> Campo FV 14\opere accessorie di invarianza idraulica
DEBUG    | 2026-06-29 17:24:57,295 | FolderBuilder | Smistato strutturato: LI-ROSIGNANO MARITTIMO-86-722.pdf -> Campo FV 14\cabine
DEBUG    | 2026-06-29 17:24:57,298 | FolderBuilder | Smistato strutturato: LI-ROSIGNANO MARITTIMO-86-722.pdf -> Campo FV 14\strade accesso esistenti
DEBUG    | 2026-06-29 17:24:57,300 | FolderBuilder | Smistato strutturato: LI-ROSIGNANO MARITTIMO-86-722.pdf -> Campo FV 14\cancelli ingresso
DEBUG    | 2026-06-29 17:24:57,303 | FolderBuilder | Smistato strutturato: LI-ROSIGNANO MARITTIMO-86-722.pdf -> Campo FV 14\stradelle in progetto esterne impianto
DEBUG    | 2026-06-29 17:24:57,307 | FolderBuilder | Smistato strutturato: LI-ROSIGNANO MARITTIMO-86-722.pdf -> Campo FV 14\opere di invarianza idraulica
DEBUG    | 2026-06-29 17:24:57,311 | FolderBuilder | Smistato strutturato: LI-ROSIGNANO MARITTIMO-86-723.pdf -> Campo FV 14
DEBUG    | 2026-06-29 17:24:57,314 | FolderBuilder | Smistato strutturato: LI-ROSIGNANO MARITTIMO-86-723.pdf -> Campo FV 14\opere di invarianza idraulica
DEBUG    | 2026-06-29 17:24:57,317 | FolderBuilder | Smistato strutturato: LI-ROSIGNANO MARITTIMO-86-719.pdf -> Campo FV 14
DEBUG    | 2026-06-29 17:24:57,320 | FolderBuilder | Smistato strutturato: LI-ROSIGNANO MARITTIMO-86-719.pdf -> Campo FV 14\opere di invarianza idraulica
DEBUG    | 2026-06-29 17:24:57,325 | FolderBuilder | Smistato strutturato: LI-ROSIGNANO MARITTIMO-86-124.pdf -> Campo FV 14
DEBUG    | 2026-06-29 17:24:57,329 | FolderBuilder | Smistato strutturato: LI-ROSIGNANO MARITTIMO-86-124.pdf -> Campo FV 14\opere di invarianza idraulica
DEBUG    | 2026-06-29 17:24:57,333 | FolderBuilder | Smistato strutturato: LI-ROSIGNANO MARITTIMO-86-68.pdf -> Campo FV 14
DEBUG    | 2026-06-29 17:24:57,336 | FolderBuilder | Smistato strutturato: LI-ROSIGNANO MARITTIMO-86-68.pdf -> Campo FV 14\opere di invarianza idraulica
DEBUG    | 2026-06-29 17:24:57,338 | FolderBuilder | Smistato strutturato: LI-ROSIGNANO MARITTIMO-86-68.pdf -> Campo FV 14\cabine
DEBUG    | 2026-06-29 17:24:57,343 | FolderBuilder | Smistato strutturato: LI-ROSIGNANO MARITTIMO-86-87.pdf -> Campo FV 14
DEBUG    | 2026-06-29 17:24:57,346 | FolderBuilder | Smistato strutturato: LI-ROSIGNANO MARITTIMO-86-87.pdf -> Campo FV 14\opere accessorie di invarianza idraulica
DEBUG    | 2026-06-29 17:24:57,349 | FolderBuilder | Smistato strutturato: LI-ROSIGNANO MARITTIMO-86-87.pdf -> Campo FV 14\strade accesso esistenti
DEBUG    | 2026-06-29 17:24:57,352 | FolderBuilder | Smistato strutturato: LI-ROSIGNANO MARITTIMO-86-87.pdf -> Campo FV 14\cancelli ingresso
DEBUG    | 2026-06-29 17:24:57,355 | FolderBuilder | Smistato strutturato: LI-ROSIGNANO MARITTIMO-86-87.pdf -> Campo FV 14\opere di invarianza idraulica
DEBUG    | 2026-06-29 17:24:57,360 | FolderBuilder | Smistato strutturato: LI-ROSIGNANO MARITTIMO-86-86-AA.pdf -> Campo FV 14
DEBUG    | 2026-06-29 17:24:57,363 | FolderBuilder | Smistato strutturato: LI-ROSIGNANO MARITTIMO-86-86-AA.pdf -> Campo FV 14\opere di invarianza idraulica
DEBUG    | 2026-06-29 17:24:57,367 | FolderBuilder | Smistato strutturato: LI-ROSIGNANO MARITTIMO-86-86-AB.pdf -> Campo FV 14
DEBUG    | 2026-06-29 17:24:57,370 | FolderBuilder | Smistato strutturato: LI-ROSIGNANO MARITTIMO-86-86-AB.pdf -> Campo FV 14\opere di invarianza idraulica
DEBUG    | 2026-06-29 17:24:57,374 | FolderBuilder | Smistato strutturato: LI-ROSIGNANO MARITTIMO-86-765-601.pdf -> Campo FV 14
DEBUG    | 2026-06-29 17:24:57,377 | FolderBuilder | Smistato strutturato: LI-ROSIGNANO MARITTIMO-86-765-601.pdf -> Campo FV 14\opere di invarianza idraulica
DEBUG    | 2026-06-29 17:24:57,381 | FolderBuilder | Smistato strutturato: LI-ROSIGNANO MARITTIMO-86-606-AA.pdf -> Campo FV 14
DEBUG    | 2026-06-29 17:24:57,383 | FolderBuilder | Smistato strutturato: LI-ROSIGNANO MARITTIMO-86-606-AA.pdf -> Campo FV 14\opere di invarianza idraulica
DEBUG    | 2026-06-29 17:24:57,385 | FolderBuilder | Smistato strutturato: LI-ROSIGNANO MARITTIMO-86-606-AA.pdf -> Campo FV 14\strade accesso esistenti
DEBUG    | 2026-06-29 17:24:57,388 | FolderBuilder | Smistato strutturato: LI-ROSIGNANO MARITTIMO-86-606-AA.pdf -> Campo FV 14\stradelle in progetto esterne impianto
DEBUG    | 2026-06-29 17:24:57,392 | FolderBuilder | Smistato strutturato: LI-ROSIGNANO MARITTIMO-86-606-AB.pdf -> Campo FV 14
DEBUG    | 2026-06-29 17:24:57,396 | FolderBuilder | Smistato strutturato: LI-ROSIGNANO MARITTIMO-86-606-AB.pdf -> Campo FV 14\opere di invarianza idraulica
DEBUG    | 2026-06-29 17:24:57,399 | FolderBuilder | Smistato strutturato: LI-ROSIGNANO MARITTIMO-86-606-AB.pdf -> Campo FV 14\strade accesso esistenti
DEBUG    | 2026-06-29 17:24:57,401 | FolderBuilder | Smistato strutturato: LI-ROSIGNANO MARITTIMO-86-606-AB.pdf -> Campo FV 14\stradelle in progetto esterne impianto
DEBUG    | 2026-06-29 17:24:57,406 | FolderBuilder | Smistato strutturato: LI-ROSIGNANO MARITTIMO-90-62.pdf -> Campo FV 1
DEBUG    | 2026-06-29 17:24:57,410 | FolderBuilder | Smistato strutturato: LI-ROSIGNANO MARITTIMO-90-62.pdf -> Campo FV 1\strade accesso esistenti
DEBUG    | 2026-06-29 17:24:57,413 | FolderBuilder | Smistato strutturato: LI-ROSIGNANO MARITTIMO-90-62.pdf -> Campo FV 1\cancelli ingresso
DEBUG    | 2026-06-29 17:24:57,416 | FolderBuilder | Smistato strutturato: LI-ROSIGNANO MARITTIMO-90-62.pdf -> Campo FV 1\stradelle in progetto esterne impianto
DEBUG    | 2026-06-29 17:24:57,420 | FolderBuilder | Smistato strutturato: LI-ROSIGNANO MARITTIMO-90-62.pdf -> Campo FV 1\opere di invarianza idraulica
DEBUG    | 2026-06-29 17:24:57,423 | FolderBuilder | Smistato strutturato: LI-ROSIGNANO MARITTIMO-90-4-605.pdf -> Campo FV 1
DEBUG    | 2026-06-29 17:24:57,427 | FolderBuilder | Smistato strutturato: LI-ROSIGNANO MARITTIMO-90-4-605.pdf -> Campo FV 1\opere di invarianza idraulica
DEBUG    | 2026-06-29 17:24:57,430 | FolderBuilder | Smistato strutturato: LI-ROSIGNANO MARITTIMO-90-4-605.pdf -> Campo FV 1\strade accesso esistenti
DEBUG    | 2026-06-29 17:24:57,434 | FolderBuilder | Smistato strutturato: LI-ROSIGNANO MARITTIMO-90-4-605.pdf -> Campo FV 1\opere accessorie di invarianza idraulica
WARNING  | 2026-06-29 17:24:57,434 | FolderBuilder | File PDF non trovato in cache per la chiave: ROSIGNANO MARITTIMO_90_5_NCF (Impossibile smistare)
DEBUG    | 2026-06-29 17:24:57,440 | FolderBuilder | Smistato strutturato: LI-ROSIGNANO MARITTIMO-90-42.pdf -> Campo FV 1
DEBUG    | 2026-06-29 17:24:57,446 | FolderBuilder | Smistato strutturato: LI-ROSIGNANO MARITTIMO-90-63-610.pdf -> Campo FV 1
DEBUG    | 2026-06-29 17:24:57,451 | FolderBuilder | Smistato strutturato: LI-ROSIGNANO MARITTIMO-90-60.pdf -> Campo FV 1
DEBUG    | 2026-06-29 17:24:57,455 | FolderBuilder | Smistato strutturato: LI-ROSIGNANO MARITTIMO-90-9.pdf -> Campo FV 1
DEBUG    | 2026-06-29 17:24:57,459 | FolderBuilder | Smistato strutturato: LI-ROSIGNANO MARITTIMO-90-17.pdf -> Campo FV 1
DEBUG    | 2026-06-29 17:24:57,463 | FolderBuilder | Smistato strutturato: LI-ROSIGNANO MARITTIMO-90-17.pdf -> Campo FV 1\strade accesso esistenti
DEBUG    | 2026-06-29 17:24:57,466 | FolderBuilder | Smistato strutturato: LI-ROSIGNANO MARITTIMO-90-17.pdf -> Campo FV 1\cancelli ingresso
DEBUG    | 2026-06-29 17:24:57,469 | FolderBuilder | Smistato strutturato: LI-ROSIGNANO MARITTIMO-90-17.pdf -> Campo FV 1\stradelle in progetto esterne impianto
DEBUG    | 2026-06-29 17:24:57,473 | FolderBuilder | Smistato strutturato: LI-ROSIGNANO MARITTIMO-90-7.pdf -> Campo FV 1
DEBUG    | 2026-06-29 17:24:57,477 | FolderBuilder | Smistato strutturato: LI-ROSIGNANO MARITTIMO-90-59.pdf -> Campo FV 1
DEBUG    | 2026-06-29 17:24:57,480 | FolderBuilder | Smistato strutturato: LI-ROSIGNANO MARITTIMO-90-59.pdf -> Campo FV 1\opere di invarianza idraulica
DEBUG    | 2026-06-29 17:24:57,484 | FolderBuilder | Smistato strutturato: LI-ROSIGNANO MARITTIMO-90-47-602.pdf -> Campo FV 1
DEBUG    | 2026-06-29 17:24:57,487 | FolderBuilder | Smistato strutturato: LI-ROSIGNANO MARITTIMO-90-21.pdf -> Campo FV 1
DEBUG    | 2026-06-29 17:24:57,491 | FolderBuilder | Smistato strutturato: LI-ROSIGNANO MARITTIMO-90-22.pdf -> Campo FV 1
DEBUG    | 2026-06-29 17:24:57,494 | FolderBuilder | Smistato strutturato: LI-ROSIGNANO MARITTIMO-90-22.pdf -> Campo FV 1\cabine
DEBUG    | 2026-06-29 17:24:57,498 | FolderBuilder | Smistato strutturato: LI-ROSIGNANO MARITTIMO-90-11.pdf -> Campo FV 1
DEBUG    | 2026-06-29 17:24:57,501 | FolderBuilder | Smistato strutturato: LI-ROSIGNANO MARITTIMO-90-11.pdf -> Campo FV 1\opere accessorie di invarianza idraulica
DEBUG    | 2026-06-29 17:24:57,504 | FolderBuilder | Smistato strutturato: LI-ROSIGNANO MARITTIMO-90-11.pdf -> Campo FV 1\cabine
DEBUG    | 2026-06-29 17:24:57,506 | FolderBuilder | Smistato strutturato: LI-ROSIGNANO MARITTIMO-90-11.pdf -> Campo FV 1\strade accesso esistenti
DEBUG    | 2026-06-29 17:24:57,510 | FolderBuilder | Smistato strutturato: LI-ROSIGNANO MARITTIMO-90-11.pdf -> Campo FV 1\opere di invarianza idraulica
DEBUG    | 2026-06-29 17:24:57,515 | FolderBuilder | Smistato strutturato: LI-ROSIGNANO MARITTIMO-90-46-602.pdf -> Campo FV 1
DEBUG    | 2026-06-29 17:24:57,519 | FolderBuilder | Smistato strutturato: LI-ROSIGNANO MARITTIMO-90-46-602.pdf -> Campo FV 1\strade accesso esistenti
DEBUG    | 2026-06-29 17:24:57,524 | FolderBuilder | Smistato strutturato: LI-ROSIGNANO MARITTIMO-90-23.pdf -> Campo FV 1
DEBUG    | 2026-06-29 17:24:57,528 | FolderBuilder | Smistato strutturato: LI-ROSIGNANO MARITTIMO-90-23.pdf -> Campo FV 1\strade accesso esistenti
DEBUG    | 2026-06-29 17:24:57,535 | FolderBuilder | Smistato strutturato: LI-ROSIGNANO MARITTIMO-90-51.pdf -> Campo FV 17
DEBUG    | 2026-06-29 17:24:57,539 | FolderBuilder | Smistato strutturato: LI-ROSIGNANO MARITTIMO-90-51.pdf -> Campo FV 17\opere accessorie di invarianza idraulica
DEBUG    | 2026-06-29 17:24:57,543 | FolderBuilder | Smistato strutturato: LI-ROSIGNANO MARITTIMO-90-51.pdf -> Campo FV 17\cabine
DEBUG    | 2026-06-29 17:24:57,546 | FolderBuilder | Smistato strutturato: LI-ROSIGNANO MARITTIMO-90-51.pdf -> Campo FV 17\strade accesso esistenti
DEBUG    | 2026-06-29 17:24:57,550 | FolderBuilder | Smistato strutturato: LI-ROSIGNANO MARITTIMO-90-51.pdf -> Campo FV 17\cancelli ingresso
DEBUG    | 2026-06-29 17:24:57,554 | FolderBuilder | Smistato strutturato: LI-ROSIGNANO MARITTIMO-90-51.pdf -> Campo FV 17\stradelle in progetto esterne impianto
DEBUG    | 2026-06-29 17:24:57,557 | FolderBuilder | Smistato strutturato: LI-ROSIGNANO MARITTIMO-90-51.pdf -> Campo FV 17\opere di invarianza idraulica
DEBUG    | 2026-06-29 17:24:57,561 | FolderBuilder | Smistato strutturato: LI-ROSIGNANO MARITTIMO-90-13-AA.pdf -> Campo FV 17
DEBUG    | 2026-06-29 17:24:57,564 | FolderBuilder | Smistato strutturato: LI-ROSIGNANO MARITTIMO-90-13-AA.pdf -> Campo FV 17\opere di invarianza idraulica
DEBUG    | 2026-06-29 17:24:57,566 | FolderBuilder | Smistato strutturato: LI-ROSIGNANO MARITTIMO-90-13-AA.pdf -> Campo FV 17\strade accesso esistenti
DEBUG    | 2026-06-29 17:24:57,569 | FolderBuilder | Smistato strutturato: LI-ROSIGNANO MARITTIMO-90-13-AA.pdf -> Campo FV 17\opere accessorie di invarianza idraulica
DEBUG    | 2026-06-29 17:24:57,574 | FolderBuilder | Smistato strutturato: LI-ROSIGNANO MARITTIMO-90-13-AB.pdf -> Campo FV 17
DEBUG    | 2026-06-29 17:24:57,578 | FolderBuilder | Smistato strutturato: LI-ROSIGNANO MARITTIMO-90-13-AB.pdf -> Campo FV 17\opere di invarianza idraulica
DEBUG    | 2026-06-29 17:24:57,580 | FolderBuilder | Smistato strutturato: LI-ROSIGNANO MARITTIMO-90-13-AB.pdf -> Campo FV 17\strade accesso esistenti
DEBUG    | 2026-06-29 17:24:57,584 | FolderBuilder | Smistato strutturato: LI-ROSIGNANO MARITTIMO-90-13-AB.pdf -> Campo FV 17\opere accessorie di invarianza idraulica
DEBUG    | 2026-06-29 17:24:57,587 | FolderBuilder | Smistato strutturato: LI-ROSIGNANO MARITTIMO-92-5-AA.pdf -> Campo FV 2
DEBUG    | 2026-06-29 17:24:57,591 | FolderBuilder | Smistato strutturato: LI-ROSIGNANO MARITTIMO-92-5-AA.pdf -> Campo FV 2\strade accesso esistenti
DEBUG    | 2026-06-29 17:24:57,595 | FolderBuilder | Smistato strutturato: LI-ROSIGNANO MARITTIMO-92-5-AA.pdf -> Campo FV 2\opere accessorie di invarianza idraulica
DEBUG    | 2026-06-29 17:24:57,598 | FolderBuilder | Smistato strutturato: LI-ROSIGNANO MARITTIMO-92-5-AB.pdf -> Campo FV 2
DEBUG    | 2026-06-29 17:24:57,601 | FolderBuilder | Smistato strutturato: LI-ROSIGNANO MARITTIMO-92-5-AB.pdf -> Campo FV 2\strade accesso esistenti
DEBUG    | 2026-06-29 17:24:57,604 | FolderBuilder | Smistato strutturato: LI-ROSIGNANO MARITTIMO-92-5-AB.pdf -> Campo FV 2\opere accessorie di invarianza idraulica
DEBUG    | 2026-06-29 17:24:57,609 | FolderBuilder | Smistato strutturato: LI-ROSIGNANO MARITTIMO-92-6.pdf -> Campo FV 2
DEBUG    | 2026-06-29 17:24:57,613 | FolderBuilder | Smistato strutturato: LI-ROSIGNANO MARITTIMO-92-6.pdf -> Campo FV 2\opere di invarianza idraulica
DEBUG    | 2026-06-29 17:24:57,616 | FolderBuilder | Smistato strutturato: LI-ROSIGNANO MARITTIMO-92-6.pdf -> Campo FV 2\strade accesso esistenti
DEBUG    | 2026-06-29 17:24:57,619 | FolderBuilder | Smistato strutturato: LI-ROSIGNANO MARITTIMO-92-6.pdf -> Campo FV 2\opere accessorie di invarianza idraulica
DEBUG    | 2026-06-29 17:24:57,623 | FolderBuilder | Smistato strutturato: LI-ROSIGNANO MARITTIMO-92-10-AA.pdf -> Campo FV 2
DEBUG    | 2026-06-29 17:24:57,628 | FolderBuilder | Smistato strutturato: LI-ROSIGNANO MARITTIMO-92-10-AB.pdf -> Campo FV 2
DEBUG    | 2026-06-29 17:24:57,631 | FolderBuilder | Smistato strutturato: LI-ROSIGNANO MARITTIMO-92-9.pdf -> Campo FV 2
DEBUG    | 2026-06-29 17:24:57,634 | FolderBuilder | Smistato strutturato: LI-ROSIGNANO MARITTIMO-92-9.pdf -> Campo FV 2\opere di invarianza idraulica
DEBUG    | 2026-06-29 17:24:57,638 | FolderBuilder | Smistato strutturato: LI-ROSIGNANO MARITTIMO-92-44.pdf -> Campo FV 2
DEBUG    | 2026-06-29 17:24:57,643 | FolderBuilder | Smistato strutturato: LI-ROSIGNANO MARITTIMO-92-11-AA.pdf -> Campo FV 2
DEBUG    | 2026-06-29 17:24:57,647 | FolderBuilder | Smistato strutturato: LI-ROSIGNANO MARITTIMO-92-11-AA.pdf -> Campo FV 2\cabine
DEBUG    | 2026-06-29 17:24:57,651 | FolderBuilder | Smistato strutturato: LI-ROSIGNANO MARITTIMO-92-11-AA.pdf -> Campo FV 2\cancelli ingresso
DEBUG    | 2026-06-29 17:24:57,654 | FolderBuilder | Smistato strutturato: LI-ROSIGNANO MARITTIMO-92-11-AA.pdf -> Campo FV 2\stradelle in progetto esterne impianto
DEBUG    | 2026-06-29 17:24:57,658 | FolderBuilder | Smistato strutturato: LI-ROSIGNANO MARITTIMO-92-11-AA.pdf -> Campo FV 2\opere di invarianza idraulica
DEBUG    | 2026-06-29 17:24:57,663 | FolderBuilder | Smistato strutturato: LI-ROSIGNANO MARITTIMO-92-11-AB.pdf -> Campo FV 2
DEBUG    | 2026-06-29 17:24:57,666 | FolderBuilder | Smistato strutturato: LI-ROSIGNANO MARITTIMO-92-11-AB.pdf -> Campo FV 2\opere di invarianza idraulica
DEBUG    | 2026-06-29 17:24:57,668 | FolderBuilder | Smistato strutturato: LI-ROSIGNANO MARITTIMO-92-11-AB.pdf -> Campo FV 2\stradelle in progetto esterne impianto
DEBUG    | 2026-06-29 17:24:57,672 | FolderBuilder | Smistato strutturato: LI-ROSIGNANO MARITTIMO-92-11-AC.pdf -> Campo FV 2
DEBUG    | 2026-06-29 17:24:57,677 | FolderBuilder | Smistato strutturato: LI-ROSIGNANO MARITTIMO-92-11-AC.pdf -> Campo FV 2\opere di invarianza idraulica
DEBUG    | 2026-06-29 17:24:57,679 | FolderBuilder | Smistato strutturato: LI-ROSIGNANO MARITTIMO-92-11-AC.pdf -> Campo FV 2\stradelle in progetto esterne impianto
DEBUG    | 2026-06-29 17:24:57,684 | FolderBuilder | Smistato strutturato: LI-ROSIGNANO MARITTIMO-92-39.pdf -> Campo FV 2
DEBUG    | 2026-06-29 17:24:57,690 | FolderBuilder | Smistato strutturato: LI-ROSIGNANO MARITTIMO-98-138.pdf -> Campo FV 3+4
DEBUG    | 2026-06-29 17:24:57,694 | FolderBuilder | Smistato strutturato: LI-ROSIGNANO MARITTIMO-98-139.pdf -> Campo FV 3+4
DEBUG    | 2026-06-29 17:24:57,699 | FolderBuilder | Smistato strutturato: LI-ROSIGNANO MARITTIMO-98-154.pdf -> Campo FV 3+4
DEBUG    | 2026-06-29 17:24:57,703 | FolderBuilder | Smistato strutturato: LI-ROSIGNANO MARITTIMO-98-154.pdf -> Campo FV 3+4\opere di invarianza idraulica
DEBUG    | 2026-06-29 17:24:57,706 | FolderBuilder | Smistato strutturato: LI-ROSIGNANO MARITTIMO-98-154.pdf -> Campo FV 3+4\strade accesso esistenti
DEBUG    | 2026-06-29 17:24:57,711 | FolderBuilder | Smistato strutturato: LI-ROSIGNANO MARITTIMO-98-155.pdf -> Campo FV 3+4
DEBUG    | 2026-06-29 17:24:57,715 | FolderBuilder | Smistato strutturato: LI-ROSIGNANO MARITTIMO-98-155.pdf -> Campo FV 3+4\strade accesso esistenti
DEBUG    | 2026-06-29 17:24:57,720 | FolderBuilder | Smistato strutturato: LI-ROSIGNANO MARITTIMO-98-44.pdf -> Campo FV 3+4
DEBUG    | 2026-06-29 17:24:57,723 | FolderBuilder | Smistato strutturato: LI-ROSIGNANO MARITTIMO-98-44.pdf -> Campo FV 3+4\strade accesso esistenti
DEBUG    | 2026-06-29 17:24:57,727 | FolderBuilder | Smistato strutturato: LI-ROSIGNANO MARITTIMO-98-153.pdf -> Campo FV 3+4
DEBUG    | 2026-06-29 17:24:57,731 | FolderBuilder | Smistato strutturato: LI-ROSIGNANO MARITTIMO-98-153.pdf -> Campo FV 3+4\opere accessorie di invarianza idraulica
DEBUG    | 2026-06-29 17:24:57,734 | FolderBuilder | Smistato strutturato: LI-ROSIGNANO MARITTIMO-98-153.pdf -> Campo FV 3+4\cabine
DEBUG    | 2026-06-29 17:24:57,736 | FolderBuilder | Smistato strutturato: LI-ROSIGNANO MARITTIMO-98-153.pdf -> Campo FV 3+4\strade accesso esistenti
DEBUG    | 2026-06-29 17:24:57,740 | FolderBuilder | Smistato strutturato: LI-ROSIGNANO MARITTIMO-98-153.pdf -> Campo FV 3+4\cancelli ingresso
DEBUG    | 2026-06-29 17:24:57,744 | FolderBuilder | Smistato strutturato: LI-ROSIGNANO MARITTIMO-98-153.pdf -> Campo FV 3+4\opere di invarianza idraulica
DEBUG    | 2026-06-29 17:24:57,748 | FolderBuilder | Smistato strutturato: LI-ROSIGNANO MARITTIMO-98-8-AA.pdf -> Campo FV 3+4
DEBUG    | 2026-06-29 17:24:57,751 | FolderBuilder | Smistato strutturato: LI-ROSIGNANO MARITTIMO-98-8-AA.pdf -> Campo FV 3+4\opere di invarianza idraulica
DEBUG    | 2026-06-29 17:24:57,755 | FolderBuilder | Smistato strutturato: LI-ROSIGNANO MARITTIMO-98-8-AB.pdf -> Campo FV 3+4
DEBUG    | 2026-06-29 17:24:57,758 | FolderBuilder | Smistato strutturato: LI-ROSIGNANO MARITTIMO-98-8-AB.pdf -> Campo FV 3+4\opere di invarianza idraulica
DEBUG    | 2026-06-29 17:24:57,763 | FolderBuilder | Smistato strutturato: LI-ROSIGNANO MARITTIMO-98-40.pdf -> Campo FV 3+4
DEBUG    | 2026-06-29 17:24:57,767 | FolderBuilder | Smistato strutturato: LI-ROSIGNANO MARITTIMO-98-40.pdf -> Campo FV 3+4\opere di invarianza idraulica
DEBUG    | 2026-06-29 17:24:57,770 | FolderBuilder | Smistato strutturato: LI-ROSIGNANO MARITTIMO-98-161.pdf -> Campo FV 3+4
DEBUG    | 2026-06-29 17:24:57,773 | FolderBuilder | Smistato strutturato: LI-ROSIGNANO MARITTIMO-98-161.pdf -> Campo FV 3+4\opere accessorie di invarianza idraulica
DEBUG    | 2026-06-29 17:24:57,777 | FolderBuilder | Smistato strutturato: LI-ROSIGNANO MARITTIMO-98-161.pdf -> Campo FV 3+4\cabine
DEBUG    | 2026-06-29 17:24:57,779 | FolderBuilder | Smistato strutturato: LI-ROSIGNANO MARITTIMO-98-161.pdf -> Campo FV 3+4\strade accesso esistenti
DEBUG    | 2026-06-29 17:24:57,781 | FolderBuilder | Smistato strutturato: LI-ROSIGNANO MARITTIMO-98-161.pdf -> Campo FV 3+4\opere di invarianza idraulica
DEBUG    | 2026-06-29 17:24:57,785 | FolderBuilder | Smistato strutturato: LI-ROSIGNANO MARITTIMO-98-162.pdf -> Campo FV 3+4
DEBUG    | 2026-06-29 17:24:57,789 | FolderBuilder | Smistato strutturato: LI-ROSIGNANO MARITTIMO-98-163.pdf -> Campo FV 3+4
DEBUG    | 2026-06-29 17:24:57,792 | FolderBuilder | Smistato strutturato: LI-ROSIGNANO MARITTIMO-98-163.pdf -> Campo FV 3+4\opere accessorie di invarianza idraulica
DEBUG    | 2026-06-29 17:24:57,795 | FolderBuilder | Smistato strutturato: LI-ROSIGNANO MARITTIMO-98-163.pdf -> Campo FV 3+4\cabine
DEBUG    | 2026-06-29 17:24:57,799 | FolderBuilder | Smistato strutturato: LI-ROSIGNANO MARITTIMO-98-163.pdf -> Campo FV 3+4\strade accesso esistenti
DEBUG    | 2026-06-29 17:24:57,803 | FolderBuilder | Smistato strutturato: LI-ROSIGNANO MARITTIMO-98-163.pdf -> Campo FV 3+4\cancelli ingresso
DEBUG    | 2026-06-29 17:24:57,806 | FolderBuilder | Smistato strutturato: LI-ROSIGNANO MARITTIMO-98-163.pdf -> Campo FV 3+4\stradelle in progetto esterne impianto
DEBUG    | 2026-06-29 17:24:57,810 | FolderBuilder | Smistato strutturato: LI-ROSIGNANO MARITTIMO-98-163.pdf -> Campo FV 3+4\opere di invarianza idraulica
DEBUG    | 2026-06-29 17:24:57,814 | FolderBuilder | Smistato strutturato: LI-ROSIGNANO MARITTIMO-98-46.pdf -> Campo FV 3+4
DEBUG    | 2026-06-29 17:24:57,817 | FolderBuilder | Smistato strutturato: LI-ROSIGNANO MARITTIMO-98-46.pdf -> Campo FV 3+4\strade accesso esistenti
DEBUG    | 2026-06-29 17:24:57,821 | FolderBuilder | Smistato strutturato: LI-ROSIGNANO MARITTIMO-98-45.pdf -> Campo FV 5
DEBUG    | 2026-06-29 17:24:57,824 | FolderBuilder | Smistato strutturato: LI-ROSIGNANO MARITTIMO-98-85.pdf -> Campo FV 5
DEBUG    | 2026-06-29 17:24:57,829 | FolderBuilder | Smistato strutturato: LI-ROSIGNANO MARITTIMO-98-85.pdf -> Campo FV 5\opere accessorie di invarianza idraulica
DEBUG    | 2026-06-29 17:24:57,837 | FolderBuilder | Smistato strutturato: LI-ROSIGNANO MARITTIMO-98-85.pdf -> Campo FV 5\cabine
DEBUG    | 2026-06-29 17:24:57,840 | FolderBuilder | Smistato strutturato: LI-ROSIGNANO MARITTIMO-98-85.pdf -> Campo FV 5\strade accesso esistenti
DEBUG    | 2026-06-29 17:24:57,844 | FolderBuilder | Smistato strutturato: LI-ROSIGNANO MARITTIMO-98-85.pdf -> Campo FV 5\cancelli ingresso
DEBUG    | 2026-06-29 17:24:57,847 | FolderBuilder | Smistato strutturato: LI-ROSIGNANO MARITTIMO-98-85.pdf -> Campo FV 5\stradelle in progetto esterne impianto
DEBUG    | 2026-06-29 17:24:57,850 | FolderBuilder | Smistato strutturato: LI-ROSIGNANO MARITTIMO-98-85.pdf -> Campo FV 5\opere di invarianza idraulica
DEBUG    | 2026-06-29 17:24:57,854 | FolderBuilder | Smistato strutturato: LI-ROSIGNANO MARITTIMO-98-86.pdf -> Campo FV 5
DEBUG    | 2026-06-29 17:24:57,856 | FolderBuilder | Smistato strutturato: LI-ROSIGNANO MARITTIMO-98-86.pdf -> Campo FV 5\opere accessorie di invarianza idraulica
DEBUG    | 2026-06-29 17:24:57,860 | FolderBuilder | Smistato strutturato: LI-ROSIGNANO MARITTIMO-98-86.pdf -> Campo FV 5\cabine
DEBUG    | 2026-06-29 17:24:57,863 | FolderBuilder | Smistato strutturato: LI-ROSIGNANO MARITTIMO-98-86.pdf -> Campo FV 5\strade accesso esistenti
DEBUG    | 2026-06-29 17:24:57,866 | FolderBuilder | Smistato strutturato: LI-ROSIGNANO MARITTIMO-98-86.pdf -> Campo FV 5\opere di invarianza idraulica
DEBUG    | 2026-06-29 17:24:57,869 | FolderBuilder | Smistato strutturato: LI-ROSIGNANO MARITTIMO-98-87.pdf -> Campo FV 5
DEBUG    | 2026-06-29 17:24:57,871 | FolderBuilder | Smistato strutturato: LI-ROSIGNANO MARITTIMO-98-87.pdf -> Campo FV 5\strade accesso esistenti
DEBUG    | 2026-06-29 17:24:57,876 | FolderBuilder | Smistato strutturato: LI-ROSIGNANO MARITTIMO-102-302.pdf -> Campo FV 5
DEBUG    | 2026-06-29 17:24:57,880 | FolderBuilder | Smistato strutturato: LI-ROSIGNANO MARITTIMO-102-302.pdf -> Campo FV 5\strade accesso esistenti
DEBUG    | 2026-06-29 17:24:57,883 | FolderBuilder | Smistato strutturato: LI-ROSIGNANO MARITTIMO-102-303.pdf -> Campo FV 5
DEBUG    | 2026-06-29 17:24:57,886 | FolderBuilder | Smistato strutturato: LI-ROSIGNANO MARITTIMO-102-300.pdf -> Campo FV 5
DEBUG    | 2026-06-29 17:24:57,888 | FolderBuilder | Smistato strutturato: LI-ROSIGNANO MARITTIMO-102-300.pdf -> Campo FV 5\opere di invarianza idraulica
DEBUG    | 2026-06-29 17:24:57,891 | FolderBuilder | Smistato strutturato: LI-ROSIGNANO MARITTIMO-102-300.pdf -> Campo FV 5\strade accesso esistenti
DEBUG    | 2026-06-29 17:24:57,895 | FolderBuilder | Smistato strutturato: LI-ROSIGNANO MARITTIMO-102-300.pdf -> Campo FV 5\opere accessorie di invarianza idraulica
DEBUG    | 2026-06-29 17:24:57,900 | FolderBuilder | Smistato strutturato: LI-ROSIGNANO MARITTIMO-102-301.pdf -> Campo FV 5
DEBUG    | 2026-06-29 17:24:57,902 | FolderBuilder | Smistato strutturato: LI-ROSIGNANO MARITTIMO-102-301.pdf -> Campo FV 5\opere accessorie di invarianza idraulica
DEBUG    | 2026-06-29 17:24:57,905 | FolderBuilder | Smistato strutturato: LI-ROSIGNANO MARITTIMO-102-301.pdf -> Campo FV 5\cabine
DEBUG    | 2026-06-29 17:24:57,907 | FolderBuilder | Smistato strutturato: LI-ROSIGNANO MARITTIMO-102-301.pdf -> Campo FV 5\strade accesso esistenti
DEBUG    | 2026-06-29 17:24:57,911 | FolderBuilder | Smistato strutturato: LI-ROSIGNANO MARITTIMO-102-301.pdf -> Campo FV 5\cancelli ingresso
DEBUG    | 2026-06-29 17:24:57,914 | FolderBuilder | Smistato strutturato: LI-ROSIGNANO MARITTIMO-102-301.pdf -> Campo FV 5\stradelle in progetto esterne impianto
DEBUG    | 2026-06-29 17:24:57,917 | FolderBuilder | Smistato strutturato: LI-ROSIGNANO MARITTIMO-102-301.pdf -> Campo FV 5\opere di invarianza idraulica
DEBUG    | 2026-06-29 17:24:57,920 | FolderBuilder | Smistato strutturato: LI-ROSIGNANO MARITTIMO-102-350.pdf -> Campo FV 5
DEBUG    | 2026-06-29 17:24:57,923 | FolderBuilder | Smistato strutturato: LI-ROSIGNANO MARITTIMO-98-79.pdf -> Campo FV 7
DEBUG    | 2026-06-29 17:24:57,927 | FolderBuilder | Smistato strutturato: LI-ROSIGNANO MARITTIMO-98-79.pdf -> Campo FV 7\opere accessorie di invarianza idraulica
DEBUG    | 2026-06-29 17:24:57,930 | FolderBuilder | Smistato strutturato: LI-ROSIGNANO MARITTIMO-98-79.pdf -> Campo FV 7\strade accesso esistenti
DEBUG    | 2026-06-29 17:24:57,933 | FolderBuilder | Smistato strutturato: LI-ROSIGNANO MARITTIMO-98-79.pdf -> Campo FV 7\cancelli ingresso
DEBUG    | 2026-06-29 17:24:57,937 | FolderBuilder | Smistato strutturato: LI-ROSIGNANO MARITTIMO-98-79.pdf -> Campo FV 7\stradelle in progetto esterne impianto
DEBUG    | 2026-06-29 17:24:57,940 | FolderBuilder | Smistato strutturato: LI-ROSIGNANO MARITTIMO-98-79.pdf -> Campo FV 7\opere di invarianza idraulica
DEBUG    | 2026-06-29 17:24:57,945 | FolderBuilder | Smistato strutturato: LI-ROSIGNANO MARITTIMO-98-81.pdf -> Campo FV 7
DEBUG    | 2026-06-29 17:24:57,947 | FolderBuilder | Smistato strutturato: LI-ROSIGNANO MARITTIMO-98-81.pdf -> Campo FV 7\opere accessorie di invarianza idraulica
DEBUG    | 2026-06-29 17:24:57,950 | FolderBuilder | Smistato strutturato: LI-ROSIGNANO MARITTIMO-98-81.pdf -> Campo FV 7\cabine
DEBUG    | 2026-06-29 17:24:57,953 | FolderBuilder | Smistato strutturato: LI-ROSIGNANO MARITTIMO-98-81.pdf -> Campo FV 7\strade accesso esistenti
DEBUG    | 2026-06-29 17:24:57,956 | FolderBuilder | Smistato strutturato: LI-ROSIGNANO MARITTIMO-98-81.pdf -> Campo FV 7\cancelli ingresso
DEBUG    | 2026-06-29 17:24:57,959 | FolderBuilder | Smistato strutturato: LI-ROSIGNANO MARITTIMO-98-81.pdf -> Campo FV 7\stradelle in progetto esterne impianto
DEBUG    | 2026-06-29 17:24:57,963 | FolderBuilder | Smistato strutturato: LI-ROSIGNANO MARITTIMO-98-81.pdf -> Campo FV 7\opere di invarianza idraulica
DEBUG    | 2026-06-29 17:24:57,967 | FolderBuilder | Smistato strutturato: LI-ROSIGNANO MARITTIMO-98-101.pdf -> Campo AGRO 7
DEBUG    | 2026-06-29 17:24:57,970 | FolderBuilder | Smistato strutturato: LI-ROSIGNANO MARITTIMO-98-13-AA.pdf -> Campo AGRO 7
DEBUG    | 2026-06-29 17:24:57,972 | FolderBuilder | Smistato strutturato: LI-ROSIGNANO MARITTIMO-98-13-AB.pdf -> Campo AGRO 7
DEBUG    | 2026-06-29 17:24:57,978 | FolderBuilder | Smistato strutturato: LI-ROSIGNANO MARITTIMO-98-16.pdf -> Campo AGRO 7
DEBUG    | 2026-06-29 17:24:57,981 | FolderBuilder | Smistato strutturato: LI-ROSIGNANO MARITTIMO-98-16.pdf -> Campo AGRO 7\opere accessorie di invarianza idraulica
DEBUG    | 2026-06-29 17:24:57,983 | FolderBuilder | Smistato strutturato: LI-ROSIGNANO MARITTIMO-98-16.pdf -> Campo AGRO 7\cabine
DEBUG    | 2026-06-29 17:24:57,987 | FolderBuilder | Smistato strutturato: LI-ROSIGNANO MARITTIMO-98-16.pdf -> Campo AGRO 7\strade accesso esistenti
DEBUG    | 2026-06-29 17:24:57,990 | FolderBuilder | Smistato strutturato: LI-ROSIGNANO MARITTIMO-98-16.pdf -> Campo AGRO 7\cancelli ingresso
DEBUG    | 2026-06-29 17:24:57,994 | FolderBuilder | Smistato strutturato: LI-ROSIGNANO MARITTIMO-98-16.pdf -> Campo AGRO 7\stradelle in progetto esterne impianto
DEBUG    | 2026-06-29 17:24:57,998 | FolderBuilder | Smistato strutturato: LI-ROSIGNANO MARITTIMO-98-16.pdf -> Campo AGRO 7\opere di invarianza idraulica
DEBUG    | 2026-06-29 17:24:58,001 | FolderBuilder | Smistato strutturato: LI-ROSIGNANO MARITTIMO-98-4-AA.pdf -> Campo AGRO 7
DEBUG    | 2026-06-29 17:24:58,004 | FolderBuilder | Smistato strutturato: LI-ROSIGNANO MARITTIMO-98-4-AA.pdf -> Campo AGRO 7\opere di invarianza idraulica
DEBUG    | 2026-06-29 17:24:58,008 | FolderBuilder | Smistato strutturato: LI-ROSIGNANO MARITTIMO-98-4-AB.pdf -> Campo AGRO 7
DEBUG    | 2026-06-29 17:24:58,011 | FolderBuilder | Smistato strutturato: LI-ROSIGNANO MARITTIMO-98-4-AB.pdf -> Campo AGRO 7\opere di invarianza idraulica
WARNING  | 2026-06-29 17:24:58,012 | FolderBuilder | File PDF non trovato in cache per la chiave: ROSIGNANO MARITTIMO_98_17_AA_NCT (Impossibile smistare)
DEBUG    | 2026-06-29 17:24:58,016 | FolderBuilder | Smistato strutturato: LI-ROSIGNANO MARITTIMO-98-17-AB.pdf -> Campo AGRO 7
DEBUG    | 2026-06-29 17:24:58,020 | FolderBuilder | Smistato strutturato: LI-ROSIGNANO MARITTIMO-98-171.pdf -> Campo AGRO 9
DEBUG    | 2026-06-29 17:24:58,022 | FolderBuilder | Smistato strutturato: LI-ROSIGNANO MARITTIMO-98-171.pdf -> Campo AGRO 9\cabine
DEBUG    | 2026-06-29 17:24:58,029 | FolderBuilder | Smistato strutturato: LI-ROSIGNANO MARITTIMO-98-171.pdf -> Campo AGRO 9\cancelli ingresso
DEBUG    | 2026-06-29 17:24:58,034 | FolderBuilder | Smistato strutturato: LI-ROSIGNANO MARITTIMO-98-171.pdf -> Campo AGRO 9\stradelle in progetto esterne impianto
DEBUG    | 2026-06-29 17:24:58,037 | FolderBuilder | Smistato strutturato: LI-ROSIGNANO MARITTIMO-98-171.pdf -> Campo AGRO 9\opere di invarianza idraulica
WARNING  | 2026-06-29 17:24:58,038 | FolderBuilder | File PDF non trovato in cache per la chiave: ROSIGNANO MARITTIMO_98_29_AA_NCT (Impossibile smistare)
DEBUG    | 2026-06-29 17:24:58,043 | FolderBuilder | Smistato strutturato: LI-ROSIGNANO MARITTIMO-98-29-AB.pdf -> Campo AGRO 9
DEBUG    | 2026-06-29 17:24:58,048 | FolderBuilder | Smistato strutturato: LI-ROSIGNANO MARITTIMO-98-142-AA.pdf -> Campo AGRO 9
DEBUG    | 2026-06-29 17:24:58,051 | FolderBuilder | Smistato strutturato: LI-ROSIGNANO MARITTIMO-98-142-AA.pdf -> Campo AGRO 9\opere di invarianza idraulica
DEBUG    | 2026-06-29 17:24:58,055 | FolderBuilder | Smistato strutturato: LI-ROSIGNANO MARITTIMO-98-142-AA.pdf -> Campo AGRO 9\cancelli ingresso
DEBUG    | 2026-06-29 17:24:58,057 | FolderBuilder | Smistato strutturato: LI-ROSIGNANO MARITTIMO-98-142-AA.pdf -> Campo AGRO 9\cabine
DEBUG    | 2026-06-29 17:24:58,063 | FolderBuilder | Smistato strutturato: LI-ROSIGNANO MARITTIMO-98-142-AB.pdf -> Campo AGRO 9
DEBUG    | 2026-06-29 17:24:58,068 | FolderBuilder | Smistato strutturato: LI-ROSIGNANO MARITTIMO-98-142-AB.pdf -> Campo AGRO 9\opere di invarianza idraulica
DEBUG    | 2026-06-29 17:24:58,071 | FolderBuilder | Smistato strutturato: LI-ROSIGNANO MARITTIMO-98-142-AB.pdf -> Campo AGRO 9\strade accesso esistenti
DEBUG    | 2026-06-29 17:24:58,074 | FolderBuilder | Smistato strutturato: LI-ROSIGNANO MARITTIMO-98-142-AB.pdf -> Campo AGRO 9\opere accessorie di invarianza idraulica
WARNING  | 2026-06-29 17:24:58,074 | FolderBuilder | File PDF non trovato in cache per la chiave: ROSIGNANO MARITTIMO_98_31_AA_NCT (Impossibile smistare)
DEBUG    | 2026-06-29 17:24:58,080 | FolderBuilder | Smistato strutturato: LI-ROSIGNANO MARITTIMO-98-31-AB.pdf -> Campo AGRO 9
DEBUG    | 2026-06-29 17:24:58,085 | FolderBuilder | Smistato strutturato: LI-ROSIGNANO MARITTIMO-98-144.pdf -> Campo AGRO 9
DEBUG    | 2026-06-29 17:24:58,088 | FolderBuilder | Smistato strutturato: LI-ROSIGNANO MARITTIMO-98-144.pdf -> Campo AGRO 9\opere accessorie di invarianza idraulica
DEBUG    | 2026-06-29 17:24:58,090 | FolderBuilder | Smistato strutturato: LI-ROSIGNANO MARITTIMO-98-144.pdf -> Campo AGRO 9\strade accesso esistenti
DEBUG    | 2026-06-29 17:24:58,097 | FolderBuilder | Smistato strutturato: LI-ROSIGNANO MARITTIMO-98-144.pdf -> Campo AGRO 9\cancelli ingresso
DEBUG    | 2026-06-29 17:24:58,101 | FolderBuilder | Smistato strutturato: LI-ROSIGNANO MARITTIMO-98-144.pdf -> Campo AGRO 9\stradelle in progetto esterne impianto
DEBUG    | 2026-06-29 17:24:58,104 | FolderBuilder | Smistato strutturato: LI-ROSIGNANO MARITTIMO-98-144.pdf -> Campo AGRO 9\opere di invarianza idraulica
DEBUG    | 2026-06-29 17:24:58,107 | FolderBuilder | Smistato strutturato: LI-ROSIGNANO MARITTIMO-98-32.pdf -> Campo AGRO 9
DEBUG    | 2026-06-29 17:24:58,112 | FolderBuilder | Smistato strutturato: LI-ROSIGNANO MARITTIMO-98-114.pdf -> Campo FV 8
DEBUG    | 2026-06-29 17:24:58,116 | FolderBuilder | Smistato strutturato: LI-ROSIGNANO MARITTIMO-98-114.pdf -> Campo FV 8\opere accessorie di invarianza idraulica
DEBUG    | 2026-06-29 17:24:58,119 | FolderBuilder | Smistato strutturato: LI-ROSIGNANO MARITTIMO-98-114.pdf -> Campo FV 8\cabine
DEBUG    | 2026-06-29 17:24:58,122 | FolderBuilder | Smistato strutturato: LI-ROSIGNANO MARITTIMO-98-114.pdf -> Campo FV 8\strade accesso esistenti
DEBUG    | 2026-06-29 17:24:58,125 | FolderBuilder | Smistato strutturato: LI-ROSIGNANO MARITTIMO-98-114.pdf -> Campo FV 8\opere di invarianza idraulica
DEBUG    | 2026-06-29 17:24:58,128 | FolderBuilder | Smistato strutturato: LI-ROSIGNANO MARITTIMO-98-146.pdf -> Campo FV 8
DEBUG    | 2026-06-29 17:24:58,131 | FolderBuilder | Smistato strutturato: LI-ROSIGNANO MARITTIMO-98-146.pdf -> Campo FV 8\cabine
DEBUG    | 2026-06-29 17:24:58,134 | FolderBuilder | Smistato strutturato: LI-ROSIGNANO MARITTIMO-98-146.pdf -> Campo FV 8\strade accesso esistenti
DEBUG    | 2026-06-29 17:24:58,136 | FolderBuilder | Smistato strutturato: LI-ROSIGNANO MARITTIMO-98-146.pdf -> Campo FV 8\cancelli ingresso
DEBUG    | 2026-06-29 17:24:58,139 | FolderBuilder | Smistato strutturato: LI-ROSIGNANO MARITTIMO-98-146.pdf -> Campo FV 8\stradelle in progetto esterne impianto
DEBUG    | 2026-06-29 17:24:58,142 | FolderBuilder | Smistato strutturato: LI-ROSIGNANO MARITTIMO-98-146.pdf -> Campo FV 8\opere di invarianza idraulica
WARNING  | 2026-06-29 17:24:58,142 | FolderBuilder | File PDF non trovato in cache per la chiave: ROSIGNANO MARITTIMO_98_168_NCT (Impossibile smistare)
DEBUG    | 2026-06-29 17:24:58,147 | FolderBuilder | Smistato strutturato: LI-ROSIGNANO MARITTIMO-98-118.pdf -> Campo FV 8
DEBUG    | 2026-06-29 17:24:58,150 | FolderBuilder | Smistato strutturato: LI-ROSIGNANO MARITTIMO-98-118.pdf -> Campo FV 8\stradelle in progetto esterne impianto
DEBUG    | 2026-06-29 17:24:58,154 | FolderBuilder | Smistato strutturato: LI-ROSIGNANO MARITTIMO-81-1138.pdf -> Campo FV 13
DEBUG    | 2026-06-29 17:24:58,157 | FolderBuilder | Smistato strutturato: LI-ROSIGNANO MARITTIMO-81-1138.pdf -> Campo FV 13\strade accesso esistenti
DEBUG    | 2026-06-29 17:24:58,164 | FolderBuilder | Smistato strutturato: LI-ROSIGNANO MARITTIMO-81-1138.pdf -> Campo FV 13\stradelle in progetto esterne impianto
DEBUG    | 2026-06-29 17:24:58,168 | FolderBuilder | Smistato strutturato: LI-ROSIGNANO MARITTIMO-81-1143.pdf -> Campo FV 13
DEBUG    | 2026-06-29 17:24:58,171 | FolderBuilder | Smistato strutturato: LI-ROSIGNANO MARITTIMO-81-1143.pdf -> Campo FV 13\strade accesso esistenti
DEBUG    | 2026-06-29 17:24:58,174 | FolderBuilder | Smistato strutturato: LI-ROSIGNANO MARITTIMO-81-1143.pdf -> Campo FV 13\opere accessorie di invarianza idraulica
DEBUG    | 2026-06-29 17:24:58,180 | FolderBuilder | Smistato strutturato: LI-ROSIGNANO MARITTIMO-86-673.pdf -> Campo FV 14
DEBUG    | 2026-06-29 17:24:58,183 | FolderBuilder | Smistato strutturato: LI-ROSIGNANO MARITTIMO-86-673.pdf -> Campo FV 14\strade accesso esistenti
DEBUG    | 2026-06-29 17:24:58,187 | FolderBuilder | Smistato strutturato: LI-ROSIGNANO MARITTIMO-86-50.pdf -> Campo FV 14
DEBUG    | 2026-06-29 17:24:58,191 | FolderBuilder | Smistato strutturato: LI-ROSIGNANO MARITTIMO-86-49.pdf -> Campo FV 14
DEBUG    | 2026-06-29 17:24:58,197 | FolderBuilder | Smistato strutturato: LI-ROSIGNANO MARITTIMO-86-49.pdf -> Campo FV 14\strade accesso esistenti
DEBUG    | 2026-06-29 17:24:58,201 | FolderBuilder | Smistato strutturato: LI-ROSIGNANO MARITTIMO-86-35.pdf -> Campo FV 14
DEBUG    | 2026-06-29 17:24:58,204 | FolderBuilder | Smistato strutturato: LI-ROSIGNANO MARITTIMO-86-35.pdf -> Campo FV 14\strade accesso esistenti
DEBUG    | 2026-06-29 17:24:58,208 | FolderBuilder | Smistato strutturato: LI-ROSIGNANO MARITTIMO-86-543.pdf -> Campo FV 14
DEBUG    | 2026-06-29 17:24:58,212 | FolderBuilder | Smistato strutturato: LI-ROSIGNANO MARITTIMO-86-543.pdf -> Campo FV 14\strade accesso esistenti
DEBUG    | 2026-06-29 17:24:58,216 | FolderBuilder | Smistato strutturato: LI-ROSIGNANO MARITTIMO-86-581.pdf -> Campo FV 14
DEBUG    | 2026-06-29 17:24:58,219 | FolderBuilder | Smistato strutturato: LI-ROSIGNANO MARITTIMO-86-581.pdf -> Campo FV 14\strade accesso esistenti
DEBUG    | 2026-06-29 17:24:58,222 | FolderBuilder | Smistato strutturato: LI-ROSIGNANO MARITTIMO-86-584-610.pdf -> Campo FV 14
DEBUG    | 2026-06-29 17:24:58,227 | FolderBuilder | Smistato strutturato: LI-ROSIGNANO MARITTIMO-86-589-AA.pdf -> Campo FV 14
DEBUG    | 2026-06-29 17:24:58,230 | FolderBuilder | Smistato strutturato: LI-ROSIGNANO MARITTIMO-86-589-AB.pdf -> Campo FV 14
DEBUG    | 2026-06-29 17:24:58,233 | FolderBuilder | Smistato strutturato: LI-ROSIGNANO MARITTIMO-86-589-AB.pdf -> Campo FV 14\strade accesso esistenti
DEBUG    | 2026-06-29 17:24:58,237 | FolderBuilder | Smistato strutturato: LI-ROSIGNANO MARITTIMO-86-44.pdf -> Campo FV 14
DEBUG    | 2026-06-29 17:24:58,242 | FolderBuilder | Smistato strutturato: LI-ROSIGNANO MARITTIMO-86-583.pdf -> Campo FV 14
DEBUG    | 2026-06-29 17:24:58,246 | FolderBuilder | Smistato strutturato: LI-ROSIGNANO MARITTIMO-86-583.pdf -> Campo FV 14\cabine
DEBUG    | 2026-06-29 17:24:58,250 | FolderBuilder | Smistato strutturato: LI-ROSIGNANO MARITTIMO-86-907.pdf -> Campo FV 14
DEBUG    | 2026-06-29 17:24:58,253 | FolderBuilder | Smistato strutturato: LI-ROSIGNANO MARITTIMO-86-907.pdf -> Campo FV 14\strade accesso esistenti
WARNING  | 2026-06-29 17:24:58,253 | FolderBuilder | File PDF non trovato in cache per la chiave: ROSIGNANO MARITTIMO_86_908_NCT (Impossibile smistare)
DEBUG    | 2026-06-29 17:24:58,258 | FolderBuilder | Smistato strutturato: LI-ROSIGNANO MARITTIMO-86-797.pdf -> Campo FV 14
DEBUG    | 2026-06-29 17:24:58,262 | FolderBuilder | Smistato strutturato: LI-ROSIGNANO MARITTIMO-86-797.pdf -> Campo FV 14\strade accesso esistenti
DEBUG    | 2026-06-29 17:24:58,268 | FolderBuilder | Smistato strutturato: LI-ROSIGNANO MARITTIMO-86-120.pdf -> Campo FV 14
DEBUG    | 2026-06-29 17:24:58,272 | FolderBuilder | Smistato strutturato: LI-ROSIGNANO MARITTIMO-86-798.pdf -> Campo FV 14
DEBUG    | 2026-06-29 17:24:58,279 | FolderBuilder | Smistato strutturato: LI-ROSIGNANO MARITTIMO-86-798.pdf -> Campo FV 14\strade accesso esistenti
DEBUG    | 2026-06-29 17:24:58,285 | FolderBuilder | Smistato strutturato: LI-ROSIGNANO MARITTIMO-86-111.pdf -> Campo FV 14
WARNING  | 2026-06-29 17:24:58,285 | FolderBuilder | File PDF non trovato in cache per la chiave: ROSIGNANO MARITTIMO_86_107_NCT (Impossibile smistare)
WARNING  | 2026-06-29 17:24:58,286 | FolderBuilder | File PDF non trovato in cache per la chiave: ROSIGNANO MARITTIMO_86_63_617_NCF (Impossibile smistare)
WARNING  | 2026-06-29 17:24:58,294 | FolderBuilder | File PDF non trovato in cache per la chiave: ROSIGNANO MARITTIMO_86_913_601_NCF (Impossibile smistare)
WARNING  | 2026-06-29 17:24:58,301 | FolderBuilder | File PDF non trovato in cache per la chiave: ROSIGNANO MARITTIMO_91_337_601_NCF (Impossibile smistare)
WARNING  | 2026-06-29 17:24:58,302 | FolderBuilder | File PDF non trovato in cache per la chiave: ROSIGNANO MARITTIMO_91_179_612_NCF (Impossibile smistare)
WARNING  | 2026-06-29 17:24:58,304 | FolderBuilder | File PDF non trovato in cache per la chiave: ROSIGNANO MARITTIMO_91_179_613_NCF (Impossibile smistare)
WARNING  | 2026-06-29 17:24:58,305 | FolderBuilder | File PDF non trovato in cache per la chiave: ROSIGNANO MARITTIMO_91_179_614_NCF (Impossibile smistare)
WARNING  | 2026-06-29 17:24:58,306 | FolderBuilder | File PDF non trovato in cache per la chiave: ROSIGNANO MARITTIMO_91_179_608_NCF (Impossibile smistare)
WARNING  | 2026-06-29 17:24:58,313 | FolderBuilder | File PDF non trovato in cache per la chiave: ROSIGNANO MARITTIMO_91_81_605_NCF (Impossibile smistare)
WARNING  | 2026-06-29 17:24:58,315 | FolderBuilder | File PDF non trovato in cache per la chiave: ROSIGNANO MARITTIMO_91_81_625_NCF (Impossibile smistare)
WARNING  | 2026-06-29 17:24:58,316 | FolderBuilder | File PDF non trovato in cache per la chiave: ROSIGNANO MARITTIMO_91_314_NCT (Impossibile smistare)
WARNING  | 2026-06-29 17:24:58,317 | FolderBuilder | File PDF non trovato in cache per la chiave: ROSIGNANO MARITTIMO_91_291_610_NCT (Impossibile smistare)
WARNING  | 2026-06-29 17:24:58,319 | FolderBuilder | File PDF non trovato in cache per la chiave: ROSIGNANO MARITTIMO_85_3_NCF (Impossibile smistare)
WARNING  | 2026-06-29 17:24:58,320 | FolderBuilder | File PDF non trovato in cache per la chiave: ROSIGNANO MARITTIMO_90_69_NCT (Impossibile smistare)
WARNING  | 2026-06-29 17:24:58,321 | FolderBuilder | File PDF non trovato in cache per la chiave: ROSIGNANO MARITTIMO_92_46_NCT (Impossibile smistare)
WARNING  | 2026-06-29 17:24:58,322 | FolderBuilder | File PDF non trovato in cache per la chiave: ROSIGNANO MARITTIMO_92_45_NCT (Impossibile smistare)
WARNING  | 2026-06-29 17:24:58,323 | FolderBuilder | File PDF non trovato in cache per la chiave: ROSIGNANO MARITTIMO_92_26_NCT (Impossibile smistare)
WARNING  | 2026-06-29 17:24:58,325 | FolderBuilder | File PDF non trovato in cache per la chiave: ROSIGNANO MARITTIMO_92_22_NCT (Impossibile smistare)
WARNING  | 2026-06-29 17:24:58,326 | FolderBuilder | File PDF non trovato in cache per la chiave: ROSIGNANO MARITTIMO_98_56_NCF (Impossibile smistare)
DEBUG    | 2026-06-29 17:24:58,333 | FolderBuilder | Smistato strutturato: LI-ROSIGNANO MARITTIMO-98-19.pdf -> Campo FV 8
DEBUG    | 2026-06-29 17:24:58,337 | FolderBuilder | Smistato strutturato: LI-ROSIGNANO MARITTIMO-98-19.pdf -> Campo FV 8\strade accesso esistenti
DEBUG    | 2026-06-29 17:24:58,340 | FolderBuilder | Smistato strutturato: LI-ROSIGNANO MARITTIMO-98-19.pdf -> Campo FV 8\opere accessorie di invarianza idraulica
WARNING  | 2026-06-29 17:24:58,340 | FolderBuilder | File PDF non trovato in cache per la chiave: ROSIGNANO MARITTIMO_98_102_NCF (Impossibile smistare)
WARNING  | 2026-06-29 17:24:58,341 | FolderBuilder | File PDF non trovato in cache per la chiave: ROSIGNANO MARITTIMO_98_80_601_NCF (Impossibile smistare)
DEBUG    | 2026-06-29 17:24:58,350 | FolderBuilder | Smistato strutturato: LI-ROSIGNANO MARITTIMO-98-95.pdf -> Campo FV 8
WARNING  | 2026-06-29 17:24:58,350 | FolderBuilder | File PDF non trovato in cache per la chiave: ROSIGNANO MARITTIMO_90_25_602_NCF (Impossibile smistare)
WARNING  | 2026-06-29 17:24:58,352 | FolderBuilder | File PDF non trovato in cache per la chiave: ROSIGNANO MARITTIMO_86_540_NCF (Impossibile smistare)
DEBUG    | 2026-06-29 17:24:58,359 | FolderBuilder | Smistato strutturato: LI-ROSIGNANO MARITTIMO-86-591.pdf -> Campo FV 14\strade accesso esistenti
WARNING  | 2026-06-29 17:24:58,359 | FolderBuilder | File PDF non trovato in cache per la chiave: ROSIGNANO MARITTIMO_86_594_NCF (Impossibile smistare)
WARNING  | 2026-06-29 17:24:58,363 | FolderBuilder | File PDF non trovato in cache per la chiave: ROSIGNANO MARITTIMO_86_597_NCT (Impossibile smistare)
DEBUG    | 2026-06-29 17:24:58,375 | FolderBuilder | Smistato strutturato: LI-ROSIGNANO MARITTIMO-86-599.pdf -> Campo FV 14\strade accesso esistenti
DEBUG    | 2026-06-29 17:24:58,384 | FolderBuilder | Smistato strutturato: LI-ROSIGNANO MARITTIMO-86-794.pdf -> Campo FV 14\strade accesso esistenti
WARNING  | 2026-06-29 17:24:58,385 | FolderBuilder | File PDF non trovato in cache per la chiave: ROSIGNANO MARITTIMO_86_544_NCT (Impossibile smistare)
WARNING  | 2026-06-29 17:24:58,385 | FolderBuilder | File PDF non trovato in cache per la chiave: ROSIGNANO MARITTIMO_86_545_NCT (Impossibile smistare)
DEBUG    | 2026-06-29 17:24:58,411 | FolderBuilder | Smistato strutturato: LI-ROSIGNANO MARITTIMO-86-550.pdf -> Campo FV 14\strade accesso esistenti
DEBUG    | 2026-06-29 17:24:58,422 | FolderBuilder | Smistato strutturato: LI-ROSIGNANO MARITTIMO-86-520.pdf -> Campo FV 14\strade accesso esistenti
DEBUG    | 2026-06-29 17:24:58,431 | FolderBuilder | Smistato strutturato: LI-ROSIGNANO MARITTIMO-86-521.pdf -> Campo FV 14\strade accesso esistenti
WARNING  | 2026-06-29 17:24:58,431 | FolderBuilder | File PDF non trovato in cache per la chiave: ROSIGNANO MARITTIMO_86_604_NCF (Impossibile smistare)
WARNING  | 2026-06-29 17:24:58,432 | FolderBuilder | File PDF non trovato in cache per la chiave: ROSIGNANO MARITTIMO_98_117_AA_NCT (Impossibile smistare)
WARNING  | 2026-06-29 17:24:58,433 | FolderBuilder | File PDF non trovato in cache per la chiave: ROSIGNANO MARITTIMO_98_117_AB_NCT (Impossibile smistare)
INFO     | 2026-06-29 17:24:58,434 | FolderBuilder | Smistamento completato. Effettuate 333 copie conformi nel nuovo layout d'impianto.
INFO     | 2026-06-29 17:24:58,444 | Reporters    | Avvio generazione del report unificato delle eccezioni...
INFO     | 2026-06-29 17:24:59,102 | Reporters    | ✅ Report delle eccezioni salvato con successo in: report_eccezioni_20260629_172458.xlsx
INFO     | 2026-06-29 17:24:59,103 | Reporters    |    📊 Riepilogo anomalie -> Totale: 65
INFO     | 2026-06-29 17:24:59,109 | Orchestrator | ============================================================
INFO     | 2026-06-29 17:24:59,118 | Orchestrator |          Workflow terminato. Risorse salvate e consolidate!
INFO     | 2026-06-29 17:24:59,122 | Orchestrator | ============================================================
